image_path,label,source,font
generated/images/Caveat-Bold/digit/0/0001.png,0,font,Caveat-Bold
generated/images/Caveat-Bold/digit/0/0002.png,0,font,Caveat-Bold
generated/images/Caveat-Bold/digit/0/0003.png,0,font,Caveat-Bold
generated/images/Caveat-Bold/digit/0/0004.png,0,font,Caveat-Bold
generated/images/Caveat-Bold/digit/0/0005.png,0,font,Caveat-Bold
generated/images/Caveat-Bold/digit/0/0006.png,0,font,Caveat-Bold
generated/images/Caveat-Bold/digit/0/0007.png,0,font,Caveat-Bold
generated/images/Caveat-Bold/digit/0/0008.png,0,font,Caveat-Bold
generated/images/Caveat-Bold/digit/0/0009.png,0,font,Caveat-Bold
generated/images/Caveat-Bold/digit/0/0010.png,0,font,Caveat-Bold
generated/images/Caveat-Bold/digit/1/0001.png,1,font,Caveat-Bold
generated/images/Caveat-Bold/digit/1/0002.png,1,font,Caveat-Bold
generated/images/Caveat-Bold/digit/1/0003.png,1,font,Caveat-Bold
generated/images/Caveat-Bold/digit/1/0004.png,1,font,Caveat-Bold
generated/images/Caveat-Bold/digit/1/0005.png,1,font,Caveat-Bold
generated/images/Caveat-Bold/digit/1/0006.png,1,font,Caveat-Bold
generated/images/Caveat-Bold/digit/1/0007.png,1,font,Caveat-Bold
generated/images/Caveat-Bold/digit/1/0008.png,1,font,Caveat-Bold
generated/images/Caveat-Bold/digit/1/0009.png,1,font,Caveat-Bold
generated/images/Caveat-Bold/digit/1/0010.png,1,font,Caveat-Bold
generated/images/Caveat-Bold/digit/2/0001.png,2,font,Caveat-Bold
generated/images/Caveat-Bold/digit/2/0002.png,2,font,Caveat-Bold
generated/images/Caveat-Bold/digit/2/0003.png,2,font,Caveat-Bold
generated/images/Caveat-Bold/digit/2/0004.png,2,font,Caveat-Bold
generated/images/Caveat-Bold/digit/2/0005.png,2,font,Caveat-Bold
generated/images/Caveat-Bold/digit/2/0006.png,2,font,Caveat-Bold
generated/images/Caveat-Bold/digit/2/0007.png,2,font,Caveat-Bold
generated/images/Caveat-Bold/digit/2/0008.png,2,font,Caveat-Bold
generated/images/Caveat-Bold/digit/2/0009.png,2,font,Caveat-Bold
generated/images/Caveat-Bold/digit/2/0010.png,2,font,Caveat-Bold
generated/images/Caveat-Bold/digit/3/0001.png,3,font,Caveat-Bold
generated/images/Caveat-Bold/digit/3/0002.png,3,font,Caveat-Bold
generated/images/Caveat-Bold/digit/3/0003.png,3,font,Caveat-Bold
generated/images/Caveat-Bold/digit/3/0004.png,3,font,Caveat-Bold
generated/images/Caveat-Bold/digit/3/0005.png,3,font,Caveat-Bold
generated/images/Caveat-Bold/digit/3/0006.png,3,font,Caveat-Bold
generated/images/Caveat-Bold/digit/3/0007.png,3,font,Caveat-Bold
generated/images/Caveat-Bold/digit/3/0008.png,3,font,Caveat-Bold
generated/images/Caveat-Bold/digit/3/0009.png,3,font,Caveat-Bold
generated/images/Caveat-Bold/digit/3/0010.png,3,font,Caveat-Bold
generated/images/Caveat-Bold/digit/4/0001.png,4,font,Caveat-Bold
generated/images/Caveat-Bold/digit/4/0002.png,4,font,Caveat-Bold
generated/images/Caveat-Bold/digit/4/0003.png,4,font,Caveat-Bold
generated/images/Caveat-Bold/digit/4/0004.png,4,font,Caveat-Bold
generated/images/Caveat-Bold/digit/4/0005.png,4,font,Caveat-Bold
generated/images/Caveat-Bold/digit/4/0006.png,4,font,Caveat-Bold
generated/images/Caveat-Bold/digit/4/0007.png,4,font,Caveat-Bold
generated/images/Caveat-Bold/digit/4/0008.png,4,font,Caveat-Bold
generated/images/Caveat-Bold/digit/4/0009.png,4,font,Caveat-Bold
generated/images/Caveat-Bold/digit/4/0010.png,4,font,Caveat-Bold
generated/images/Caveat-Bold/digit/5/0001.png,5,font,Caveat-Bold
generated/images/Caveat-Bold/digit/5/0002.png,5,font,Caveat-Bold
generated/images/Caveat-Bold/digit/5/0003.png,5,font,Caveat-Bold
generated/images/Caveat-Bold/digit/5/0004.png,5,font,Caveat-Bold
generated/images/Caveat-Bold/digit/5/0005.png,5,font,Caveat-Bold
generated/images/Caveat-Bold/digit/5/0006.png,5,font,Caveat-Bold
generated/images/Caveat-Bold/digit/5/0007.png,5,font,Caveat-Bold
generated/images/Caveat-Bold/digit/5/0008.png,5,font,Caveat-Bold
generated/images/Caveat-Bold/digit/5/0009.png,5,font,Caveat-Bold
generated/images/Caveat-Bold/digit/5/0010.png,5,font,Caveat-Bold
generated/images/Caveat-Bold/digit/6/0001.png,6,font,Caveat-Bold
generated/images/Caveat-Bold/digit/6/0002.png,6,font,Caveat-Bold
generated/images/Caveat-Bold/digit/6/0003.png,6,font,Caveat-Bold
generated/images/Caveat-Bold/digit/6/0004.png,6,font,Caveat-Bold
generated/images/Caveat-Bold/digit/6/0005.png,6,font,Caveat-Bold
generated/images/Caveat-Bold/digit/6/0006.png,6,font,Caveat-Bold
generated/images/Caveat-Bold/digit/6/0007.png,6,font,Caveat-Bold
generated/images/Caveat-Bold/digit/6/0008.png,6,font,Caveat-Bold
generated/images/Caveat-Bold/digit/6/0009.png,6,font,Caveat-Bold
generated/images/Caveat-Bold/digit/6/0010.png,6,font,Caveat-Bold
generated/images/Caveat-Bold/digit/7/0001.png,7,font,Caveat-Bold
generated/images/Caveat-Bold/digit/7/0002.png,7,font,Caveat-Bold
generated/images/Caveat-Bold/digit/7/0003.png,7,font,Caveat-Bold
generated/images/Caveat-Bold/digit/7/0004.png,7,font,Caveat-Bold
generated/images/Caveat-Bold/digit/7/0005.png,7,font,Caveat-Bold
generated/images/Caveat-Bold/digit/7/0006.png,7,font,Caveat-Bold
generated/images/Caveat-Bold/digit/7/0007.png,7,font,Caveat-Bold
generated/images/Caveat-Bold/digit/7/0008.png,7,font,Caveat-Bold
generated/images/Caveat-Bold/digit/7/0009.png,7,font,Caveat-Bold
generated/images/Caveat-Bold/digit/7/0010.png,7,font,Caveat-Bold
generated/images/Caveat-Bold/digit/8/0001.png,8,font,Caveat-Bold
generated/images/Caveat-Bold/digit/8/0002.png,8,font,Caveat-Bold
generated/images/Caveat-Bold/digit/8/0003.png,8,font,Caveat-Bold
generated/images/Caveat-Bold/digit/8/0004.png,8,font,Caveat-Bold
generated/images/Caveat-Bold/digit/8/0005.png,8,font,Caveat-Bold
generated/images/Caveat-Bold/digit/8/0006.png,8,font,Caveat-Bold
generated/images/Caveat-Bold/digit/8/0007.png,8,font,Caveat-Bold
generated/images/Caveat-Bold/digit/8/0008.png,8,font,Caveat-Bold
generated/images/Caveat-Bold/digit/8/0009.png,8,font,Caveat-Bold
generated/images/Caveat-Bold/digit/8/0010.png,8,font,Caveat-Bold
generated/images/Caveat-Bold/digit/9/0001.png,9,font,Caveat-Bold
generated/images/Caveat-Bold/digit/9/0002.png,9,font,Caveat-Bold
generated/images/Caveat-Bold/digit/9/0003.png,9,font,Caveat-Bold
generated/images/Caveat-Bold/digit/9/0004.png,9,font,Caveat-Bold
generated/images/Caveat-Bold/digit/9/0005.png,9,font,Caveat-Bold
generated/images/Caveat-Bold/digit/9/0006.png,9,font,Caveat-Bold
generated/images/Caveat-Bold/digit/9/0007.png,9,font,Caveat-Bold
generated/images/Caveat-Bold/digit/9/0008.png,9,font,Caveat-Bold
generated/images/Caveat-Bold/digit/9/0009.png,9,font,Caveat-Bold
generated/images/Caveat-Bold/digit/9/0010.png,9,font,Caveat-Bold
generated/images/Caveat-Bold/upper/A/0001.png,A,font,Caveat-Bold
generated/images/Caveat-Bold/upper/A/0002.png,A,font,Caveat-Bold
generated/images/Caveat-Bold/upper/A/0003.png,A,font,Caveat-Bold
generated/images/Caveat-Bold/upper/A/0004.png,A,font,Caveat-Bold
generated/images/Caveat-Bold/upper/A/0005.png,A,font,Caveat-Bold
generated/images/Caveat-Bold/upper/A/0006.png,A,font,Caveat-Bold
generated/images/Caveat-Bold/upper/A/0007.png,A,font,Caveat-Bold
generated/images/Caveat-Bold/upper/A/0008.png,A,font,Caveat-Bold
generated/images/Caveat-Bold/upper/A/0009.png,A,font,Caveat-Bold
generated/images/Caveat-Bold/upper/A/0010.png,A,font,Caveat-Bold
generated/images/Caveat-Bold/upper/B/0001.png,B,font,Caveat-Bold
generated/images/Caveat-Bold/upper/B/0002.png,B,font,Caveat-Bold
generated/images/Caveat-Bold/upper/B/0003.png,B,font,Caveat-Bold
generated/images/Caveat-Bold/upper/B/0004.png,B,font,Caveat-Bold
generated/images/Caveat-Bold/upper/B/0005.png,B,font,Caveat-Bold
generated/images/Caveat-Bold/upper/B/0006.png,B,font,Caveat-Bold
generated/images/Caveat-Bold/upper/B/0007.png,B,font,Caveat-Bold
generated/images/Caveat-Bold/upper/B/0008.png,B,font,Caveat-Bold
generated/images/Caveat-Bold/upper/B/0009.png,B,font,Caveat-Bold
generated/images/Caveat-Bold/upper/B/0010.png,B,font,Caveat-Bold
generated/images/Caveat-Bold/upper/C/0001.png,C,font,Caveat-Bold
generated/images/Caveat-Bold/upper/C/0002.png,C,font,Caveat-Bold
generated/images/Caveat-Bold/upper/C/0003.png,C,font,Caveat-Bold
generated/images/Caveat-Bold/upper/C/0004.png,C,font,Caveat-Bold
generated/images/Caveat-Bold/upper/C/0005.png,C,font,Caveat-Bold
generated/images/Caveat-Bold/upper/C/0006.png,C,font,Caveat-Bold
generated/images/Caveat-Bold/upper/C/0007.png,C,font,Caveat-Bold
generated/images/Caveat-Bold/upper/C/0008.png,C,font,Caveat-Bold
generated/images/Caveat-Bold/upper/C/0009.png,C,font,Caveat-Bold
generated/images/Caveat-Bold/upper/C/0010.png,C,font,Caveat-Bold
generated/images/Caveat-Bold/upper/D/0001.png,D,font,Caveat-Bold
generated/images/Caveat-Bold/upper/D/0002.png,D,font,Caveat-Bold
generated/images/Caveat-Bold/upper/D/0003.png,D,font,Caveat-Bold
generated/images/Caveat-Bold/upper/D/0004.png,D,font,Caveat-Bold
generated/images/Caveat-Bold/upper/D/0005.png,D,font,Caveat-Bold
generated/images/Caveat-Bold/upper/D/0006.png,D,font,Caveat-Bold
generated/images/Caveat-Bold/upper/D/0007.png,D,font,Caveat-Bold
generated/images/Caveat-Bold/upper/D/0008.png,D,font,Caveat-Bold
generated/images/Caveat-Bold/upper/D/0009.png,D,font,Caveat-Bold
generated/images/Caveat-Bold/upper/D/0010.png,D,font,Caveat-Bold
generated/images/Caveat-Bold/upper/E/0001.png,E,font,Caveat-Bold
generated/images/Caveat-Bold/upper/E/0002.png,E,font,Caveat-Bold
generated/images/Caveat-Bold/upper/E/0003.png,E,font,Caveat-Bold
generated/images/Caveat-Bold/upper/E/0004.png,E,font,Caveat-Bold
generated/images/Caveat-Bold/upper/E/0005.png,E,font,Caveat-Bold
generated/images/Caveat-Bold/upper/E/0006.png,E,font,Caveat-Bold
generated/images/Caveat-Bold/upper/E/0007.png,E,font,Caveat-Bold
generated/images/Caveat-Bold/upper/E/0008.png,E,font,Caveat-Bold
generated/images/Caveat-Bold/upper/E/0009.png,E,font,Caveat-Bold
generated/images/Caveat-Bold/upper/E/0010.png,E,font,Caveat-Bold
generated/images/Caveat-Bold/upper/F/0001.png,F,font,Caveat-Bold
generated/images/Caveat-Bold/upper/F/0002.png,F,font,Caveat-Bold
generated/images/Caveat-Bold/upper/F/0003.png,F,font,Caveat-Bold
generated/images/Caveat-Bold/upper/F/0004.png,F,font,Caveat-Bold
generated/images/Caveat-Bold/upper/F/0005.png,F,font,Caveat-Bold
generated/images/Caveat-Bold/upper/F/0006.png,F,font,Caveat-Bold
generated/images/Caveat-Bold/upper/F/0007.png,F,font,Caveat-Bold
generated/images/Caveat-Bold/upper/F/0008.png,F,font,Caveat-Bold
generated/images/Caveat-Bold/upper/F/0009.png,F,font,Caveat-Bold
generated/images/Caveat-Bold/upper/F/0010.png,F,font,Caveat-Bold
generated/images/Caveat-Bold/upper/G/0001.png,G,font,Caveat-Bold
generated/images/Caveat-Bold/upper/G/0002.png,G,font,Caveat-Bold
generated/images/Caveat-Bold/upper/G/0003.png,G,font,Caveat-Bold
generated/images/Caveat-Bold/upper/G/0004.png,G,font,Caveat-Bold
generated/images/Caveat-Bold/upper/G/0005.png,G,font,Caveat-Bold
generated/images/Caveat-Bold/upper/G/0006.png,G,font,Caveat-Bold
generated/images/Caveat-Bold/upper/G/0007.png,G,font,Caveat-Bold
generated/images/Caveat-Bold/upper/G/0008.png,G,font,Caveat-Bold
generated/images/Caveat-Bold/upper/G/0009.png,G,font,Caveat-Bold
generated/images/Caveat-Bold/upper/G/0010.png,G,font,Caveat-Bold
generated/images/Caveat-Bold/upper/H/0001.png,H,font,Caveat-Bold
generated/images/Caveat-Bold/upper/H/0002.png,H,font,Caveat-Bold
generated/images/Caveat-Bold/upper/H/0003.png,H,font,Caveat-Bold
generated/images/Caveat-Bold/upper/H/0004.png,H,font,Caveat-Bold
generated/images/Caveat-Bold/upper/H/0005.png,H,font,Caveat-Bold
generated/images/Caveat-Bold/upper/H/0006.png,H,font,Caveat-Bold
generated/images/Caveat-Bold/upper/H/0007.png,H,font,Caveat-Bold
generated/images/Caveat-Bold/upper/H/0008.png,H,font,Caveat-Bold
generated/images/Caveat-Bold/upper/H/0009.png,H,font,Caveat-Bold
generated/images/Caveat-Bold/upper/H/0010.png,H,font,Caveat-Bold
generated/images/Caveat-Bold/upper/I/0001.png,I,font,Caveat-Bold
generated/images/Caveat-Bold/upper/I/0002.png,I,font,Caveat-Bold
generated/images/Caveat-Bold/upper/I/0003.png,I,font,Caveat-Bold
generated/images/Caveat-Bold/upper/I/0004.png,I,font,Caveat-Bold
generated/images/Caveat-Bold/upper/I/0005.png,I,font,Caveat-Bold
generated/images/Caveat-Bold/upper/I/0006.png,I,font,Caveat-Bold
generated/images/Caveat-Bold/upper/I/0007.png,I,font,Caveat-Bold
generated/images/Caveat-Bold/upper/I/0008.png,I,font,Caveat-Bold
generated/images/Caveat-Bold/upper/I/0009.png,I,font,Caveat-Bold
generated/images/Caveat-Bold/upper/I/0010.png,I,font,Caveat-Bold
generated/images/Caveat-Bold/upper/J/0001.png,J,font,Caveat-Bold
generated/images/Caveat-Bold/upper/J/0002.png,J,font,Caveat-Bold
generated/images/Caveat-Bold/upper/J/0003.png,J,font,Caveat-Bold
generated/images/Caveat-Bold/upper/J/0004.png,J,font,Caveat-Bold
generated/images/Caveat-Bold/upper/J/0005.png,J,font,Caveat-Bold
generated/images/Caveat-Bold/upper/J/0006.png,J,font,Caveat-Bold
generated/images/Caveat-Bold/upper/J/0007.png,J,font,Caveat-Bold
generated/images/Caveat-Bold/upper/J/0008.png,J,font,Caveat-Bold
generated/images/Caveat-Bold/upper/J/0009.png,J,font,Caveat-Bold
generated/images/Caveat-Bold/upper/J/0010.png,J,font,Caveat-Bold
generated/images/Caveat-Bold/upper/K/0001.png,K,font,Caveat-Bold
generated/images/Caveat-Bold/upper/K/0002.png,K,font,Caveat-Bold
generated/images/Caveat-Bold/upper/K/0003.png,K,font,Caveat-Bold
generated/images/Caveat-Bold/upper/K/0004.png,K,font,Caveat-Bold
generated/images/Caveat-Bold/upper/K/0005.png,K,font,Caveat-Bold
generated/images/Caveat-Bold/upper/K/0006.png,K,font,Caveat-Bold
generated/images/Caveat-Bold/upper/K/0007.png,K,font,Caveat-Bold
generated/images/Caveat-Bold/upper/K/0008.png,K,font,Caveat-Bold
generated/images/Caveat-Bold/upper/K/0009.png,K,font,Caveat-Bold
generated/images/Caveat-Bold/upper/K/0010.png,K,font,Caveat-Bold
generated/images/Caveat-Bold/upper/L/0001.png,L,font,Caveat-Bold
generated/images/Caveat-Bold/upper/L/0002.png,L,font,Caveat-Bold
generated/images/Caveat-Bold/upper/L/0003.png,L,font,Caveat-Bold
generated/images/Caveat-Bold/upper/L/0004.png,L,font,Caveat-Bold
generated/images/Caveat-Bold/upper/L/0005.png,L,font,Caveat-Bold
generated/images/Caveat-Bold/upper/L/0006.png,L,font,Caveat-Bold
generated/images/Caveat-Bold/upper/L/0007.png,L,font,Caveat-Bold
generated/images/Caveat-Bold/upper/L/0008.png,L,font,Caveat-Bold
generated/images/Caveat-Bold/upper/L/0009.png,L,font,Caveat-Bold
generated/images/Caveat-Bold/upper/L/0010.png,L,font,Caveat-Bold
generated/images/Caveat-Bold/upper/M/0001.png,M,font,Caveat-Bold
generated/images/Caveat-Bold/upper/M/0002.png,M,font,Caveat-Bold
generated/images/Caveat-Bold/upper/M/0003.png,M,font,Caveat-Bold
generated/images/Caveat-Bold/upper/M/0004.png,M,font,Caveat-Bold
generated/images/Caveat-Bold/upper/M/0005.png,M,font,Caveat-Bold
generated/images/Caveat-Bold/upper/M/0006.png,M,font,Caveat-Bold
generated/images/Caveat-Bold/upper/M/0007.png,M,font,Caveat-Bold
generated/images/Caveat-Bold/upper/M/0008.png,M,font,Caveat-Bold
generated/images/Caveat-Bold/upper/M/0009.png,M,font,Caveat-Bold
generated/images/Caveat-Bold/upper/M/0010.png,M,font,Caveat-Bold
generated/images/Caveat-Bold/upper/N/0001.png,N,font,Caveat-Bold
generated/images/Caveat-Bold/upper/N/0002.png,N,font,Caveat-Bold
generated/images/Caveat-Bold/upper/N/0003.png,N,font,Caveat-Bold
generated/images/Caveat-Bold/upper/N/0004.png,N,font,Caveat-Bold
generated/images/Caveat-Bold/upper/N/0005.png,N,font,Caveat-Bold
generated/images/Caveat-Bold/upper/N/0006.png,N,font,Caveat-Bold
generated/images/Caveat-Bold/upper/N/0007.png,N,font,Caveat-Bold
generated/images/Caveat-Bold/upper/N/0008.png,N,font,Caveat-Bold
generated/images/Caveat-Bold/upper/N/0009.png,N,font,Caveat-Bold
generated/images/Caveat-Bold/upper/N/0010.png,N,font,Caveat-Bold
generated/images/Caveat-Bold/upper/O/0001.png,O,font,Caveat-Bold
generated/images/Caveat-Bold/upper/O/0002.png,O,font,Caveat-Bold
generated/images/Caveat-Bold/upper/O/0003.png,O,font,Caveat-Bold
generated/images/Caveat-Bold/upper/O/0004.png,O,font,Caveat-Bold
generated/images/Caveat-Bold/upper/O/0005.png,O,font,Caveat-Bold
generated/images/Caveat-Bold/upper/O/0006.png,O,font,Caveat-Bold
generated/images/Caveat-Bold/upper/O/0007.png,O,font,Caveat-Bold
generated/images/Caveat-Bold/upper/O/0008.png,O,font,Caveat-Bold
generated/images/Caveat-Bold/upper/O/0009.png,O,font,Caveat-Bold
generated/images/Caveat-Bold/upper/O/0010.png,O,font,Caveat-Bold
generated/images/Caveat-Bold/upper/P/0001.png,P,font,Caveat-Bold
generated/images/Caveat-Bold/upper/P/0002.png,P,font,Caveat-Bold
generated/images/Caveat-Bold/upper/P/0003.png,P,font,Caveat-Bold
generated/images/Caveat-Bold/upper/P/0004.png,P,font,Caveat-Bold
generated/images/Caveat-Bold/upper/P/0005.png,P,font,Caveat-Bold
generated/images/Caveat-Bold/upper/P/0006.png,P,font,Caveat-Bold
generated/images/Caveat-Bold/upper/P/0007.png,P,font,Caveat-Bold
generated/images/Caveat-Bold/upper/P/0008.png,P,font,Caveat-Bold
generated/images/Caveat-Bold/upper/P/0009.png,P,font,Caveat-Bold
generated/images/Caveat-Bold/upper/P/0010.png,P,font,Caveat-Bold
generated/images/Caveat-Bold/upper/Q/0001.png,Q,font,Caveat-Bold
generated/images/Caveat-Bold/upper/Q/0002.png,Q,font,Caveat-Bold
generated/images/Caveat-Bold/upper/Q/0003.png,Q,font,Caveat-Bold
generated/images/Caveat-Bold/upper/Q/0004.png,Q,font,Caveat-Bold
generated/images/Caveat-Bold/upper/Q/0005.png,Q,font,Caveat-Bold
generated/images/Caveat-Bold/upper/Q/0006.png,Q,font,Caveat-Bold
generated/images/Caveat-Bold/upper/Q/0007.png,Q,font,Caveat-Bold
generated/images/Caveat-Bold/upper/Q/0008.png,Q,font,Caveat-Bold
generated/images/Caveat-Bold/upper/Q/0009.png,Q,font,Caveat-Bold
generated/images/Caveat-Bold/upper/Q/0010.png,Q,font,Caveat-Bold
generated/images/Caveat-Bold/upper/R/0001.png,R,font,Caveat-Bold
generated/images/Caveat-Bold/upper/R/0002.png,R,font,Caveat-Bold
generated/images/Caveat-Bold/upper/R/0003.png,R,font,Caveat-Bold
generated/images/Caveat-Bold/upper/R/0004.png,R,font,Caveat-Bold
generated/images/Caveat-Bold/upper/R/0005.png,R,font,Caveat-Bold
generated/images/Caveat-Bold/upper/R/0006.png,R,font,Caveat-Bold
generated/images/Caveat-Bold/upper/R/0007.png,R,font,Caveat-Bold
generated/images/Caveat-Bold/upper/R/0008.png,R,font,Caveat-Bold
generated/images/Caveat-Bold/upper/R/0009.png,R,font,Caveat-Bold
generated/images/Caveat-Bold/upper/R/0010.png,R,font,Caveat-Bold
generated/images/Caveat-Bold/upper/S/0001.png,S,font,Caveat-Bold
generated/images/Caveat-Bold/upper/S/0002.png,S,font,Caveat-Bold
generated/images/Caveat-Bold/upper/S/0003.png,S,font,Caveat-Bold
generated/images/Caveat-Bold/upper/S/0004.png,S,font,Caveat-Bold
generated/images/Caveat-Bold/upper/S/0005.png,S,font,Caveat-Bold
generated/images/Caveat-Bold/upper/S/0006.png,S,font,Caveat-Bold
generated/images/Caveat-Bold/upper/S/0007.png,S,font,Caveat-Bold
generated/images/Caveat-Bold/upper/S/0008.png,S,font,Caveat-Bold
generated/images/Caveat-Bold/upper/S/0009.png,S,font,Caveat-Bold
generated/images/Caveat-Bold/upper/S/0010.png,S,font,Caveat-Bold
generated/images/Caveat-Bold/upper/T/0001.png,T,font,Caveat-Bold
generated/images/Caveat-Bold/upper/T/0002.png,T,font,Caveat-Bold
generated/images/Caveat-Bold/upper/T/0003.png,T,font,Caveat-Bold
generated/images/Caveat-Bold/upper/T/0004.png,T,font,Caveat-Bold
generated/images/Caveat-Bold/upper/T/0005.png,T,font,Caveat-Bold
generated/images/Caveat-Bold/upper/T/0006.png,T,font,Caveat-Bold
generated/images/Caveat-Bold/upper/T/0007.png,T,font,Caveat-Bold
generated/images/Caveat-Bold/upper/T/0008.png,T,font,Caveat-Bold
generated/images/Caveat-Bold/upper/T/0009.png,T,font,Caveat-Bold
generated/images/Caveat-Bold/upper/T/0010.png,T,font,Caveat-Bold
generated/images/Caveat-Bold/upper/U/0001.png,U,font,Caveat-Bold
generated/images/Caveat-Bold/upper/U/0002.png,U,font,Caveat-Bold
generated/images/Caveat-Bold/upper/U/0003.png,U,font,Caveat-Bold
generated/images/Caveat-Bold/upper/U/0004.png,U,font,Caveat-Bold
generated/images/Caveat-Bold/upper/U/0005.png,U,font,Caveat-Bold
generated/images/Caveat-Bold/upper/U/0006.png,U,font,Caveat-Bold
generated/images/Caveat-Bold/upper/U/0007.png,U,font,Caveat-Bold
generated/images/Caveat-Bold/upper/U/0008.png,U,font,Caveat-Bold
generated/images/Caveat-Bold/upper/U/0009.png,U,font,Caveat-Bold
generated/images/Caveat-Bold/upper/U/0010.png,U,font,Caveat-Bold
generated/images/Caveat-Bold/upper/V/0001.png,V,font,Caveat-Bold
generated/images/Caveat-Bold/upper/V/0002.png,V,font,Caveat-Bold
generated/images/Caveat-Bold/upper/V/0003.png,V,font,Caveat-Bold
generated/images/Caveat-Bold/upper/V/0004.png,V,font,Caveat-Bold
generated/images/Caveat-Bold/upper/V/0005.png,V,font,Caveat-Bold
generated/images/Caveat-Bold/upper/V/0006.png,V,font,Caveat-Bold
generated/images/Caveat-Bold/upper/V/0007.png,V,font,Caveat-Bold
generated/images/Caveat-Bold/upper/V/0008.png,V,font,Caveat-Bold
generated/images/Caveat-Bold/upper/V/0009.png,V,font,Caveat-Bold
generated/images/Caveat-Bold/upper/V/0010.png,V,font,Caveat-Bold
generated/images/Caveat-Bold/upper/W/0001.png,W,font,Caveat-Bold
generated/images/Caveat-Bold/upper/W/0002.png,W,font,Caveat-Bold
generated/images/Caveat-Bold/upper/W/0003.png,W,font,Caveat-Bold
generated/images/Caveat-Bold/upper/W/0004.png,W,font,Caveat-Bold
generated/images/Caveat-Bold/upper/W/0005.png,W,font,Caveat-Bold
generated/images/Caveat-Bold/upper/W/0006.png,W,font,Caveat-Bold
generated/images/Caveat-Bold/upper/W/0007.png,W,font,Caveat-Bold
generated/images/Caveat-Bold/upper/W/0008.png,W,font,Caveat-Bold
generated/images/Caveat-Bold/upper/W/0009.png,W,font,Caveat-Bold
generated/images/Caveat-Bold/upper/W/0010.png,W,font,Caveat-Bold
generated/images/Caveat-Bold/upper/X/0001.png,X,font,Caveat-Bold
generated/images/Caveat-Bold/upper/X/0002.png,X,font,Caveat-Bold
generated/images/Caveat-Bold/upper/X/0003.png,X,font,Caveat-Bold
generated/images/Caveat-Bold/upper/X/0004.png,X,font,Caveat-Bold
generated/images/Caveat-Bold/upper/X/0005.png,X,font,Caveat-Bold
generated/images/Caveat-Bold/upper/X/0006.png,X,font,Caveat-Bold
generated/images/Caveat-Bold/upper/X/0007.png,X,font,Caveat-Bold
generated/images/Caveat-Bold/upper/X/0008.png,X,font,Caveat-Bold
generated/images/Caveat-Bold/upper/X/0009.png,X,font,Caveat-Bold
generated/images/Caveat-Bold/upper/X/0010.png,X,font,Caveat-Bold
generated/images/Caveat-Bold/upper/Y/0001.png,Y,font,Caveat-Bold
generated/images/Caveat-Bold/upper/Y/0002.png,Y,font,Caveat-Bold
generated/images/Caveat-Bold/upper/Y/0003.png,Y,font,Caveat-Bold
generated/images/Caveat-Bold/upper/Y/0004.png,Y,font,Caveat-Bold
generated/images/Caveat-Bold/upper/Y/0005.png,Y,font,Caveat-Bold
generated/images/Caveat-Bold/upper/Y/0006.png,Y,font,Caveat-Bold
generated/images/Caveat-Bold/upper/Y/0007.png,Y,font,Caveat-Bold
generated/images/Caveat-Bold/upper/Y/0008.png,Y,font,Caveat-Bold
generated/images/Caveat-Bold/upper/Y/0009.png,Y,font,Caveat-Bold
generated/images/Caveat-Bold/upper/Y/0010.png,Y,font,Caveat-Bold
generated/images/Caveat-Bold/upper/Z/0001.png,Z,font,Caveat-Bold
generated/images/Caveat-Bold/upper/Z/0002.png,Z,font,Caveat-Bold
generated/images/Caveat-Bold/upper/Z/0003.png,Z,font,Caveat-Bold
generated/images/Caveat-Bold/upper/Z/0004.png,Z,font,Caveat-Bold
generated/images/Caveat-Bold/upper/Z/0005.png,Z,font,Caveat-Bold
generated/images/Caveat-Bold/upper/Z/0006.png,Z,font,Caveat-Bold
generated/images/Caveat-Bold/upper/Z/0007.png,Z,font,Caveat-Bold
generated/images/Caveat-Bold/upper/Z/0008.png,Z,font,Caveat-Bold
generated/images/Caveat-Bold/upper/Z/0009.png,Z,font,Caveat-Bold
generated/images/Caveat-Bold/upper/Z/0010.png,Z,font,Caveat-Bold
generated/images/Caveat-Bold/lower/a/0001.png,a,font,Caveat-Bold
generated/images/Caveat-Bold/lower/a/0002.png,a,font,Caveat-Bold
generated/images/Caveat-Bold/lower/a/0003.png,a,font,Caveat-Bold
generated/images/Caveat-Bold/lower/a/0004.png,a,font,Caveat-Bold
generated/images/Caveat-Bold/lower/a/0005.png,a,font,Caveat-Bold
generated/images/Caveat-Bold/lower/a/0006.png,a,font,Caveat-Bold
generated/images/Caveat-Bold/lower/a/0007.png,a,font,Caveat-Bold
generated/images/Caveat-Bold/lower/a/0008.png,a,font,Caveat-Bold
generated/images/Caveat-Bold/lower/a/0009.png,a,font,Caveat-Bold
generated/images/Caveat-Bold/lower/a/0010.png,a,font,Caveat-Bold
generated/images/Caveat-Bold/lower/b/0001.png,b,font,Caveat-Bold
generated/images/Caveat-Bold/lower/b/0002.png,b,font,Caveat-Bold
generated/images/Caveat-Bold/lower/b/0003.png,b,font,Caveat-Bold
generated/images/Caveat-Bold/lower/b/0004.png,b,font,Caveat-Bold
generated/images/Caveat-Bold/lower/b/0005.png,b,font,Caveat-Bold
generated/images/Caveat-Bold/lower/b/0006.png,b,font,Caveat-Bold
generated/images/Caveat-Bold/lower/b/0007.png,b,font,Caveat-Bold
generated/images/Caveat-Bold/lower/b/0008.png,b,font,Caveat-Bold
generated/images/Caveat-Bold/lower/b/0009.png,b,font,Caveat-Bold
generated/images/Caveat-Bold/lower/b/0010.png,b,font,Caveat-Bold
generated/images/Caveat-Bold/lower/c/0001.png,c,font,Caveat-Bold
generated/images/Caveat-Bold/lower/c/0002.png,c,font,Caveat-Bold
generated/images/Caveat-Bold/lower/c/0003.png,c,font,Caveat-Bold
generated/images/Caveat-Bold/lower/c/0004.png,c,font,Caveat-Bold
generated/images/Caveat-Bold/lower/c/0005.png,c,font,Caveat-Bold
generated/images/Caveat-Bold/lower/c/0006.png,c,font,Caveat-Bold
generated/images/Caveat-Bold/lower/c/0007.png,c,font,Caveat-Bold
generated/images/Caveat-Bold/lower/c/0008.png,c,font,Caveat-Bold
generated/images/Caveat-Bold/lower/c/0009.png,c,font,Caveat-Bold
generated/images/Caveat-Bold/lower/c/0010.png,c,font,Caveat-Bold
generated/images/Caveat-Bold/lower/d/0001.png,d,font,Caveat-Bold
generated/images/Caveat-Bold/lower/d/0002.png,d,font,Caveat-Bold
generated/images/Caveat-Bold/lower/d/0003.png,d,font,Caveat-Bold
generated/images/Caveat-Bold/lower/d/0004.png,d,font,Caveat-Bold
generated/images/Caveat-Bold/lower/d/0005.png,d,font,Caveat-Bold
generated/images/Caveat-Bold/lower/d/0006.png,d,font,Caveat-Bold
generated/images/Caveat-Bold/lower/d/0007.png,d,font,Caveat-Bold
generated/images/Caveat-Bold/lower/d/0008.png,d,font,Caveat-Bold
generated/images/Caveat-Bold/lower/d/0009.png,d,font,Caveat-Bold
generated/images/Caveat-Bold/lower/d/0010.png,d,font,Caveat-Bold
generated/images/Caveat-Bold/lower/e/0001.png,e,font,Caveat-Bold
generated/images/Caveat-Bold/lower/e/0002.png,e,font,Caveat-Bold
generated/images/Caveat-Bold/lower/e/0003.png,e,font,Caveat-Bold
generated/images/Caveat-Bold/lower/e/0004.png,e,font,Caveat-Bold
generated/images/Caveat-Bold/lower/e/0005.png,e,font,Caveat-Bold
generated/images/Caveat-Bold/lower/e/0006.png,e,font,Caveat-Bold
generated/images/Caveat-Bold/lower/e/0007.png,e,font,Caveat-Bold
generated/images/Caveat-Bold/lower/e/0008.png,e,font,Caveat-Bold
generated/images/Caveat-Bold/lower/e/0009.png,e,font,Caveat-Bold
generated/images/Caveat-Bold/lower/e/0010.png,e,font,Caveat-Bold
generated/images/Caveat-Bold/lower/f/0001.png,f,font,Caveat-Bold
generated/images/Caveat-Bold/lower/f/0002.png,f,font,Caveat-Bold
generated/images/Caveat-Bold/lower/f/0003.png,f,font,Caveat-Bold
generated/images/Caveat-Bold/lower/f/0004.png,f,font,Caveat-Bold
generated/images/Caveat-Bold/lower/f/0005.png,f,font,Caveat-Bold
generated/images/Caveat-Bold/lower/f/0006.png,f,font,Caveat-Bold
generated/images/Caveat-Bold/lower/f/0007.png,f,font,Caveat-Bold
generated/images/Caveat-Bold/lower/f/0008.png,f,font,Caveat-Bold
generated/images/Caveat-Bold/lower/f/0009.png,f,font,Caveat-Bold
generated/images/Caveat-Bold/lower/f/0010.png,f,font,Caveat-Bold
generated/images/Caveat-Bold/lower/g/0001.png,g,font,Caveat-Bold
generated/images/Caveat-Bold/lower/g/0002.png,g,font,Caveat-Bold
generated/images/Caveat-Bold/lower/g/0003.png,g,font,Caveat-Bold
generated/images/Caveat-Bold/lower/g/0004.png,g,font,Caveat-Bold
generated/images/Caveat-Bold/lower/g/0005.png,g,font,Caveat-Bold
generated/images/Caveat-Bold/lower/g/0006.png,g,font,Caveat-Bold
generated/images/Caveat-Bold/lower/g/0007.png,g,font,Caveat-Bold
generated/images/Caveat-Bold/lower/g/0008.png,g,font,Caveat-Bold
generated/images/Caveat-Bold/lower/g/0009.png,g,font,Caveat-Bold
generated/images/Caveat-Bold/lower/g/0010.png,g,font,Caveat-Bold
generated/images/Caveat-Bold/lower/h/0001.png,h,font,Caveat-Bold
generated/images/Caveat-Bold/lower/h/0002.png,h,font,Caveat-Bold
generated/images/Caveat-Bold/lower/h/0003.png,h,font,Caveat-Bold
generated/images/Caveat-Bold/lower/h/0004.png,h,font,Caveat-Bold
generated/images/Caveat-Bold/lower/h/0005.png,h,font,Caveat-Bold
generated/images/Caveat-Bold/lower/h/0006.png,h,font,Caveat-Bold
generated/images/Caveat-Bold/lower/h/0007.png,h,font,Caveat-Bold
generated/images/Caveat-Bold/lower/h/0008.png,h,font,Caveat-Bold
generated/images/Caveat-Bold/lower/h/0009.png,h,font,Caveat-Bold
generated/images/Caveat-Bold/lower/h/0010.png,h,font,Caveat-Bold
generated/images/Caveat-Bold/lower/i/0001.png,i,font,Caveat-Bold
generated/images/Caveat-Bold/lower/i/0002.png,i,font,Caveat-Bold
generated/images/Caveat-Bold/lower/i/0003.png,i,font,Caveat-Bold
generated/images/Caveat-Bold/lower/i/0004.png,i,font,Caveat-Bold
generated/images/Caveat-Bold/lower/i/0005.png,i,font,Caveat-Bold
generated/images/Caveat-Bold/lower/i/0006.png,i,font,Caveat-Bold
generated/images/Caveat-Bold/lower/i/0007.png,i,font,Caveat-Bold
generated/images/Caveat-Bold/lower/i/0008.png,i,font,Caveat-Bold
generated/images/Caveat-Bold/lower/i/0009.png,i,font,Caveat-Bold
generated/images/Caveat-Bold/lower/i/0010.png,i,font,Caveat-Bold
generated/images/Caveat-Bold/lower/j/0001.png,j,font,Caveat-Bold
generated/images/Caveat-Bold/lower/j/0002.png,j,font,Caveat-Bold
generated/images/Caveat-Bold/lower/j/0003.png,j,font,Caveat-Bold
generated/images/Caveat-Bold/lower/j/0004.png,j,font,Caveat-Bold
generated/images/Caveat-Bold/lower/j/0005.png,j,font,Caveat-Bold
generated/images/Caveat-Bold/lower/j/0006.png,j,font,Caveat-Bold
generated/images/Caveat-Bold/lower/j/0007.png,j,font,Caveat-Bold
generated/images/Caveat-Bold/lower/j/0008.png,j,font,Caveat-Bold
generated/images/Caveat-Bold/lower/j/0009.png,j,font,Caveat-Bold
generated/images/Caveat-Bold/lower/j/0010.png,j,font,Caveat-Bold
generated/images/Caveat-Bold/lower/k/0001.png,k,font,Caveat-Bold
generated/images/Caveat-Bold/lower/k/0002.png,k,font,Caveat-Bold
generated/images/Caveat-Bold/lower/k/0003.png,k,font,Caveat-Bold
generated/images/Caveat-Bold/lower/k/0004.png,k,font,Caveat-Bold
generated/images/Caveat-Bold/lower/k/0005.png,k,font,Caveat-Bold
generated/images/Caveat-Bold/lower/k/0006.png,k,font,Caveat-Bold
generated/images/Caveat-Bold/lower/k/0007.png,k,font,Caveat-Bold
generated/images/Caveat-Bold/lower/k/0008.png,k,font,Caveat-Bold
generated/images/Caveat-Bold/lower/k/0009.png,k,font,Caveat-Bold
generated/images/Caveat-Bold/lower/k/0010.png,k,font,Caveat-Bold
generated/images/Caveat-Bold/lower/l/0001.png,l,font,Caveat-Bold
generated/images/Caveat-Bold/lower/l/0002.png,l,font,Caveat-Bold
generated/images/Caveat-Bold/lower/l/0003.png,l,font,Caveat-Bold
generated/images/Caveat-Bold/lower/l/0004.png,l,font,Caveat-Bold
generated/images/Caveat-Bold/lower/l/0005.png,l,font,Caveat-Bold
generated/images/Caveat-Bold/lower/l/0006.png,l,font,Caveat-Bold
generated/images/Caveat-Bold/lower/l/0007.png,l,font,Caveat-Bold
generated/images/Caveat-Bold/lower/l/0008.png,l,font,Caveat-Bold
generated/images/Caveat-Bold/lower/l/0009.png,l,font,Caveat-Bold
generated/images/Caveat-Bold/lower/l/0010.png,l,font,Caveat-Bold
generated/images/Caveat-Bold/lower/m/0001.png,m,font,Caveat-Bold
generated/images/Caveat-Bold/lower/m/0002.png,m,font,Caveat-Bold
generated/images/Caveat-Bold/lower/m/0003.png,m,font,Caveat-Bold
generated/images/Caveat-Bold/lower/m/0004.png,m,font,Caveat-Bold
generated/images/Caveat-Bold/lower/m/0005.png,m,font,Caveat-Bold
generated/images/Caveat-Bold/lower/m/0006.png,m,font,Caveat-Bold
generated/images/Caveat-Bold/lower/m/0007.png,m,font,Caveat-Bold
generated/images/Caveat-Bold/lower/m/0008.png,m,font,Caveat-Bold
generated/images/Caveat-Bold/lower/m/0009.png,m,font,Caveat-Bold
generated/images/Caveat-Bold/lower/m/0010.png,m,font,Caveat-Bold
generated/images/Caveat-Bold/lower/n/0001.png,n,font,Caveat-Bold
generated/images/Caveat-Bold/lower/n/0002.png,n,font,Caveat-Bold
generated/images/Caveat-Bold/lower/n/0003.png,n,font,Caveat-Bold
generated/images/Caveat-Bold/lower/n/0004.png,n,font,Caveat-Bold
generated/images/Caveat-Bold/lower/n/0005.png,n,font,Caveat-Bold
generated/images/Caveat-Bold/lower/n/0006.png,n,font,Caveat-Bold
generated/images/Caveat-Bold/lower/n/0007.png,n,font,Caveat-Bold
generated/images/Caveat-Bold/lower/n/0008.png,n,font,Caveat-Bold
generated/images/Caveat-Bold/lower/n/0009.png,n,font,Caveat-Bold
generated/images/Caveat-Bold/lower/n/0010.png,n,font,Caveat-Bold
generated/images/Caveat-Bold/lower/o/0001.png,o,font,Caveat-Bold
generated/images/Caveat-Bold/lower/o/0002.png,o,font,Caveat-Bold
generated/images/Caveat-Bold/lower/o/0003.png,o,font,Caveat-Bold
generated/images/Caveat-Bold/lower/o/0004.png,o,font,Caveat-Bold
generated/images/Caveat-Bold/lower/o/0005.png,o,font,Caveat-Bold
generated/images/Caveat-Bold/lower/o/0006.png,o,font,Caveat-Bold
generated/images/Caveat-Bold/lower/o/0007.png,o,font,Caveat-Bold
generated/images/Caveat-Bold/lower/o/0008.png,o,font,Caveat-Bold
generated/images/Caveat-Bold/lower/o/0009.png,o,font,Caveat-Bold
generated/images/Caveat-Bold/lower/o/0010.png,o,font,Caveat-Bold
generated/images/Caveat-Bold/lower/p/0001.png,p,font,Caveat-Bold
generated/images/Caveat-Bold/lower/p/0002.png,p,font,Caveat-Bold
generated/images/Caveat-Bold/lower/p/0003.png,p,font,Caveat-Bold
generated/images/Caveat-Bold/lower/p/0004.png,p,font,Caveat-Bold
generated/images/Caveat-Bold/lower/p/0005.png,p,font,Caveat-Bold
generated/images/Caveat-Bold/lower/p/0006.png,p,font,Caveat-Bold
generated/images/Caveat-Bold/lower/p/0007.png,p,font,Caveat-Bold
generated/images/Caveat-Bold/lower/p/0008.png,p,font,Caveat-Bold
generated/images/Caveat-Bold/lower/p/0009.png,p,font,Caveat-Bold
generated/images/Caveat-Bold/lower/p/0010.png,p,font,Caveat-Bold
generated/images/Caveat-Bold/lower/q/0001.png,q,font,Caveat-Bold
generated/images/Caveat-Bold/lower/q/0002.png,q,font,Caveat-Bold
generated/images/Caveat-Bold/lower/q/0003.png,q,font,Caveat-Bold
generated/images/Caveat-Bold/lower/q/0004.png,q,font,Caveat-Bold
generated/images/Caveat-Bold/lower/q/0005.png,q,font,Caveat-Bold
generated/images/Caveat-Bold/lower/q/0006.png,q,font,Caveat-Bold
generated/images/Caveat-Bold/lower/q/0007.png,q,font,Caveat-Bold
generated/images/Caveat-Bold/lower/q/0008.png,q,font,Caveat-Bold
generated/images/Caveat-Bold/lower/q/0009.png,q,font,Caveat-Bold
generated/images/Caveat-Bold/lower/q/0010.png,q,font,Caveat-Bold
generated/images/Caveat-Bold/lower/r/0001.png,r,font,Caveat-Bold
generated/images/Caveat-Bold/lower/r/0002.png,r,font,Caveat-Bold
generated/images/Caveat-Bold/lower/r/0003.png,r,font,Caveat-Bold
generated/images/Caveat-Bold/lower/r/0004.png,r,font,Caveat-Bold
generated/images/Caveat-Bold/lower/r/0005.png,r,font,Caveat-Bold
generated/images/Caveat-Bold/lower/r/0006.png,r,font,Caveat-Bold
generated/images/Caveat-Bold/lower/r/0007.png,r,font,Caveat-Bold
generated/images/Caveat-Bold/lower/r/0008.png,r,font,Caveat-Bold
generated/images/Caveat-Bold/lower/r/0009.png,r,font,Caveat-Bold
generated/images/Caveat-Bold/lower/r/0010.png,r,font,Caveat-Bold
generated/images/Caveat-Bold/lower/s/0001.png,s,font,Caveat-Bold
generated/images/Caveat-Bold/lower/s/0002.png,s,font,Caveat-Bold
generated/images/Caveat-Bold/lower/s/0003.png,s,font,Caveat-Bold
generated/images/Caveat-Bold/lower/s/0004.png,s,font,Caveat-Bold
generated/images/Caveat-Bold/lower/s/0005.png,s,font,Caveat-Bold
generated/images/Caveat-Bold/lower/s/0006.png,s,font,Caveat-Bold
generated/images/Caveat-Bold/lower/s/0007.png,s,font,Caveat-Bold
generated/images/Caveat-Bold/lower/s/0008.png,s,font,Caveat-Bold
generated/images/Caveat-Bold/lower/s/0009.png,s,font,Caveat-Bold
generated/images/Caveat-Bold/lower/s/0010.png,s,font,Caveat-Bold
generated/images/Caveat-Bold/lower/t/0001.png,t,font,Caveat-Bold
generated/images/Caveat-Bold/lower/t/0002.png,t,font,Caveat-Bold
generated/images/Caveat-Bold/lower/t/0003.png,t,font,Caveat-Bold
generated/images/Caveat-Bold/lower/t/0004.png,t,font,Caveat-Bold
generated/images/Caveat-Bold/lower/t/0005.png,t,font,Caveat-Bold
generated/images/Caveat-Bold/lower/t/0006.png,t,font,Caveat-Bold
generated/images/Caveat-Bold/lower/t/0007.png,t,font,Caveat-Bold
generated/images/Caveat-Bold/lower/t/0008.png,t,font,Caveat-Bold
generated/images/Caveat-Bold/lower/t/0009.png,t,font,Caveat-Bold
generated/images/Caveat-Bold/lower/t/0010.png,t,font,Caveat-Bold
generated/images/Caveat-Bold/lower/u/0001.png,u,font,Caveat-Bold
generated/images/Caveat-Bold/lower/u/0002.png,u,font,Caveat-Bold
generated/images/Caveat-Bold/lower/u/0003.png,u,font,Caveat-Bold
generated/images/Caveat-Bold/lower/u/0004.png,u,font,Caveat-Bold
generated/images/Caveat-Bold/lower/u/0005.png,u,font,Caveat-Bold
generated/images/Caveat-Bold/lower/u/0006.png,u,font,Caveat-Bold
generated/images/Caveat-Bold/lower/u/0007.png,u,font,Caveat-Bold
generated/images/Caveat-Bold/lower/u/0008.png,u,font,Caveat-Bold
generated/images/Caveat-Bold/lower/u/0009.png,u,font,Caveat-Bold
generated/images/Caveat-Bold/lower/u/0010.png,u,font,Caveat-Bold
generated/images/Caveat-Bold/lower/v/0001.png,v,font,Caveat-Bold
generated/images/Caveat-Bold/lower/v/0002.png,v,font,Caveat-Bold
generated/images/Caveat-Bold/lower/v/0003.png,v,font,Caveat-Bold
generated/images/Caveat-Bold/lower/v/0004.png,v,font,Caveat-Bold
generated/images/Caveat-Bold/lower/v/0005.png,v,font,Caveat-Bold
generated/images/Caveat-Bold/lower/v/0006.png,v,font,Caveat-Bold
generated/images/Caveat-Bold/lower/v/0007.png,v,font,Caveat-Bold
generated/images/Caveat-Bold/lower/v/0008.png,v,font,Caveat-Bold
generated/images/Caveat-Bold/lower/v/0009.png,v,font,Caveat-Bold
generated/images/Caveat-Bold/lower/v/0010.png,v,font,Caveat-Bold
generated/images/Caveat-Bold/lower/w/0001.png,w,font,Caveat-Bold
generated/images/Caveat-Bold/lower/w/0002.png,w,font,Caveat-Bold
generated/images/Caveat-Bold/lower/w/0003.png,w,font,Caveat-Bold
generated/images/Caveat-Bold/lower/w/0004.png,w,font,Caveat-Bold
generated/images/Caveat-Bold/lower/w/0005.png,w,font,Caveat-Bold
generated/images/Caveat-Bold/lower/w/0006.png,w,font,Caveat-Bold
generated/images/Caveat-Bold/lower/w/0007.png,w,font,Caveat-Bold
generated/images/Caveat-Bold/lower/w/0008.png,w,font,Caveat-Bold
generated/images/Caveat-Bold/lower/w/0009.png,w,font,Caveat-Bold
generated/images/Caveat-Bold/lower/w/0010.png,w,font,Caveat-Bold
generated/images/Caveat-Bold/lower/x/0001.png,x,font,Caveat-Bold
generated/images/Caveat-Bold/lower/x/0002.png,x,font,Caveat-Bold
generated/images/Caveat-Bold/lower/x/0003.png,x,font,Caveat-Bold
generated/images/Caveat-Bold/lower/x/0004.png,x,font,Caveat-Bold
generated/images/Caveat-Bold/lower/x/0005.png,x,font,Caveat-Bold
generated/images/Caveat-Bold/lower/x/0006.png,x,font,Caveat-Bold
generated/images/Caveat-Bold/lower/x/0007.png,x,font,Caveat-Bold
generated/images/Caveat-Bold/lower/x/0008.png,x,font,Caveat-Bold
generated/images/Caveat-Bold/lower/x/0009.png,x,font,Caveat-Bold
generated/images/Caveat-Bold/lower/x/0010.png,x,font,Caveat-Bold
generated/images/Caveat-Bold/lower/y/0001.png,y,font,Caveat-Bold
generated/images/Caveat-Bold/lower/y/0002.png,y,font,Caveat-Bold
generated/images/Caveat-Bold/lower/y/0003.png,y,font,Caveat-Bold
generated/images/Caveat-Bold/lower/y/0004.png,y,font,Caveat-Bold
generated/images/Caveat-Bold/lower/y/0005.png,y,font,Caveat-Bold
generated/images/Caveat-Bold/lower/y/0006.png,y,font,Caveat-Bold
generated/images/Caveat-Bold/lower/y/0007.png,y,font,Caveat-Bold
generated/images/Caveat-Bold/lower/y/0008.png,y,font,Caveat-Bold
generated/images/Caveat-Bold/lower/y/0009.png,y,font,Caveat-Bold
generated/images/Caveat-Bold/lower/y/0010.png,y,font,Caveat-Bold
generated/images/Caveat-Bold/lower/z/0001.png,z,font,Caveat-Bold
generated/images/Caveat-Bold/lower/z/0002.png,z,font,Caveat-Bold
generated/images/Caveat-Bold/lower/z/0003.png,z,font,Caveat-Bold
generated/images/Caveat-Bold/lower/z/0004.png,z,font,Caveat-Bold
generated/images/Caveat-Bold/lower/z/0005.png,z,font,Caveat-Bold
generated/images/Caveat-Bold/lower/z/0006.png,z,font,Caveat-Bold
generated/images/Caveat-Bold/lower/z/0007.png,z,font,Caveat-Bold
generated/images/Caveat-Bold/lower/z/0008.png,z,font,Caveat-Bold
generated/images/Caveat-Bold/lower/z/0009.png,z,font,Caveat-Bold
generated/images/Caveat-Bold/lower/z/0010.png,z,font,Caveat-Bold
generated/images/Caveat-Medium/digit/0/0001.png,0,font,Caveat-Medium
generated/images/Caveat-Medium/digit/0/0002.png,0,font,Caveat-Medium
generated/images/Caveat-Medium/digit/0/0003.png,0,font,Caveat-Medium
generated/images/Caveat-Medium/digit/0/0004.png,0,font,Caveat-Medium
generated/images/Caveat-Medium/digit/0/0005.png,0,font,Caveat-Medium
generated/images/Caveat-Medium/digit/0/0006.png,0,font,Caveat-Medium
generated/images/Caveat-Medium/digit/0/0007.png,0,font,Caveat-Medium
generated/images/Caveat-Medium/digit/0/0008.png,0,font,Caveat-Medium
generated/images/Caveat-Medium/digit/0/0009.png,0,font,Caveat-Medium
generated/images/Caveat-Medium/digit/0/0010.png,0,font,Caveat-Medium
generated/images/Caveat-Medium/digit/1/0001.png,1,font,Caveat-Medium
generated/images/Caveat-Medium/digit/1/0002.png,1,font,Caveat-Medium
generated/images/Caveat-Medium/digit/1/0003.png,1,font,Caveat-Medium
generated/images/Caveat-Medium/digit/1/0004.png,1,font,Caveat-Medium
generated/images/Caveat-Medium/digit/1/0005.png,1,font,Caveat-Medium
generated/images/Caveat-Medium/digit/1/0006.png,1,font,Caveat-Medium
generated/images/Caveat-Medium/digit/1/0007.png,1,font,Caveat-Medium
generated/images/Caveat-Medium/digit/1/0008.png,1,font,Caveat-Medium
generated/images/Caveat-Medium/digit/1/0009.png,1,font,Caveat-Medium
generated/images/Caveat-Medium/digit/1/0010.png,1,font,Caveat-Medium
generated/images/Caveat-Medium/digit/2/0001.png,2,font,Caveat-Medium
generated/images/Caveat-Medium/digit/2/0002.png,2,font,Caveat-Medium
generated/images/Caveat-Medium/digit/2/0003.png,2,font,Caveat-Medium
generated/images/Caveat-Medium/digit/2/0004.png,2,font,Caveat-Medium
generated/images/Caveat-Medium/digit/2/0005.png,2,font,Caveat-Medium
generated/images/Caveat-Medium/digit/2/0006.png,2,font,Caveat-Medium
generated/images/Caveat-Medium/digit/2/0007.png,2,font,Caveat-Medium
generated/images/Caveat-Medium/digit/2/0008.png,2,font,Caveat-Medium
generated/images/Caveat-Medium/digit/2/0009.png,2,font,Caveat-Medium
generated/images/Caveat-Medium/digit/2/0010.png,2,font,Caveat-Medium
generated/images/Caveat-Medium/digit/3/0001.png,3,font,Caveat-Medium
generated/images/Caveat-Medium/digit/3/0002.png,3,font,Caveat-Medium
generated/images/Caveat-Medium/digit/3/0003.png,3,font,Caveat-Medium
generated/images/Caveat-Medium/digit/3/0004.png,3,font,Caveat-Medium
generated/images/Caveat-Medium/digit/3/0005.png,3,font,Caveat-Medium
generated/images/Caveat-Medium/digit/3/0006.png,3,font,Caveat-Medium
generated/images/Caveat-Medium/digit/3/0007.png,3,font,Caveat-Medium
generated/images/Caveat-Medium/digit/3/0008.png,3,font,Caveat-Medium
generated/images/Caveat-Medium/digit/3/0009.png,3,font,Caveat-Medium
generated/images/Caveat-Medium/digit/3/0010.png,3,font,Caveat-Medium
generated/images/Caveat-Medium/digit/4/0001.png,4,font,Caveat-Medium
generated/images/Caveat-Medium/digit/4/0002.png,4,font,Caveat-Medium
generated/images/Caveat-Medium/digit/4/0003.png,4,font,Caveat-Medium
generated/images/Caveat-Medium/digit/4/0004.png,4,font,Caveat-Medium
generated/images/Caveat-Medium/digit/4/0005.png,4,font,Caveat-Medium
generated/images/Caveat-Medium/digit/4/0006.png,4,font,Caveat-Medium
generated/images/Caveat-Medium/digit/4/0007.png,4,font,Caveat-Medium
generated/images/Caveat-Medium/digit/4/0008.png,4,font,Caveat-Medium
generated/images/Caveat-Medium/digit/4/0009.png,4,font,Caveat-Medium
generated/images/Caveat-Medium/digit/4/0010.png,4,font,Caveat-Medium
generated/images/Caveat-Medium/digit/5/0001.png,5,font,Caveat-Medium
generated/images/Caveat-Medium/digit/5/0002.png,5,font,Caveat-Medium
generated/images/Caveat-Medium/digit/5/0003.png,5,font,Caveat-Medium
generated/images/Caveat-Medium/digit/5/0004.png,5,font,Caveat-Medium
generated/images/Caveat-Medium/digit/5/0005.png,5,font,Caveat-Medium
generated/images/Caveat-Medium/digit/5/0006.png,5,font,Caveat-Medium
generated/images/Caveat-Medium/digit/5/0007.png,5,font,Caveat-Medium
generated/images/Caveat-Medium/digit/5/0008.png,5,font,Caveat-Medium
generated/images/Caveat-Medium/digit/5/0009.png,5,font,Caveat-Medium
generated/images/Caveat-Medium/digit/5/0010.png,5,font,Caveat-Medium
generated/images/Caveat-Medium/digit/6/0001.png,6,font,Caveat-Medium
generated/images/Caveat-Medium/digit/6/0002.png,6,font,Caveat-Medium
generated/images/Caveat-Medium/digit/6/0003.png,6,font,Caveat-Medium
generated/images/Caveat-Medium/digit/6/0004.png,6,font,Caveat-Medium
generated/images/Caveat-Medium/digit/6/0005.png,6,font,Caveat-Medium
generated/images/Caveat-Medium/digit/6/0006.png,6,font,Caveat-Medium
generated/images/Caveat-Medium/digit/6/0007.png,6,font,Caveat-Medium
generated/images/Caveat-Medium/digit/6/0008.png,6,font,Caveat-Medium
generated/images/Caveat-Medium/digit/6/0009.png,6,font,Caveat-Medium
generated/images/Caveat-Medium/digit/6/0010.png,6,font,Caveat-Medium
generated/images/Caveat-Medium/digit/7/0001.png,7,font,Caveat-Medium
generated/images/Caveat-Medium/digit/7/0002.png,7,font,Caveat-Medium
generated/images/Caveat-Medium/digit/7/0003.png,7,font,Caveat-Medium
generated/images/Caveat-Medium/digit/7/0004.png,7,font,Caveat-Medium
generated/images/Caveat-Medium/digit/7/0005.png,7,font,Caveat-Medium
generated/images/Caveat-Medium/digit/7/0006.png,7,font,Caveat-Medium
generated/images/Caveat-Medium/digit/7/0007.png,7,font,Caveat-Medium
generated/images/Caveat-Medium/digit/7/0008.png,7,font,Caveat-Medium
generated/images/Caveat-Medium/digit/7/0009.png,7,font,Caveat-Medium
generated/images/Caveat-Medium/digit/7/0010.png,7,font,Caveat-Medium
generated/images/Caveat-Medium/digit/8/0001.png,8,font,Caveat-Medium
generated/images/Caveat-Medium/digit/8/0002.png,8,font,Caveat-Medium
generated/images/Caveat-Medium/digit/8/0003.png,8,font,Caveat-Medium
generated/images/Caveat-Medium/digit/8/0004.png,8,font,Caveat-Medium
generated/images/Caveat-Medium/digit/8/0005.png,8,font,Caveat-Medium
generated/images/Caveat-Medium/digit/8/0006.png,8,font,Caveat-Medium
generated/images/Caveat-Medium/digit/8/0007.png,8,font,Caveat-Medium
generated/images/Caveat-Medium/digit/8/0008.png,8,font,Caveat-Medium
generated/images/Caveat-Medium/digit/8/0009.png,8,font,Caveat-Medium
generated/images/Caveat-Medium/digit/8/0010.png,8,font,Caveat-Medium
generated/images/Caveat-Medium/digit/9/0001.png,9,font,Caveat-Medium
generated/images/Caveat-Medium/digit/9/0002.png,9,font,Caveat-Medium
generated/images/Caveat-Medium/digit/9/0003.png,9,font,Caveat-Medium
generated/images/Caveat-Medium/digit/9/0004.png,9,font,Caveat-Medium
generated/images/Caveat-Medium/digit/9/0005.png,9,font,Caveat-Medium
generated/images/Caveat-Medium/digit/9/0006.png,9,font,Caveat-Medium
generated/images/Caveat-Medium/digit/9/0007.png,9,font,Caveat-Medium
generated/images/Caveat-Medium/digit/9/0008.png,9,font,Caveat-Medium
generated/images/Caveat-Medium/digit/9/0009.png,9,font,Caveat-Medium
generated/images/Caveat-Medium/digit/9/0010.png,9,font,Caveat-Medium
generated/images/Caveat-Medium/upper/A/0001.png,A,font,Caveat-Medium
generated/images/Caveat-Medium/upper/A/0002.png,A,font,Caveat-Medium
generated/images/Caveat-Medium/upper/A/0003.png,A,font,Caveat-Medium
generated/images/Caveat-Medium/upper/A/0004.png,A,font,Caveat-Medium
generated/images/Caveat-Medium/upper/A/0005.png,A,font,Caveat-Medium
generated/images/Caveat-Medium/upper/A/0006.png,A,font,Caveat-Medium
generated/images/Caveat-Medium/upper/A/0007.png,A,font,Caveat-Medium
generated/images/Caveat-Medium/upper/A/0008.png,A,font,Caveat-Medium
generated/images/Caveat-Medium/upper/A/0009.png,A,font,Caveat-Medium
generated/images/Caveat-Medium/upper/A/0010.png,A,font,Caveat-Medium
generated/images/Caveat-Medium/upper/B/0001.png,B,font,Caveat-Medium
generated/images/Caveat-Medium/upper/B/0002.png,B,font,Caveat-Medium
generated/images/Caveat-Medium/upper/B/0003.png,B,font,Caveat-Medium
generated/images/Caveat-Medium/upper/B/0004.png,B,font,Caveat-Medium
generated/images/Caveat-Medium/upper/B/0005.png,B,font,Caveat-Medium
generated/images/Caveat-Medium/upper/B/0006.png,B,font,Caveat-Medium
generated/images/Caveat-Medium/upper/B/0007.png,B,font,Caveat-Medium
generated/images/Caveat-Medium/upper/B/0008.png,B,font,Caveat-Medium
generated/images/Caveat-Medium/upper/B/0009.png,B,font,Caveat-Medium
generated/images/Caveat-Medium/upper/B/0010.png,B,font,Caveat-Medium
generated/images/Caveat-Medium/upper/C/0001.png,C,font,Caveat-Medium
generated/images/Caveat-Medium/upper/C/0002.png,C,font,Caveat-Medium
generated/images/Caveat-Medium/upper/C/0003.png,C,font,Caveat-Medium
generated/images/Caveat-Medium/upper/C/0004.png,C,font,Caveat-Medium
generated/images/Caveat-Medium/upper/C/0005.png,C,font,Caveat-Medium
generated/images/Caveat-Medium/upper/C/0006.png,C,font,Caveat-Medium
generated/images/Caveat-Medium/upper/C/0007.png,C,font,Caveat-Medium
generated/images/Caveat-Medium/upper/C/0008.png,C,font,Caveat-Medium
generated/images/Caveat-Medium/upper/C/0009.png,C,font,Caveat-Medium
generated/images/Caveat-Medium/upper/C/0010.png,C,font,Caveat-Medium
generated/images/Caveat-Medium/upper/D/0001.png,D,font,Caveat-Medium
generated/images/Caveat-Medium/upper/D/0002.png,D,font,Caveat-Medium
generated/images/Caveat-Medium/upper/D/0003.png,D,font,Caveat-Medium
generated/images/Caveat-Medium/upper/D/0004.png,D,font,Caveat-Medium
generated/images/Caveat-Medium/upper/D/0005.png,D,font,Caveat-Medium
generated/images/Caveat-Medium/upper/D/0006.png,D,font,Caveat-Medium
generated/images/Caveat-Medium/upper/D/0007.png,D,font,Caveat-Medium
generated/images/Caveat-Medium/upper/D/0008.png,D,font,Caveat-Medium
generated/images/Caveat-Medium/upper/D/0009.png,D,font,Caveat-Medium
generated/images/Caveat-Medium/upper/D/0010.png,D,font,Caveat-Medium
generated/images/Caveat-Medium/upper/E/0001.png,E,font,Caveat-Medium
generated/images/Caveat-Medium/upper/E/0002.png,E,font,Caveat-Medium
generated/images/Caveat-Medium/upper/E/0003.png,E,font,Caveat-Medium
generated/images/Caveat-Medium/upper/E/0004.png,E,font,Caveat-Medium
generated/images/Caveat-Medium/upper/E/0005.png,E,font,Caveat-Medium
generated/images/Caveat-Medium/upper/E/0006.png,E,font,Caveat-Medium
generated/images/Caveat-Medium/upper/E/0007.png,E,font,Caveat-Medium
generated/images/Caveat-Medium/upper/E/0008.png,E,font,Caveat-Medium
generated/images/Caveat-Medium/upper/E/0009.png,E,font,Caveat-Medium
generated/images/Caveat-Medium/upper/E/0010.png,E,font,Caveat-Medium
generated/images/Caveat-Medium/upper/F/0001.png,F,font,Caveat-Medium
generated/images/Caveat-Medium/upper/F/0002.png,F,font,Caveat-Medium
generated/images/Caveat-Medium/upper/F/0003.png,F,font,Caveat-Medium
generated/images/Caveat-Medium/upper/F/0004.png,F,font,Caveat-Medium
generated/images/Caveat-Medium/upper/F/0005.png,F,font,Caveat-Medium
generated/images/Caveat-Medium/upper/F/0006.png,F,font,Caveat-Medium
generated/images/Caveat-Medium/upper/F/0007.png,F,font,Caveat-Medium
generated/images/Caveat-Medium/upper/F/0008.png,F,font,Caveat-Medium
generated/images/Caveat-Medium/upper/F/0009.png,F,font,Caveat-Medium
generated/images/Caveat-Medium/upper/F/0010.png,F,font,Caveat-Medium
generated/images/Caveat-Medium/upper/G/0001.png,G,font,Caveat-Medium
generated/images/Caveat-Medium/upper/G/0002.png,G,font,Caveat-Medium
generated/images/Caveat-Medium/upper/G/0003.png,G,font,Caveat-Medium
generated/images/Caveat-Medium/upper/G/0004.png,G,font,Caveat-Medium
generated/images/Caveat-Medium/upper/G/0005.png,G,font,Caveat-Medium
generated/images/Caveat-Medium/upper/G/0006.png,G,font,Caveat-Medium
generated/images/Caveat-Medium/upper/G/0007.png,G,font,Caveat-Medium
generated/images/Caveat-Medium/upper/G/0008.png,G,font,Caveat-Medium
generated/images/Caveat-Medium/upper/G/0009.png,G,font,Caveat-Medium
generated/images/Caveat-Medium/upper/G/0010.png,G,font,Caveat-Medium
generated/images/Caveat-Medium/upper/H/0001.png,H,font,Caveat-Medium
generated/images/Caveat-Medium/upper/H/0002.png,H,font,Caveat-Medium
generated/images/Caveat-Medium/upper/H/0003.png,H,font,Caveat-Medium
generated/images/Caveat-Medium/upper/H/0004.png,H,font,Caveat-Medium
generated/images/Caveat-Medium/upper/H/0005.png,H,font,Caveat-Medium
generated/images/Caveat-Medium/upper/H/0006.png,H,font,Caveat-Medium
generated/images/Caveat-Medium/upper/H/0007.png,H,font,Caveat-Medium
generated/images/Caveat-Medium/upper/H/0008.png,H,font,Caveat-Medium
generated/images/Caveat-Medium/upper/H/0009.png,H,font,Caveat-Medium
generated/images/Caveat-Medium/upper/H/0010.png,H,font,Caveat-Medium
generated/images/Caveat-Medium/upper/I/0001.png,I,font,Caveat-Medium
generated/images/Caveat-Medium/upper/I/0002.png,I,font,Caveat-Medium
generated/images/Caveat-Medium/upper/I/0003.png,I,font,Caveat-Medium
generated/images/Caveat-Medium/upper/I/0004.png,I,font,Caveat-Medium
generated/images/Caveat-Medium/upper/I/0005.png,I,font,Caveat-Medium
generated/images/Caveat-Medium/upper/I/0006.png,I,font,Caveat-Medium
generated/images/Caveat-Medium/upper/I/0007.png,I,font,Caveat-Medium
generated/images/Caveat-Medium/upper/I/0008.png,I,font,Caveat-Medium
generated/images/Caveat-Medium/upper/I/0009.png,I,font,Caveat-Medium
generated/images/Caveat-Medium/upper/I/0010.png,I,font,Caveat-Medium
generated/images/Caveat-Medium/upper/J/0001.png,J,font,Caveat-Medium
generated/images/Caveat-Medium/upper/J/0002.png,J,font,Caveat-Medium
generated/images/Caveat-Medium/upper/J/0003.png,J,font,Caveat-Medium
generated/images/Caveat-Medium/upper/J/0004.png,J,font,Caveat-Medium
generated/images/Caveat-Medium/upper/J/0005.png,J,font,Caveat-Medium
generated/images/Caveat-Medium/upper/J/0006.png,J,font,Caveat-Medium
generated/images/Caveat-Medium/upper/J/0007.png,J,font,Caveat-Medium
generated/images/Caveat-Medium/upper/J/0008.png,J,font,Caveat-Medium
generated/images/Caveat-Medium/upper/J/0009.png,J,font,Caveat-Medium
generated/images/Caveat-Medium/upper/J/0010.png,J,font,Caveat-Medium
generated/images/Caveat-Medium/upper/K/0001.png,K,font,Caveat-Medium
generated/images/Caveat-Medium/upper/K/0002.png,K,font,Caveat-Medium
generated/images/Caveat-Medium/upper/K/0003.png,K,font,Caveat-Medium
generated/images/Caveat-Medium/upper/K/0004.png,K,font,Caveat-Medium
generated/images/Caveat-Medium/upper/K/0005.png,K,font,Caveat-Medium
generated/images/Caveat-Medium/upper/K/0006.png,K,font,Caveat-Medium
generated/images/Caveat-Medium/upper/K/0007.png,K,font,Caveat-Medium
generated/images/Caveat-Medium/upper/K/0008.png,K,font,Caveat-Medium
generated/images/Caveat-Medium/upper/K/0009.png,K,font,Caveat-Medium
generated/images/Caveat-Medium/upper/K/0010.png,K,font,Caveat-Medium
generated/images/Caveat-Medium/upper/L/0001.png,L,font,Caveat-Medium
generated/images/Caveat-Medium/upper/L/0002.png,L,font,Caveat-Medium
generated/images/Caveat-Medium/upper/L/0003.png,L,font,Caveat-Medium
generated/images/Caveat-Medium/upper/L/0004.png,L,font,Caveat-Medium
generated/images/Caveat-Medium/upper/L/0005.png,L,font,Caveat-Medium
generated/images/Caveat-Medium/upper/L/0006.png,L,font,Caveat-Medium
generated/images/Caveat-Medium/upper/L/0007.png,L,font,Caveat-Medium
generated/images/Caveat-Medium/upper/L/0008.png,L,font,Caveat-Medium
generated/images/Caveat-Medium/upper/L/0009.png,L,font,Caveat-Medium
generated/images/Caveat-Medium/upper/L/0010.png,L,font,Caveat-Medium
generated/images/Caveat-Medium/upper/M/0001.png,M,font,Caveat-Medium
generated/images/Caveat-Medium/upper/M/0002.png,M,font,Caveat-Medium
generated/images/Caveat-Medium/upper/M/0003.png,M,font,Caveat-Medium
generated/images/Caveat-Medium/upper/M/0004.png,M,font,Caveat-Medium
generated/images/Caveat-Medium/upper/M/0005.png,M,font,Caveat-Medium
generated/images/Caveat-Medium/upper/M/0006.png,M,font,Caveat-Medium
generated/images/Caveat-Medium/upper/M/0007.png,M,font,Caveat-Medium
generated/images/Caveat-Medium/upper/M/0008.png,M,font,Caveat-Medium
generated/images/Caveat-Medium/upper/M/0009.png,M,font,Caveat-Medium
generated/images/Caveat-Medium/upper/M/0010.png,M,font,Caveat-Medium
generated/images/Caveat-Medium/upper/N/0001.png,N,font,Caveat-Medium
generated/images/Caveat-Medium/upper/N/0002.png,N,font,Caveat-Medium
generated/images/Caveat-Medium/upper/N/0003.png,N,font,Caveat-Medium
generated/images/Caveat-Medium/upper/N/0004.png,N,font,Caveat-Medium
generated/images/Caveat-Medium/upper/N/0005.png,N,font,Caveat-Medium
generated/images/Caveat-Medium/upper/N/0006.png,N,font,Caveat-Medium
generated/images/Caveat-Medium/upper/N/0007.png,N,font,Caveat-Medium
generated/images/Caveat-Medium/upper/N/0008.png,N,font,Caveat-Medium
generated/images/Caveat-Medium/upper/N/0009.png,N,font,Caveat-Medium
generated/images/Caveat-Medium/upper/N/0010.png,N,font,Caveat-Medium
generated/images/Caveat-Medium/upper/O/0001.png,O,font,Caveat-Medium
generated/images/Caveat-Medium/upper/O/0002.png,O,font,Caveat-Medium
generated/images/Caveat-Medium/upper/O/0003.png,O,font,Caveat-Medium
generated/images/Caveat-Medium/upper/O/0004.png,O,font,Caveat-Medium
generated/images/Caveat-Medium/upper/O/0005.png,O,font,Caveat-Medium
generated/images/Caveat-Medium/upper/O/0006.png,O,font,Caveat-Medium
generated/images/Caveat-Medium/upper/O/0007.png,O,font,Caveat-Medium
generated/images/Caveat-Medium/upper/O/0008.png,O,font,Caveat-Medium
generated/images/Caveat-Medium/upper/O/0009.png,O,font,Caveat-Medium
generated/images/Caveat-Medium/upper/O/0010.png,O,font,Caveat-Medium
generated/images/Caveat-Medium/upper/P/0001.png,P,font,Caveat-Medium
generated/images/Caveat-Medium/upper/P/0002.png,P,font,Caveat-Medium
generated/images/Caveat-Medium/upper/P/0003.png,P,font,Caveat-Medium
generated/images/Caveat-Medium/upper/P/0004.png,P,font,Caveat-Medium
generated/images/Caveat-Medium/upper/P/0005.png,P,font,Caveat-Medium
generated/images/Caveat-Medium/upper/P/0006.png,P,font,Caveat-Medium
generated/images/Caveat-Medium/upper/P/0007.png,P,font,Caveat-Medium
generated/images/Caveat-Medium/upper/P/0008.png,P,font,Caveat-Medium
generated/images/Caveat-Medium/upper/P/0009.png,P,font,Caveat-Medium
generated/images/Caveat-Medium/upper/P/0010.png,P,font,Caveat-Medium
generated/images/Caveat-Medium/upper/Q/0001.png,Q,font,Caveat-Medium
generated/images/Caveat-Medium/upper/Q/0002.png,Q,font,Caveat-Medium
generated/images/Caveat-Medium/upper/Q/0003.png,Q,font,Caveat-Medium
generated/images/Caveat-Medium/upper/Q/0004.png,Q,font,Caveat-Medium
generated/images/Caveat-Medium/upper/Q/0005.png,Q,font,Caveat-Medium
generated/images/Caveat-Medium/upper/Q/0006.png,Q,font,Caveat-Medium
generated/images/Caveat-Medium/upper/Q/0007.png,Q,font,Caveat-Medium
generated/images/Caveat-Medium/upper/Q/0008.png,Q,font,Caveat-Medium
generated/images/Caveat-Medium/upper/Q/0009.png,Q,font,Caveat-Medium
generated/images/Caveat-Medium/upper/Q/0010.png,Q,font,Caveat-Medium
generated/images/Caveat-Medium/upper/R/0001.png,R,font,Caveat-Medium
generated/images/Caveat-Medium/upper/R/0002.png,R,font,Caveat-Medium
generated/images/Caveat-Medium/upper/R/0003.png,R,font,Caveat-Medium
generated/images/Caveat-Medium/upper/R/0004.png,R,font,Caveat-Medium
generated/images/Caveat-Medium/upper/R/0005.png,R,font,Caveat-Medium
generated/images/Caveat-Medium/upper/R/0006.png,R,font,Caveat-Medium
generated/images/Caveat-Medium/upper/R/0007.png,R,font,Caveat-Medium
generated/images/Caveat-Medium/upper/R/0008.png,R,font,Caveat-Medium
generated/images/Caveat-Medium/upper/R/0009.png,R,font,Caveat-Medium
generated/images/Caveat-Medium/upper/R/0010.png,R,font,Caveat-Medium
generated/images/Caveat-Medium/upper/S/0001.png,S,font,Caveat-Medium
generated/images/Caveat-Medium/upper/S/0002.png,S,font,Caveat-Medium
generated/images/Caveat-Medium/upper/S/0003.png,S,font,Caveat-Medium
generated/images/Caveat-Medium/upper/S/0004.png,S,font,Caveat-Medium
generated/images/Caveat-Medium/upper/S/0005.png,S,font,Caveat-Medium
generated/images/Caveat-Medium/upper/S/0006.png,S,font,Caveat-Medium
generated/images/Caveat-Medium/upper/S/0007.png,S,font,Caveat-Medium
generated/images/Caveat-Medium/upper/S/0008.png,S,font,Caveat-Medium
generated/images/Caveat-Medium/upper/S/0009.png,S,font,Caveat-Medium
generated/images/Caveat-Medium/upper/S/0010.png,S,font,Caveat-Medium
generated/images/Caveat-Medium/upper/T/0001.png,T,font,Caveat-Medium
generated/images/Caveat-Medium/upper/T/0002.png,T,font,Caveat-Medium
generated/images/Caveat-Medium/upper/T/0003.png,T,font,Caveat-Medium
generated/images/Caveat-Medium/upper/T/0004.png,T,font,Caveat-Medium
generated/images/Caveat-Medium/upper/T/0005.png,T,font,Caveat-Medium
generated/images/Caveat-Medium/upper/T/0006.png,T,font,Caveat-Medium
generated/images/Caveat-Medium/upper/T/0007.png,T,font,Caveat-Medium
generated/images/Caveat-Medium/upper/T/0008.png,T,font,Caveat-Medium
generated/images/Caveat-Medium/upper/T/0009.png,T,font,Caveat-Medium
generated/images/Caveat-Medium/upper/T/0010.png,T,font,Caveat-Medium
generated/images/Caveat-Medium/upper/U/0001.png,U,font,Caveat-Medium
generated/images/Caveat-Medium/upper/U/0002.png,U,font,Caveat-Medium
generated/images/Caveat-Medium/upper/U/0003.png,U,font,Caveat-Medium
generated/images/Caveat-Medium/upper/U/0004.png,U,font,Caveat-Medium
generated/images/Caveat-Medium/upper/U/0005.png,U,font,Caveat-Medium
generated/images/Caveat-Medium/upper/U/0006.png,U,font,Caveat-Medium
generated/images/Caveat-Medium/upper/U/0007.png,U,font,Caveat-Medium
generated/images/Caveat-Medium/upper/U/0008.png,U,font,Caveat-Medium
generated/images/Caveat-Medium/upper/U/0009.png,U,font,Caveat-Medium
generated/images/Caveat-Medium/upper/U/0010.png,U,font,Caveat-Medium
generated/images/Caveat-Medium/upper/V/0001.png,V,font,Caveat-Medium
generated/images/Caveat-Medium/upper/V/0002.png,V,font,Caveat-Medium
generated/images/Caveat-Medium/upper/V/0003.png,V,font,Caveat-Medium
generated/images/Caveat-Medium/upper/V/0004.png,V,font,Caveat-Medium
generated/images/Caveat-Medium/upper/V/0005.png,V,font,Caveat-Medium
generated/images/Caveat-Medium/upper/V/0006.png,V,font,Caveat-Medium
generated/images/Caveat-Medium/upper/V/0007.png,V,font,Caveat-Medium
generated/images/Caveat-Medium/upper/V/0008.png,V,font,Caveat-Medium
generated/images/Caveat-Medium/upper/V/0009.png,V,font,Caveat-Medium
generated/images/Caveat-Medium/upper/V/0010.png,V,font,Caveat-Medium
generated/images/Caveat-Medium/upper/W/0001.png,W,font,Caveat-Medium
generated/images/Caveat-Medium/upper/W/0002.png,W,font,Caveat-Medium
generated/images/Caveat-Medium/upper/W/0003.png,W,font,Caveat-Medium
generated/images/Caveat-Medium/upper/W/0004.png,W,font,Caveat-Medium
generated/images/Caveat-Medium/upper/W/0005.png,W,font,Caveat-Medium
generated/images/Caveat-Medium/upper/W/0006.png,W,font,Caveat-Medium
generated/images/Caveat-Medium/upper/W/0007.png,W,font,Caveat-Medium
generated/images/Caveat-Medium/upper/W/0008.png,W,font,Caveat-Medium
generated/images/Caveat-Medium/upper/W/0009.png,W,font,Caveat-Medium
generated/images/Caveat-Medium/upper/W/0010.png,W,font,Caveat-Medium
generated/images/Caveat-Medium/upper/X/0001.png,X,font,Caveat-Medium
generated/images/Caveat-Medium/upper/X/0002.png,X,font,Caveat-Medium
generated/images/Caveat-Medium/upper/X/0003.png,X,font,Caveat-Medium
generated/images/Caveat-Medium/upper/X/0004.png,X,font,Caveat-Medium
generated/images/Caveat-Medium/upper/X/0005.png,X,font,Caveat-Medium
generated/images/Caveat-Medium/upper/X/0006.png,X,font,Caveat-Medium
generated/images/Caveat-Medium/upper/X/0007.png,X,font,Caveat-Medium
generated/images/Caveat-Medium/upper/X/0008.png,X,font,Caveat-Medium
generated/images/Caveat-Medium/upper/X/0009.png,X,font,Caveat-Medium
generated/images/Caveat-Medium/upper/X/0010.png,X,font,Caveat-Medium
generated/images/Caveat-Medium/upper/Y/0001.png,Y,font,Caveat-Medium
generated/images/Caveat-Medium/upper/Y/0002.png,Y,font,Caveat-Medium
generated/images/Caveat-Medium/upper/Y/0003.png,Y,font,Caveat-Medium
generated/images/Caveat-Medium/upper/Y/0004.png,Y,font,Caveat-Medium
generated/images/Caveat-Medium/upper/Y/0005.png,Y,font,Caveat-Medium
generated/images/Caveat-Medium/upper/Y/0006.png,Y,font,Caveat-Medium
generated/images/Caveat-Medium/upper/Y/0007.png,Y,font,Caveat-Medium
generated/images/Caveat-Medium/upper/Y/0008.png,Y,font,Caveat-Medium
generated/images/Caveat-Medium/upper/Y/0009.png,Y,font,Caveat-Medium
generated/images/Caveat-Medium/upper/Y/0010.png,Y,font,Caveat-Medium
generated/images/Caveat-Medium/upper/Z/0001.png,Z,font,Caveat-Medium
generated/images/Caveat-Medium/upper/Z/0002.png,Z,font,Caveat-Medium
generated/images/Caveat-Medium/upper/Z/0003.png,Z,font,Caveat-Medium
generated/images/Caveat-Medium/upper/Z/0004.png,Z,font,Caveat-Medium
generated/images/Caveat-Medium/upper/Z/0005.png,Z,font,Caveat-Medium
generated/images/Caveat-Medium/upper/Z/0006.png,Z,font,Caveat-Medium
generated/images/Caveat-Medium/upper/Z/0007.png,Z,font,Caveat-Medium
generated/images/Caveat-Medium/upper/Z/0008.png,Z,font,Caveat-Medium
generated/images/Caveat-Medium/upper/Z/0009.png,Z,font,Caveat-Medium
generated/images/Caveat-Medium/upper/Z/0010.png,Z,font,Caveat-Medium
generated/images/Caveat-Medium/lower/a/0001.png,a,font,Caveat-Medium
generated/images/Caveat-Medium/lower/a/0002.png,a,font,Caveat-Medium
generated/images/Caveat-Medium/lower/a/0003.png,a,font,Caveat-Medium
generated/images/Caveat-Medium/lower/a/0004.png,a,font,Caveat-Medium
generated/images/Caveat-Medium/lower/a/0005.png,a,font,Caveat-Medium
generated/images/Caveat-Medium/lower/a/0006.png,a,font,Caveat-Medium
generated/images/Caveat-Medium/lower/a/0007.png,a,font,Caveat-Medium
generated/images/Caveat-Medium/lower/a/0008.png,a,font,Caveat-Medium
generated/images/Caveat-Medium/lower/a/0009.png,a,font,Caveat-Medium
generated/images/Caveat-Medium/lower/a/0010.png,a,font,Caveat-Medium
generated/images/Caveat-Medium/lower/b/0001.png,b,font,Caveat-Medium
generated/images/Caveat-Medium/lower/b/0002.png,b,font,Caveat-Medium
generated/images/Caveat-Medium/lower/b/0003.png,b,font,Caveat-Medium
generated/images/Caveat-Medium/lower/b/0004.png,b,font,Caveat-Medium
generated/images/Caveat-Medium/lower/b/0005.png,b,font,Caveat-Medium
generated/images/Caveat-Medium/lower/b/0006.png,b,font,Caveat-Medium
generated/images/Caveat-Medium/lower/b/0007.png,b,font,Caveat-Medium
generated/images/Caveat-Medium/lower/b/0008.png,b,font,Caveat-Medium
generated/images/Caveat-Medium/lower/b/0009.png,b,font,Caveat-Medium
generated/images/Caveat-Medium/lower/b/0010.png,b,font,Caveat-Medium
generated/images/Caveat-Medium/lower/c/0001.png,c,font,Caveat-Medium
generated/images/Caveat-Medium/lower/c/0002.png,c,font,Caveat-Medium
generated/images/Caveat-Medium/lower/c/0003.png,c,font,Caveat-Medium
generated/images/Caveat-Medium/lower/c/0004.png,c,font,Caveat-Medium
generated/images/Caveat-Medium/lower/c/0005.png,c,font,Caveat-Medium
generated/images/Caveat-Medium/lower/c/0006.png,c,font,Caveat-Medium
generated/images/Caveat-Medium/lower/c/0007.png,c,font,Caveat-Medium
generated/images/Caveat-Medium/lower/c/0008.png,c,font,Caveat-Medium
generated/images/Caveat-Medium/lower/c/0009.png,c,font,Caveat-Medium
generated/images/Caveat-Medium/lower/c/0010.png,c,font,Caveat-Medium
generated/images/Caveat-Medium/lower/d/0001.png,d,font,Caveat-Medium
generated/images/Caveat-Medium/lower/d/0002.png,d,font,Caveat-Medium
generated/images/Caveat-Medium/lower/d/0003.png,d,font,Caveat-Medium
generated/images/Caveat-Medium/lower/d/0004.png,d,font,Caveat-Medium
generated/images/Caveat-Medium/lower/d/0005.png,d,font,Caveat-Medium
generated/images/Caveat-Medium/lower/d/0006.png,d,font,Caveat-Medium
generated/images/Caveat-Medium/lower/d/0007.png,d,font,Caveat-Medium
generated/images/Caveat-Medium/lower/d/0008.png,d,font,Caveat-Medium
generated/images/Caveat-Medium/lower/d/0009.png,d,font,Caveat-Medium
generated/images/Caveat-Medium/lower/d/0010.png,d,font,Caveat-Medium
generated/images/Caveat-Medium/lower/e/0001.png,e,font,Caveat-Medium
generated/images/Caveat-Medium/lower/e/0002.png,e,font,Caveat-Medium
generated/images/Caveat-Medium/lower/e/0003.png,e,font,Caveat-Medium
generated/images/Caveat-Medium/lower/e/0004.png,e,font,Caveat-Medium
generated/images/Caveat-Medium/lower/e/0005.png,e,font,Caveat-Medium
generated/images/Caveat-Medium/lower/e/0006.png,e,font,Caveat-Medium
generated/images/Caveat-Medium/lower/e/0007.png,e,font,Caveat-Medium
generated/images/Caveat-Medium/lower/e/0008.png,e,font,Caveat-Medium
generated/images/Caveat-Medium/lower/e/0009.png,e,font,Caveat-Medium
generated/images/Caveat-Medium/lower/e/0010.png,e,font,Caveat-Medium
generated/images/Caveat-Medium/lower/f/0001.png,f,font,Caveat-Medium
generated/images/Caveat-Medium/lower/f/0002.png,f,font,Caveat-Medium
generated/images/Caveat-Medium/lower/f/0003.png,f,font,Caveat-Medium
generated/images/Caveat-Medium/lower/f/0004.png,f,font,Caveat-Medium
generated/images/Caveat-Medium/lower/f/0005.png,f,font,Caveat-Medium
generated/images/Caveat-Medium/lower/f/0006.png,f,font,Caveat-Medium
generated/images/Caveat-Medium/lower/f/0007.png,f,font,Caveat-Medium
generated/images/Caveat-Medium/lower/f/0008.png,f,font,Caveat-Medium
generated/images/Caveat-Medium/lower/f/0009.png,f,font,Caveat-Medium
generated/images/Caveat-Medium/lower/f/0010.png,f,font,Caveat-Medium
generated/images/Caveat-Medium/lower/g/0001.png,g,font,Caveat-Medium
generated/images/Caveat-Medium/lower/g/0002.png,g,font,Caveat-Medium
generated/images/Caveat-Medium/lower/g/0003.png,g,font,Caveat-Medium
generated/images/Caveat-Medium/lower/g/0004.png,g,font,Caveat-Medium
generated/images/Caveat-Medium/lower/g/0005.png,g,font,Caveat-Medium
generated/images/Caveat-Medium/lower/g/0006.png,g,font,Caveat-Medium
generated/images/Caveat-Medium/lower/g/0007.png,g,font,Caveat-Medium
generated/images/Caveat-Medium/lower/g/0008.png,g,font,Caveat-Medium
generated/images/Caveat-Medium/lower/g/0009.png,g,font,Caveat-Medium
generated/images/Caveat-Medium/lower/g/0010.png,g,font,Caveat-Medium
generated/images/Caveat-Medium/lower/h/0001.png,h,font,Caveat-Medium
generated/images/Caveat-Medium/lower/h/0002.png,h,font,Caveat-Medium
generated/images/Caveat-Medium/lower/h/0003.png,h,font,Caveat-Medium
generated/images/Caveat-Medium/lower/h/0004.png,h,font,Caveat-Medium
generated/images/Caveat-Medium/lower/h/0005.png,h,font,Caveat-Medium
generated/images/Caveat-Medium/lower/h/0006.png,h,font,Caveat-Medium
generated/images/Caveat-Medium/lower/h/0007.png,h,font,Caveat-Medium
generated/images/Caveat-Medium/lower/h/0008.png,h,font,Caveat-Medium
generated/images/Caveat-Medium/lower/h/0009.png,h,font,Caveat-Medium
generated/images/Caveat-Medium/lower/h/0010.png,h,font,Caveat-Medium
generated/images/Caveat-Medium/lower/i/0001.png,i,font,Caveat-Medium
generated/images/Caveat-Medium/lower/i/0002.png,i,font,Caveat-Medium
generated/images/Caveat-Medium/lower/i/0003.png,i,font,Caveat-Medium
generated/images/Caveat-Medium/lower/i/0004.png,i,font,Caveat-Medium
generated/images/Caveat-Medium/lower/i/0005.png,i,font,Caveat-Medium
generated/images/Caveat-Medium/lower/i/0006.png,i,font,Caveat-Medium
generated/images/Caveat-Medium/lower/i/0007.png,i,font,Caveat-Medium
generated/images/Caveat-Medium/lower/i/0008.png,i,font,Caveat-Medium
generated/images/Caveat-Medium/lower/i/0009.png,i,font,Caveat-Medium
generated/images/Caveat-Medium/lower/i/0010.png,i,font,Caveat-Medium
generated/images/Caveat-Medium/lower/j/0001.png,j,font,Caveat-Medium
generated/images/Caveat-Medium/lower/j/0002.png,j,font,Caveat-Medium
generated/images/Caveat-Medium/lower/j/0003.png,j,font,Caveat-Medium
generated/images/Caveat-Medium/lower/j/0004.png,j,font,Caveat-Medium
generated/images/Caveat-Medium/lower/j/0005.png,j,font,Caveat-Medium
generated/images/Caveat-Medium/lower/j/0006.png,j,font,Caveat-Medium
generated/images/Caveat-Medium/lower/j/0007.png,j,font,Caveat-Medium
generated/images/Caveat-Medium/lower/j/0008.png,j,font,Caveat-Medium
generated/images/Caveat-Medium/lower/j/0009.png,j,font,Caveat-Medium
generated/images/Caveat-Medium/lower/j/0010.png,j,font,Caveat-Medium
generated/images/Caveat-Medium/lower/k/0001.png,k,font,Caveat-Medium
generated/images/Caveat-Medium/lower/k/0002.png,k,font,Caveat-Medium
generated/images/Caveat-Medium/lower/k/0003.png,k,font,Caveat-Medium
generated/images/Caveat-Medium/lower/k/0004.png,k,font,Caveat-Medium
generated/images/Caveat-Medium/lower/k/0005.png,k,font,Caveat-Medium
generated/images/Caveat-Medium/lower/k/0006.png,k,font,Caveat-Medium
generated/images/Caveat-Medium/lower/k/0007.png,k,font,Caveat-Medium
generated/images/Caveat-Medium/lower/k/0008.png,k,font,Caveat-Medium
generated/images/Caveat-Medium/lower/k/0009.png,k,font,Caveat-Medium
generated/images/Caveat-Medium/lower/k/0010.png,k,font,Caveat-Medium
generated/images/Caveat-Medium/lower/l/0001.png,l,font,Caveat-Medium
generated/images/Caveat-Medium/lower/l/0002.png,l,font,Caveat-Medium
generated/images/Caveat-Medium/lower/l/0003.png,l,font,Caveat-Medium
generated/images/Caveat-Medium/lower/l/0004.png,l,font,Caveat-Medium
generated/images/Caveat-Medium/lower/l/0005.png,l,font,Caveat-Medium
generated/images/Caveat-Medium/lower/l/0006.png,l,font,Caveat-Medium
generated/images/Caveat-Medium/lower/l/0007.png,l,font,Caveat-Medium
generated/images/Caveat-Medium/lower/l/0008.png,l,font,Caveat-Medium
generated/images/Caveat-Medium/lower/l/0009.png,l,font,Caveat-Medium
generated/images/Caveat-Medium/lower/l/0010.png,l,font,Caveat-Medium
generated/images/Caveat-Medium/lower/m/0001.png,m,font,Caveat-Medium
generated/images/Caveat-Medium/lower/m/0002.png,m,font,Caveat-Medium
generated/images/Caveat-Medium/lower/m/0003.png,m,font,Caveat-Medium
generated/images/Caveat-Medium/lower/m/0004.png,m,font,Caveat-Medium
generated/images/Caveat-Medium/lower/m/0005.png,m,font,Caveat-Medium
generated/images/Caveat-Medium/lower/m/0006.png,m,font,Caveat-Medium
generated/images/Caveat-Medium/lower/m/0007.png,m,font,Caveat-Medium
generated/images/Caveat-Medium/lower/m/0008.png,m,font,Caveat-Medium
generated/images/Caveat-Medium/lower/m/0009.png,m,font,Caveat-Medium
generated/images/Caveat-Medium/lower/m/0010.png,m,font,Caveat-Medium
generated/images/Caveat-Medium/lower/n/0001.png,n,font,Caveat-Medium
generated/images/Caveat-Medium/lower/n/0002.png,n,font,Caveat-Medium
generated/images/Caveat-Medium/lower/n/0003.png,n,font,Caveat-Medium
generated/images/Caveat-Medium/lower/n/0004.png,n,font,Caveat-Medium
generated/images/Caveat-Medium/lower/n/0005.png,n,font,Caveat-Medium
generated/images/Caveat-Medium/lower/n/0006.png,n,font,Caveat-Medium
generated/images/Caveat-Medium/lower/n/0007.png,n,font,Caveat-Medium
generated/images/Caveat-Medium/lower/n/0008.png,n,font,Caveat-Medium
generated/images/Caveat-Medium/lower/n/0009.png,n,font,Caveat-Medium
generated/images/Caveat-Medium/lower/n/0010.png,n,font,Caveat-Medium
generated/images/Caveat-Medium/lower/o/0001.png,o,font,Caveat-Medium
generated/images/Caveat-Medium/lower/o/0002.png,o,font,Caveat-Medium
generated/images/Caveat-Medium/lower/o/0003.png,o,font,Caveat-Medium
generated/images/Caveat-Medium/lower/o/0004.png,o,font,Caveat-Medium
generated/images/Caveat-Medium/lower/o/0005.png,o,font,Caveat-Medium
generated/images/Caveat-Medium/lower/o/0006.png,o,font,Caveat-Medium
generated/images/Caveat-Medium/lower/o/0007.png,o,font,Caveat-Medium
generated/images/Caveat-Medium/lower/o/0008.png,o,font,Caveat-Medium
generated/images/Caveat-Medium/lower/o/0009.png,o,font,Caveat-Medium
generated/images/Caveat-Medium/lower/o/0010.png,o,font,Caveat-Medium
generated/images/Caveat-Medium/lower/p/0001.png,p,font,Caveat-Medium
generated/images/Caveat-Medium/lower/p/0002.png,p,font,Caveat-Medium
generated/images/Caveat-Medium/lower/p/0003.png,p,font,Caveat-Medium
generated/images/Caveat-Medium/lower/p/0004.png,p,font,Caveat-Medium
generated/images/Caveat-Medium/lower/p/0005.png,p,font,Caveat-Medium
generated/images/Caveat-Medium/lower/p/0006.png,p,font,Caveat-Medium
generated/images/Caveat-Medium/lower/p/0007.png,p,font,Caveat-Medium
generated/images/Caveat-Medium/lower/p/0008.png,p,font,Caveat-Medium
generated/images/Caveat-Medium/lower/p/0009.png,p,font,Caveat-Medium
generated/images/Caveat-Medium/lower/p/0010.png,p,font,Caveat-Medium
generated/images/Caveat-Medium/lower/q/0001.png,q,font,Caveat-Medium
generated/images/Caveat-Medium/lower/q/0002.png,q,font,Caveat-Medium
generated/images/Caveat-Medium/lower/q/0003.png,q,font,Caveat-Medium
generated/images/Caveat-Medium/lower/q/0004.png,q,font,Caveat-Medium
generated/images/Caveat-Medium/lower/q/0005.png,q,font,Caveat-Medium
generated/images/Caveat-Medium/lower/q/0006.png,q,font,Caveat-Medium
generated/images/Caveat-Medium/lower/q/0007.png,q,font,Caveat-Medium
generated/images/Caveat-Medium/lower/q/0008.png,q,font,Caveat-Medium
generated/images/Caveat-Medium/lower/q/0009.png,q,font,Caveat-Medium
generated/images/Caveat-Medium/lower/q/0010.png,q,font,Caveat-Medium
generated/images/Caveat-Medium/lower/r/0001.png,r,font,Caveat-Medium
generated/images/Caveat-Medium/lower/r/0002.png,r,font,Caveat-Medium
generated/images/Caveat-Medium/lower/r/0003.png,r,font,Caveat-Medium
generated/images/Caveat-Medium/lower/r/0004.png,r,font,Caveat-Medium
generated/images/Caveat-Medium/lower/r/0005.png,r,font,Caveat-Medium
generated/images/Caveat-Medium/lower/r/0006.png,r,font,Caveat-Medium
generated/images/Caveat-Medium/lower/r/0007.png,r,font,Caveat-Medium
generated/images/Caveat-Medium/lower/r/0008.png,r,font,Caveat-Medium
generated/images/Caveat-Medium/lower/r/0009.png,r,font,Caveat-Medium
generated/images/Caveat-Medium/lower/r/0010.png,r,font,Caveat-Medium
generated/images/Caveat-Medium/lower/s/0001.png,s,font,Caveat-Medium
generated/images/Caveat-Medium/lower/s/0002.png,s,font,Caveat-Medium
generated/images/Caveat-Medium/lower/s/0003.png,s,font,Caveat-Medium
generated/images/Caveat-Medium/lower/s/0004.png,s,font,Caveat-Medium
generated/images/Caveat-Medium/lower/s/0005.png,s,font,Caveat-Medium
generated/images/Caveat-Medium/lower/s/0006.png,s,font,Caveat-Medium
generated/images/Caveat-Medium/lower/s/0007.png,s,font,Caveat-Medium
generated/images/Caveat-Medium/lower/s/0008.png,s,font,Caveat-Medium
generated/images/Caveat-Medium/lower/s/0009.png,s,font,Caveat-Medium
generated/images/Caveat-Medium/lower/s/0010.png,s,font,Caveat-Medium
generated/images/Caveat-Medium/lower/t/0001.png,t,font,Caveat-Medium
generated/images/Caveat-Medium/lower/t/0002.png,t,font,Caveat-Medium
generated/images/Caveat-Medium/lower/t/0003.png,t,font,Caveat-Medium
generated/images/Caveat-Medium/lower/t/0004.png,t,font,Caveat-Medium
generated/images/Caveat-Medium/lower/t/0005.png,t,font,Caveat-Medium
generated/images/Caveat-Medium/lower/t/0006.png,t,font,Caveat-Medium
generated/images/Caveat-Medium/lower/t/0007.png,t,font,Caveat-Medium
generated/images/Caveat-Medium/lower/t/0008.png,t,font,Caveat-Medium
generated/images/Caveat-Medium/lower/t/0009.png,t,font,Caveat-Medium
generated/images/Caveat-Medium/lower/t/0010.png,t,font,Caveat-Medium
generated/images/Caveat-Medium/lower/u/0001.png,u,font,Caveat-Medium
generated/images/Caveat-Medium/lower/u/0002.png,u,font,Caveat-Medium
generated/images/Caveat-Medium/lower/u/0003.png,u,font,Caveat-Medium
generated/images/Caveat-Medium/lower/u/0004.png,u,font,Caveat-Medium
generated/images/Caveat-Medium/lower/u/0005.png,u,font,Caveat-Medium
generated/images/Caveat-Medium/lower/u/0006.png,u,font,Caveat-Medium
generated/images/Caveat-Medium/lower/u/0007.png,u,font,Caveat-Medium
generated/images/Caveat-Medium/lower/u/0008.png,u,font,Caveat-Medium
generated/images/Caveat-Medium/lower/u/0009.png,u,font,Caveat-Medium
generated/images/Caveat-Medium/lower/u/0010.png,u,font,Caveat-Medium
generated/images/Caveat-Medium/lower/v/0001.png,v,font,Caveat-Medium
generated/images/Caveat-Medium/lower/v/0002.png,v,font,Caveat-Medium
generated/images/Caveat-Medium/lower/v/0003.png,v,font,Caveat-Medium
generated/images/Caveat-Medium/lower/v/0004.png,v,font,Caveat-Medium
generated/images/Caveat-Medium/lower/v/0005.png,v,font,Caveat-Medium
generated/images/Caveat-Medium/lower/v/0006.png,v,font,Caveat-Medium
generated/images/Caveat-Medium/lower/v/0007.png,v,font,Caveat-Medium
generated/images/Caveat-Medium/lower/v/0008.png,v,font,Caveat-Medium
generated/images/Caveat-Medium/lower/v/0009.png,v,font,Caveat-Medium
generated/images/Caveat-Medium/lower/v/0010.png,v,font,Caveat-Medium
generated/images/Caveat-Medium/lower/w/0001.png,w,font,Caveat-Medium
generated/images/Caveat-Medium/lower/w/0002.png,w,font,Caveat-Medium
generated/images/Caveat-Medium/lower/w/0003.png,w,font,Caveat-Medium
generated/images/Caveat-Medium/lower/w/0004.png,w,font,Caveat-Medium
generated/images/Caveat-Medium/lower/w/0005.png,w,font,Caveat-Medium
generated/images/Caveat-Medium/lower/w/0006.png,w,font,Caveat-Medium
generated/images/Caveat-Medium/lower/w/0007.png,w,font,Caveat-Medium
generated/images/Caveat-Medium/lower/w/0008.png,w,font,Caveat-Medium
generated/images/Caveat-Medium/lower/w/0009.png,w,font,Caveat-Medium
generated/images/Caveat-Medium/lower/w/0010.png,w,font,Caveat-Medium
generated/images/Caveat-Medium/lower/x/0001.png,x,font,Caveat-Medium
generated/images/Caveat-Medium/lower/x/0002.png,x,font,Caveat-Medium
generated/images/Caveat-Medium/lower/x/0003.png,x,font,Caveat-Medium
generated/images/Caveat-Medium/lower/x/0004.png,x,font,Caveat-Medium
generated/images/Caveat-Medium/lower/x/0005.png,x,font,Caveat-Medium
generated/images/Caveat-Medium/lower/x/0006.png,x,font,Caveat-Medium
generated/images/Caveat-Medium/lower/x/0007.png,x,font,Caveat-Medium
generated/images/Caveat-Medium/lower/x/0008.png,x,font,Caveat-Medium
generated/images/Caveat-Medium/lower/x/0009.png,x,font,Caveat-Medium
generated/images/Caveat-Medium/lower/x/0010.png,x,font,Caveat-Medium
generated/images/Caveat-Medium/lower/y/0001.png,y,font,Caveat-Medium
generated/images/Caveat-Medium/lower/y/0002.png,y,font,Caveat-Medium
generated/images/Caveat-Medium/lower/y/0003.png,y,font,Caveat-Medium
generated/images/Caveat-Medium/lower/y/0004.png,y,font,Caveat-Medium
generated/images/Caveat-Medium/lower/y/0005.png,y,font,Caveat-Medium
generated/images/Caveat-Medium/lower/y/0006.png,y,font,Caveat-Medium
generated/images/Caveat-Medium/lower/y/0007.png,y,font,Caveat-Medium
generated/images/Caveat-Medium/lower/y/0008.png,y,font,Caveat-Medium
generated/images/Caveat-Medium/lower/y/0009.png,y,font,Caveat-Medium
generated/images/Caveat-Medium/lower/y/0010.png,y,font,Caveat-Medium
generated/images/Caveat-Medium/lower/z/0001.png,z,font,Caveat-Medium
generated/images/Caveat-Medium/lower/z/0002.png,z,font,Caveat-Medium
generated/images/Caveat-Medium/lower/z/0003.png,z,font,Caveat-Medium
generated/images/Caveat-Medium/lower/z/0004.png,z,font,Caveat-Medium
generated/images/Caveat-Medium/lower/z/0005.png,z,font,Caveat-Medium
generated/images/Caveat-Medium/lower/z/0006.png,z,font,Caveat-Medium
generated/images/Caveat-Medium/lower/z/0007.png,z,font,Caveat-Medium
generated/images/Caveat-Medium/lower/z/0008.png,z,font,Caveat-Medium
generated/images/Caveat-Medium/lower/z/0009.png,z,font,Caveat-Medium
generated/images/Caveat-Medium/lower/z/0010.png,z,font,Caveat-Medium
generated/images/Caveat-Regular/digit/0/0001.png,0,font,Caveat-Regular
generated/images/Caveat-Regular/digit/0/0002.png,0,font,Caveat-Regular
generated/images/Caveat-Regular/digit/0/0003.png,0,font,Caveat-Regular
generated/images/Caveat-Regular/digit/0/0004.png,0,font,Caveat-Regular
generated/images/Caveat-Regular/digit/0/0005.png,0,font,Caveat-Regular
generated/images/Caveat-Regular/digit/0/0006.png,0,font,Caveat-Regular
generated/images/Caveat-Regular/digit/0/0007.png,0,font,Caveat-Regular
generated/images/Caveat-Regular/digit/0/0008.png,0,font,Caveat-Regular
generated/images/Caveat-Regular/digit/0/0009.png,0,font,Caveat-Regular
generated/images/Caveat-Regular/digit/0/0010.png,0,font,Caveat-Regular
generated/images/Caveat-Regular/digit/1/0001.png,1,font,Caveat-Regular
generated/images/Caveat-Regular/digit/1/0002.png,1,font,Caveat-Regular
generated/images/Caveat-Regular/digit/1/0003.png,1,font,Caveat-Regular
generated/images/Caveat-Regular/digit/1/0004.png,1,font,Caveat-Regular
generated/images/Caveat-Regular/digit/1/0005.png,1,font,Caveat-Regular
generated/images/Caveat-Regular/digit/1/0006.png,1,font,Caveat-Regular
generated/images/Caveat-Regular/digit/1/0007.png,1,font,Caveat-Regular
generated/images/Caveat-Regular/digit/1/0008.png,1,font,Caveat-Regular
generated/images/Caveat-Regular/digit/1/0009.png,1,font,Caveat-Regular
generated/images/Caveat-Regular/digit/1/0010.png,1,font,Caveat-Regular
generated/images/Caveat-Regular/digit/2/0001.png,2,font,Caveat-Regular
generated/images/Caveat-Regular/digit/2/0002.png,2,font,Caveat-Regular
generated/images/Caveat-Regular/digit/2/0003.png,2,font,Caveat-Regular
generated/images/Caveat-Regular/digit/2/0004.png,2,font,Caveat-Regular
generated/images/Caveat-Regular/digit/2/0005.png,2,font,Caveat-Regular
generated/images/Caveat-Regular/digit/2/0006.png,2,font,Caveat-Regular
generated/images/Caveat-Regular/digit/2/0007.png,2,font,Caveat-Regular
generated/images/Caveat-Regular/digit/2/0008.png,2,font,Caveat-Regular
generated/images/Caveat-Regular/digit/2/0009.png,2,font,Caveat-Regular
generated/images/Caveat-Regular/digit/2/0010.png,2,font,Caveat-Regular
generated/images/Caveat-Regular/digit/3/0001.png,3,font,Caveat-Regular
generated/images/Caveat-Regular/digit/3/0002.png,3,font,Caveat-Regular
generated/images/Caveat-Regular/digit/3/0003.png,3,font,Caveat-Regular
generated/images/Caveat-Regular/digit/3/0004.png,3,font,Caveat-Regular
generated/images/Caveat-Regular/digit/3/0005.png,3,font,Caveat-Regular
generated/images/Caveat-Regular/digit/3/0006.png,3,font,Caveat-Regular
generated/images/Caveat-Regular/digit/3/0007.png,3,font,Caveat-Regular
generated/images/Caveat-Regular/digit/3/0008.png,3,font,Caveat-Regular
generated/images/Caveat-Regular/digit/3/0009.png,3,font,Caveat-Regular
generated/images/Caveat-Regular/digit/3/0010.png,3,font,Caveat-Regular
generated/images/Caveat-Regular/digit/4/0001.png,4,font,Caveat-Regular
generated/images/Caveat-Regular/digit/4/0002.png,4,font,Caveat-Regular
generated/images/Caveat-Regular/digit/4/0003.png,4,font,Caveat-Regular
generated/images/Caveat-Regular/digit/4/0004.png,4,font,Caveat-Regular
generated/images/Caveat-Regular/digit/4/0005.png,4,font,Caveat-Regular
generated/images/Caveat-Regular/digit/4/0006.png,4,font,Caveat-Regular
generated/images/Caveat-Regular/digit/4/0007.png,4,font,Caveat-Regular
generated/images/Caveat-Regular/digit/4/0008.png,4,font,Caveat-Regular
generated/images/Caveat-Regular/digit/4/0009.png,4,font,Caveat-Regular
generated/images/Caveat-Regular/digit/4/0010.png,4,font,Caveat-Regular
generated/images/Caveat-Regular/digit/5/0001.png,5,font,Caveat-Regular
generated/images/Caveat-Regular/digit/5/0002.png,5,font,Caveat-Regular
generated/images/Caveat-Regular/digit/5/0003.png,5,font,Caveat-Regular
generated/images/Caveat-Regular/digit/5/0004.png,5,font,Caveat-Regular
generated/images/Caveat-Regular/digit/5/0005.png,5,font,Caveat-Regular
generated/images/Caveat-Regular/digit/5/0006.png,5,font,Caveat-Regular
generated/images/Caveat-Regular/digit/5/0007.png,5,font,Caveat-Regular
generated/images/Caveat-Regular/digit/5/0008.png,5,font,Caveat-Regular
generated/images/Caveat-Regular/digit/5/0009.png,5,font,Caveat-Regular
generated/images/Caveat-Regular/digit/5/0010.png,5,font,Caveat-Regular
generated/images/Caveat-Regular/digit/6/0001.png,6,font,Caveat-Regular
generated/images/Caveat-Regular/digit/6/0002.png,6,font,Caveat-Regular
generated/images/Caveat-Regular/digit/6/0003.png,6,font,Caveat-Regular
generated/images/Caveat-Regular/digit/6/0004.png,6,font,Caveat-Regular
generated/images/Caveat-Regular/digit/6/0005.png,6,font,Caveat-Regular
generated/images/Caveat-Regular/digit/6/0006.png,6,font,Caveat-Regular
generated/images/Caveat-Regular/digit/6/0007.png,6,font,Caveat-Regular
generated/images/Caveat-Regular/digit/6/0008.png,6,font,Caveat-Regular
generated/images/Caveat-Regular/digit/6/0009.png,6,font,Caveat-Regular
generated/images/Caveat-Regular/digit/6/0010.png,6,font,Caveat-Regular
generated/images/Caveat-Regular/digit/7/0001.png,7,font,Caveat-Regular
generated/images/Caveat-Regular/digit/7/0002.png,7,font,Caveat-Regular
generated/images/Caveat-Regular/digit/7/0003.png,7,font,Caveat-Regular
generated/images/Caveat-Regular/digit/7/0004.png,7,font,Caveat-Regular
generated/images/Caveat-Regular/digit/7/0005.png,7,font,Caveat-Regular
generated/images/Caveat-Regular/digit/7/0006.png,7,font,Caveat-Regular
generated/images/Caveat-Regular/digit/7/0007.png,7,font,Caveat-Regular
generated/images/Caveat-Regular/digit/7/0008.png,7,font,Caveat-Regular
generated/images/Caveat-Regular/digit/7/0009.png,7,font,Caveat-Regular
generated/images/Caveat-Regular/digit/7/0010.png,7,font,Caveat-Regular
generated/images/Caveat-Regular/digit/8/0001.png,8,font,Caveat-Regular
generated/images/Caveat-Regular/digit/8/0002.png,8,font,Caveat-Regular
generated/images/Caveat-Regular/digit/8/0003.png,8,font,Caveat-Regular
generated/images/Caveat-Regular/digit/8/0004.png,8,font,Caveat-Regular
generated/images/Caveat-Regular/digit/8/0005.png,8,font,Caveat-Regular
generated/images/Caveat-Regular/digit/8/0006.png,8,font,Caveat-Regular
generated/images/Caveat-Regular/digit/8/0007.png,8,font,Caveat-Regular
generated/images/Caveat-Regular/digit/8/0008.png,8,font,Caveat-Regular
generated/images/Caveat-Regular/digit/8/0009.png,8,font,Caveat-Regular
generated/images/Caveat-Regular/digit/8/0010.png,8,font,Caveat-Regular
generated/images/Caveat-Regular/digit/9/0001.png,9,font,Caveat-Regular
generated/images/Caveat-Regular/digit/9/0002.png,9,font,Caveat-Regular
generated/images/Caveat-Regular/digit/9/0003.png,9,font,Caveat-Regular
generated/images/Caveat-Regular/digit/9/0004.png,9,font,Caveat-Regular
generated/images/Caveat-Regular/digit/9/0005.png,9,font,Caveat-Regular
generated/images/Caveat-Regular/digit/9/0006.png,9,font,Caveat-Regular
generated/images/Caveat-Regular/digit/9/0007.png,9,font,Caveat-Regular
generated/images/Caveat-Regular/digit/9/0008.png,9,font,Caveat-Regular
generated/images/Caveat-Regular/digit/9/0009.png,9,font,Caveat-Regular
generated/images/Caveat-Regular/digit/9/0010.png,9,font,Caveat-Regular
generated/images/Caveat-Regular/upper/A/0001.png,A,font,Caveat-Regular
generated/images/Caveat-Regular/upper/A/0002.png,A,font,Caveat-Regular
generated/images/Caveat-Regular/upper/A/0003.png,A,font,Caveat-Regular
generated/images/Caveat-Regular/upper/A/0004.png,A,font,Caveat-Regular
generated/images/Caveat-Regular/upper/A/0005.png,A,font,Caveat-Regular
generated/images/Caveat-Regular/upper/A/0006.png,A,font,Caveat-Regular
generated/images/Caveat-Regular/upper/A/0007.png,A,font,Caveat-Regular
generated/images/Caveat-Regular/upper/A/0008.png,A,font,Caveat-Regular
generated/images/Caveat-Regular/upper/A/0009.png,A,font,Caveat-Regular
generated/images/Caveat-Regular/upper/A/0010.png,A,font,Caveat-Regular
generated/images/Caveat-Regular/upper/B/0001.png,B,font,Caveat-Regular
generated/images/Caveat-Regular/upper/B/0002.png,B,font,Caveat-Regular
generated/images/Caveat-Regular/upper/B/0003.png,B,font,Caveat-Regular
generated/images/Caveat-Regular/upper/B/0004.png,B,font,Caveat-Regular
generated/images/Caveat-Regular/upper/B/0005.png,B,font,Caveat-Regular
generated/images/Caveat-Regular/upper/B/0006.png,B,font,Caveat-Regular
generated/images/Caveat-Regular/upper/B/0007.png,B,font,Caveat-Regular
generated/images/Caveat-Regular/upper/B/0008.png,B,font,Caveat-Regular
generated/images/Caveat-Regular/upper/B/0009.png,B,font,Caveat-Regular
generated/images/Caveat-Regular/upper/B/0010.png,B,font,Caveat-Regular
generated/images/Caveat-Regular/upper/C/0001.png,C,font,Caveat-Regular
generated/images/Caveat-Regular/upper/C/0002.png,C,font,Caveat-Regular
generated/images/Caveat-Regular/upper/C/0003.png,C,font,Caveat-Regular
generated/images/Caveat-Regular/upper/C/0004.png,C,font,Caveat-Regular
generated/images/Caveat-Regular/upper/C/0005.png,C,font,Caveat-Regular
generated/images/Caveat-Regular/upper/C/0006.png,C,font,Caveat-Regular
generated/images/Caveat-Regular/upper/C/0007.png,C,font,Caveat-Regular
generated/images/Caveat-Regular/upper/C/0008.png,C,font,Caveat-Regular
generated/images/Caveat-Regular/upper/C/0009.png,C,font,Caveat-Regular
generated/images/Caveat-Regular/upper/C/0010.png,C,font,Caveat-Regular
generated/images/Caveat-Regular/upper/D/0001.png,D,font,Caveat-Regular
generated/images/Caveat-Regular/upper/D/0002.png,D,font,Caveat-Regular
generated/images/Caveat-Regular/upper/D/0003.png,D,font,Caveat-Regular
generated/images/Caveat-Regular/upper/D/0004.png,D,font,Caveat-Regular
generated/images/Caveat-Regular/upper/D/0005.png,D,font,Caveat-Regular
generated/images/Caveat-Regular/upper/D/0006.png,D,font,Caveat-Regular
generated/images/Caveat-Regular/upper/D/0007.png,D,font,Caveat-Regular
generated/images/Caveat-Regular/upper/D/0008.png,D,font,Caveat-Regular
generated/images/Caveat-Regular/upper/D/0009.png,D,font,Caveat-Regular
generated/images/Caveat-Regular/upper/D/0010.png,D,font,Caveat-Regular
generated/images/Caveat-Regular/upper/E/0001.png,E,font,Caveat-Regular
generated/images/Caveat-Regular/upper/E/0002.png,E,font,Caveat-Regular
generated/images/Caveat-Regular/upper/E/0003.png,E,font,Caveat-Regular
generated/images/Caveat-Regular/upper/E/0004.png,E,font,Caveat-Regular
generated/images/Caveat-Regular/upper/E/0005.png,E,font,Caveat-Regular
generated/images/Caveat-Regular/upper/E/0006.png,E,font,Caveat-Regular
generated/images/Caveat-Regular/upper/E/0007.png,E,font,Caveat-Regular
generated/images/Caveat-Regular/upper/E/0008.png,E,font,Caveat-Regular
generated/images/Caveat-Regular/upper/E/0009.png,E,font,Caveat-Regular
generated/images/Caveat-Regular/upper/E/0010.png,E,font,Caveat-Regular
generated/images/Caveat-Regular/upper/F/0001.png,F,font,Caveat-Regular
generated/images/Caveat-Regular/upper/F/0002.png,F,font,Caveat-Regular
generated/images/Caveat-Regular/upper/F/0003.png,F,font,Caveat-Regular
generated/images/Caveat-Regular/upper/F/0004.png,F,font,Caveat-Regular
generated/images/Caveat-Regular/upper/F/0005.png,F,font,Caveat-Regular
generated/images/Caveat-Regular/upper/F/0006.png,F,font,Caveat-Regular
generated/images/Caveat-Regular/upper/F/0007.png,F,font,Caveat-Regular
generated/images/Caveat-Regular/upper/F/0008.png,F,font,Caveat-Regular
generated/images/Caveat-Regular/upper/F/0009.png,F,font,Caveat-Regular
generated/images/Caveat-Regular/upper/F/0010.png,F,font,Caveat-Regular
generated/images/Caveat-Regular/upper/G/0001.png,G,font,Caveat-Regular
generated/images/Caveat-Regular/upper/G/0002.png,G,font,Caveat-Regular
generated/images/Caveat-Regular/upper/G/0003.png,G,font,Caveat-Regular
generated/images/Caveat-Regular/upper/G/0004.png,G,font,Caveat-Regular
generated/images/Caveat-Regular/upper/G/0005.png,G,font,Caveat-Regular
generated/images/Caveat-Regular/upper/G/0006.png,G,font,Caveat-Regular
generated/images/Caveat-Regular/upper/G/0007.png,G,font,Caveat-Regular
generated/images/Caveat-Regular/upper/G/0008.png,G,font,Caveat-Regular
generated/images/Caveat-Regular/upper/G/0009.png,G,font,Caveat-Regular
generated/images/Caveat-Regular/upper/G/0010.png,G,font,Caveat-Regular
generated/images/Caveat-Regular/upper/H/0001.png,H,font,Caveat-Regular
generated/images/Caveat-Regular/upper/H/0002.png,H,font,Caveat-Regular
generated/images/Caveat-Regular/upper/H/0003.png,H,font,Caveat-Regular
generated/images/Caveat-Regular/upper/H/0004.png,H,font,Caveat-Regular
generated/images/Caveat-Regular/upper/H/0005.png,H,font,Caveat-Regular
generated/images/Caveat-Regular/upper/H/0006.png,H,font,Caveat-Regular
generated/images/Caveat-Regular/upper/H/0007.png,H,font,Caveat-Regular
generated/images/Caveat-Regular/upper/H/0008.png,H,font,Caveat-Regular
generated/images/Caveat-Regular/upper/H/0009.png,H,font,Caveat-Regular
generated/images/Caveat-Regular/upper/H/0010.png,H,font,Caveat-Regular
generated/images/Caveat-Regular/upper/I/0001.png,I,font,Caveat-Regular
generated/images/Caveat-Regular/upper/I/0002.png,I,font,Caveat-Regular
generated/images/Caveat-Regular/upper/I/0003.png,I,font,Caveat-Regular
generated/images/Caveat-Regular/upper/I/0004.png,I,font,Caveat-Regular
generated/images/Caveat-Regular/upper/I/0005.png,I,font,Caveat-Regular
generated/images/Caveat-Regular/upper/I/0006.png,I,font,Caveat-Regular
generated/images/Caveat-Regular/upper/I/0007.png,I,font,Caveat-Regular
generated/images/Caveat-Regular/upper/I/0008.png,I,font,Caveat-Regular
generated/images/Caveat-Regular/upper/I/0009.png,I,font,Caveat-Regular
generated/images/Caveat-Regular/upper/I/0010.png,I,font,Caveat-Regular
generated/images/Caveat-Regular/upper/J/0001.png,J,font,Caveat-Regular
generated/images/Caveat-Regular/upper/J/0002.png,J,font,Caveat-Regular
generated/images/Caveat-Regular/upper/J/0003.png,J,font,Caveat-Regular
generated/images/Caveat-Regular/upper/J/0004.png,J,font,Caveat-Regular
generated/images/Caveat-Regular/upper/J/0005.png,J,font,Caveat-Regular
generated/images/Caveat-Regular/upper/J/0006.png,J,font,Caveat-Regular
generated/images/Caveat-Regular/upper/J/0007.png,J,font,Caveat-Regular
generated/images/Caveat-Regular/upper/J/0008.png,J,font,Caveat-Regular
generated/images/Caveat-Regular/upper/J/0009.png,J,font,Caveat-Regular
generated/images/Caveat-Regular/upper/J/0010.png,J,font,Caveat-Regular
generated/images/Caveat-Regular/upper/K/0001.png,K,font,Caveat-Regular
generated/images/Caveat-Regular/upper/K/0002.png,K,font,Caveat-Regular
generated/images/Caveat-Regular/upper/K/0003.png,K,font,Caveat-Regular
generated/images/Caveat-Regular/upper/K/0004.png,K,font,Caveat-Regular
generated/images/Caveat-Regular/upper/K/0005.png,K,font,Caveat-Regular
generated/images/Caveat-Regular/upper/K/0006.png,K,font,Caveat-Regular
generated/images/Caveat-Regular/upper/K/0007.png,K,font,Caveat-Regular
generated/images/Caveat-Regular/upper/K/0008.png,K,font,Caveat-Regular
generated/images/Caveat-Regular/upper/K/0009.png,K,font,Caveat-Regular
generated/images/Caveat-Regular/upper/K/0010.png,K,font,Caveat-Regular
generated/images/Caveat-Regular/upper/L/0001.png,L,font,Caveat-Regular
generated/images/Caveat-Regular/upper/L/0002.png,L,font,Caveat-Regular
generated/images/Caveat-Regular/upper/L/0003.png,L,font,Caveat-Regular
generated/images/Caveat-Regular/upper/L/0004.png,L,font,Caveat-Regular
generated/images/Caveat-Regular/upper/L/0005.png,L,font,Caveat-Regular
generated/images/Caveat-Regular/upper/L/0006.png,L,font,Caveat-Regular
generated/images/Caveat-Regular/upper/L/0007.png,L,font,Caveat-Regular
generated/images/Caveat-Regular/upper/L/0008.png,L,font,Caveat-Regular
generated/images/Caveat-Regular/upper/L/0009.png,L,font,Caveat-Regular
generated/images/Caveat-Regular/upper/L/0010.png,L,font,Caveat-Regular
generated/images/Caveat-Regular/upper/M/0001.png,M,font,Caveat-Regular
generated/images/Caveat-Regular/upper/M/0002.png,M,font,Caveat-Regular
generated/images/Caveat-Regular/upper/M/0003.png,M,font,Caveat-Regular
generated/images/Caveat-Regular/upper/M/0004.png,M,font,Caveat-Regular
generated/images/Caveat-Regular/upper/M/0005.png,M,font,Caveat-Regular
generated/images/Caveat-Regular/upper/M/0006.png,M,font,Caveat-Regular
generated/images/Caveat-Regular/upper/M/0007.png,M,font,Caveat-Regular
generated/images/Caveat-Regular/upper/M/0008.png,M,font,Caveat-Regular
generated/images/Caveat-Regular/upper/M/0009.png,M,font,Caveat-Regular
generated/images/Caveat-Regular/upper/M/0010.png,M,font,Caveat-Regular
generated/images/Caveat-Regular/upper/N/0001.png,N,font,Caveat-Regular
generated/images/Caveat-Regular/upper/N/0002.png,N,font,Caveat-Regular
generated/images/Caveat-Regular/upper/N/0003.png,N,font,Caveat-Regular
generated/images/Caveat-Regular/upper/N/0004.png,N,font,Caveat-Regular
generated/images/Caveat-Regular/upper/N/0005.png,N,font,Caveat-Regular
generated/images/Caveat-Regular/upper/N/0006.png,N,font,Caveat-Regular
generated/images/Caveat-Regular/upper/N/0007.png,N,font,Caveat-Regular
generated/images/Caveat-Regular/upper/N/0008.png,N,font,Caveat-Regular
generated/images/Caveat-Regular/upper/N/0009.png,N,font,Caveat-Regular
generated/images/Caveat-Regular/upper/N/0010.png,N,font,Caveat-Regular
generated/images/Caveat-Regular/upper/O/0001.png,O,font,Caveat-Regular
generated/images/Caveat-Regular/upper/O/0002.png,O,font,Caveat-Regular
generated/images/Caveat-Regular/upper/O/0003.png,O,font,Caveat-Regular
generated/images/Caveat-Regular/upper/O/0004.png,O,font,Caveat-Regular
generated/images/Caveat-Regular/upper/O/0005.png,O,font,Caveat-Regular
generated/images/Caveat-Regular/upper/O/0006.png,O,font,Caveat-Regular
generated/images/Caveat-Regular/upper/O/0007.png,O,font,Caveat-Regular
generated/images/Caveat-Regular/upper/O/0008.png,O,font,Caveat-Regular
generated/images/Caveat-Regular/upper/O/0009.png,O,font,Caveat-Regular
generated/images/Caveat-Regular/upper/O/0010.png,O,font,Caveat-Regular
generated/images/Caveat-Regular/upper/P/0001.png,P,font,Caveat-Regular
generated/images/Caveat-Regular/upper/P/0002.png,P,font,Caveat-Regular
generated/images/Caveat-Regular/upper/P/0003.png,P,font,Caveat-Regular
generated/images/Caveat-Regular/upper/P/0004.png,P,font,Caveat-Regular
generated/images/Caveat-Regular/upper/P/0005.png,P,font,Caveat-Regular
generated/images/Caveat-Regular/upper/P/0006.png,P,font,Caveat-Regular
generated/images/Caveat-Regular/upper/P/0007.png,P,font,Caveat-Regular
generated/images/Caveat-Regular/upper/P/0008.png,P,font,Caveat-Regular
generated/images/Caveat-Regular/upper/P/0009.png,P,font,Caveat-Regular
generated/images/Caveat-Regular/upper/P/0010.png,P,font,Caveat-Regular
generated/images/Caveat-Regular/upper/Q/0001.png,Q,font,Caveat-Regular
generated/images/Caveat-Regular/upper/Q/0002.png,Q,font,Caveat-Regular
generated/images/Caveat-Regular/upper/Q/0003.png,Q,font,Caveat-Regular
generated/images/Caveat-Regular/upper/Q/0004.png,Q,font,Caveat-Regular
generated/images/Caveat-Regular/upper/Q/0005.png,Q,font,Caveat-Regular
generated/images/Caveat-Regular/upper/Q/0006.png,Q,font,Caveat-Regular
generated/images/Caveat-Regular/upper/Q/0007.png,Q,font,Caveat-Regular
generated/images/Caveat-Regular/upper/Q/0008.png,Q,font,Caveat-Regular
generated/images/Caveat-Regular/upper/Q/0009.png,Q,font,Caveat-Regular
generated/images/Caveat-Regular/upper/Q/0010.png,Q,font,Caveat-Regular
generated/images/Caveat-Regular/upper/R/0001.png,R,font,Caveat-Regular
generated/images/Caveat-Regular/upper/R/0002.png,R,font,Caveat-Regular
generated/images/Caveat-Regular/upper/R/0003.png,R,font,Caveat-Regular
generated/images/Caveat-Regular/upper/R/0004.png,R,font,Caveat-Regular
generated/images/Caveat-Regular/upper/R/0005.png,R,font,Caveat-Regular
generated/images/Caveat-Regular/upper/R/0006.png,R,font,Caveat-Regular
generated/images/Caveat-Regular/upper/R/0007.png,R,font,Caveat-Regular
generated/images/Caveat-Regular/upper/R/0008.png,R,font,Caveat-Regular
generated/images/Caveat-Regular/upper/R/0009.png,R,font,Caveat-Regular
generated/images/Caveat-Regular/upper/R/0010.png,R,font,Caveat-Regular
generated/images/Caveat-Regular/upper/S/0001.png,S,font,Caveat-Regular
generated/images/Caveat-Regular/upper/S/0002.png,S,font,Caveat-Regular
generated/images/Caveat-Regular/upper/S/0003.png,S,font,Caveat-Regular
generated/images/Caveat-Regular/upper/S/0004.png,S,font,Caveat-Regular
generated/images/Caveat-Regular/upper/S/0005.png,S,font,Caveat-Regular
generated/images/Caveat-Regular/upper/S/0006.png,S,font,Caveat-Regular
generated/images/Caveat-Regular/upper/S/0007.png,S,font,Caveat-Regular
generated/images/Caveat-Regular/upper/S/0008.png,S,font,Caveat-Regular
generated/images/Caveat-Regular/upper/S/0009.png,S,font,Caveat-Regular
generated/images/Caveat-Regular/upper/S/0010.png,S,font,Caveat-Regular
generated/images/Caveat-Regular/upper/T/0001.png,T,font,Caveat-Regular
generated/images/Caveat-Regular/upper/T/0002.png,T,font,Caveat-Regular
generated/images/Caveat-Regular/upper/T/0003.png,T,font,Caveat-Regular
generated/images/Caveat-Regular/upper/T/0004.png,T,font,Caveat-Regular
generated/images/Caveat-Regular/upper/T/0005.png,T,font,Caveat-Regular
generated/images/Caveat-Regular/upper/T/0006.png,T,font,Caveat-Regular
generated/images/Caveat-Regular/upper/T/0007.png,T,font,Caveat-Regular
generated/images/Caveat-Regular/upper/T/0008.png,T,font,Caveat-Regular
generated/images/Caveat-Regular/upper/T/0009.png,T,font,Caveat-Regular
generated/images/Caveat-Regular/upper/T/0010.png,T,font,Caveat-Regular
generated/images/Caveat-Regular/upper/U/0001.png,U,font,Caveat-Regular
generated/images/Caveat-Regular/upper/U/0002.png,U,font,Caveat-Regular
generated/images/Caveat-Regular/upper/U/0003.png,U,font,Caveat-Regular
generated/images/Caveat-Regular/upper/U/0004.png,U,font,Caveat-Regular
generated/images/Caveat-Regular/upper/U/0005.png,U,font,Caveat-Regular
generated/images/Caveat-Regular/upper/U/0006.png,U,font,Caveat-Regular
generated/images/Caveat-Regular/upper/U/0007.png,U,font,Caveat-Regular
generated/images/Caveat-Regular/upper/U/0008.png,U,font,Caveat-Regular
generated/images/Caveat-Regular/upper/U/0009.png,U,font,Caveat-Regular
generated/images/Caveat-Regular/upper/U/0010.png,U,font,Caveat-Regular
generated/images/Caveat-Regular/upper/V/0001.png,V,font,Caveat-Regular
generated/images/Caveat-Regular/upper/V/0002.png,V,font,Caveat-Regular
generated/images/Caveat-Regular/upper/V/0003.png,V,font,Caveat-Regular
generated/images/Caveat-Regular/upper/V/0004.png,V,font,Caveat-Regular
generated/images/Caveat-Regular/upper/V/0005.png,V,font,Caveat-Regular
generated/images/Caveat-Regular/upper/V/0006.png,V,font,Caveat-Regular
generated/images/Caveat-Regular/upper/V/0007.png,V,font,Caveat-Regular
generated/images/Caveat-Regular/upper/V/0008.png,V,font,Caveat-Regular
generated/images/Caveat-Regular/upper/V/0009.png,V,font,Caveat-Regular
generated/images/Caveat-Regular/upper/V/0010.png,V,font,Caveat-Regular
generated/images/Caveat-Regular/upper/W/0001.png,W,font,Caveat-Regular
generated/images/Caveat-Regular/upper/W/0002.png,W,font,Caveat-Regular
generated/images/Caveat-Regular/upper/W/0003.png,W,font,Caveat-Regular
generated/images/Caveat-Regular/upper/W/0004.png,W,font,Caveat-Regular
generated/images/Caveat-Regular/upper/W/0005.png,W,font,Caveat-Regular
generated/images/Caveat-Regular/upper/W/0006.png,W,font,Caveat-Regular
generated/images/Caveat-Regular/upper/W/0007.png,W,font,Caveat-Regular
generated/images/Caveat-Regular/upper/W/0008.png,W,font,Caveat-Regular
generated/images/Caveat-Regular/upper/W/0009.png,W,font,Caveat-Regular
generated/images/Caveat-Regular/upper/W/0010.png,W,font,Caveat-Regular
generated/images/Caveat-Regular/upper/X/0001.png,X,font,Caveat-Regular
generated/images/Caveat-Regular/upper/X/0002.png,X,font,Caveat-Regular
generated/images/Caveat-Regular/upper/X/0003.png,X,font,Caveat-Regular
generated/images/Caveat-Regular/upper/X/0004.png,X,font,Caveat-Regular
generated/images/Caveat-Regular/upper/X/0005.png,X,font,Caveat-Regular
generated/images/Caveat-Regular/upper/X/0006.png,X,font,Caveat-Regular
generated/images/Caveat-Regular/upper/X/0007.png,X,font,Caveat-Regular
generated/images/Caveat-Regular/upper/X/0008.png,X,font,Caveat-Regular
generated/images/Caveat-Regular/upper/X/0009.png,X,font,Caveat-Regular
generated/images/Caveat-Regular/upper/X/0010.png,X,font,Caveat-Regular
generated/images/Caveat-Regular/upper/Y/0001.png,Y,font,Caveat-Regular
generated/images/Caveat-Regular/upper/Y/0002.png,Y,font,Caveat-Regular
generated/images/Caveat-Regular/upper/Y/0003.png,Y,font,Caveat-Regular
generated/images/Caveat-Regular/upper/Y/0004.png,Y,font,Caveat-Regular
generated/images/Caveat-Regular/upper/Y/0005.png,Y,font,Caveat-Regular
generated/images/Caveat-Regular/upper/Y/0006.png,Y,font,Caveat-Regular
generated/images/Caveat-Regular/upper/Y/0007.png,Y,font,Caveat-Regular
generated/images/Caveat-Regular/upper/Y/0008.png,Y,font,Caveat-Regular
generated/images/Caveat-Regular/upper/Y/0009.png,Y,font,Caveat-Regular
generated/images/Caveat-Regular/upper/Y/0010.png,Y,font,Caveat-Regular
generated/images/Caveat-Regular/upper/Z/0001.png,Z,font,Caveat-Regular
generated/images/Caveat-Regular/upper/Z/0002.png,Z,font,Caveat-Regular
generated/images/Caveat-Regular/upper/Z/0003.png,Z,font,Caveat-Regular
generated/images/Caveat-Regular/upper/Z/0004.png,Z,font,Caveat-Regular
generated/images/Caveat-Regular/upper/Z/0005.png,Z,font,Caveat-Regular
generated/images/Caveat-Regular/upper/Z/0006.png,Z,font,Caveat-Regular
generated/images/Caveat-Regular/upper/Z/0007.png,Z,font,Caveat-Regular
generated/images/Caveat-Regular/upper/Z/0008.png,Z,font,Caveat-Regular
generated/images/Caveat-Regular/upper/Z/0009.png,Z,font,Caveat-Regular
generated/images/Caveat-Regular/upper/Z/0010.png,Z,font,Caveat-Regular
generated/images/Caveat-Regular/lower/a/0001.png,a,font,Caveat-Regular
generated/images/Caveat-Regular/lower/a/0002.png,a,font,Caveat-Regular
generated/images/Caveat-Regular/lower/a/0003.png,a,font,Caveat-Regular
generated/images/Caveat-Regular/lower/a/0004.png,a,font,Caveat-Regular
generated/images/Caveat-Regular/lower/a/0005.png,a,font,Caveat-Regular
generated/images/Caveat-Regular/lower/a/0006.png,a,font,Caveat-Regular
generated/images/Caveat-Regular/lower/a/0007.png,a,font,Caveat-Regular
generated/images/Caveat-Regular/lower/a/0008.png,a,font,Caveat-Regular
generated/images/Caveat-Regular/lower/a/0009.png,a,font,Caveat-Regular
generated/images/Caveat-Regular/lower/a/0010.png,a,font,Caveat-Regular
generated/images/Caveat-Regular/lower/b/0001.png,b,font,Caveat-Regular
generated/images/Caveat-Regular/lower/b/0002.png,b,font,Caveat-Regular
generated/images/Caveat-Regular/lower/b/0003.png,b,font,Caveat-Regular
generated/images/Caveat-Regular/lower/b/0004.png,b,font,Caveat-Regular
generated/images/Caveat-Regular/lower/b/0005.png,b,font,Caveat-Regular
generated/images/Caveat-Regular/lower/b/0006.png,b,font,Caveat-Regular
generated/images/Caveat-Regular/lower/b/0007.png,b,font,Caveat-Regular
generated/images/Caveat-Regular/lower/b/0008.png,b,font,Caveat-Regular
generated/images/Caveat-Regular/lower/b/0009.png,b,font,Caveat-Regular
generated/images/Caveat-Regular/lower/b/0010.png,b,font,Caveat-Regular
generated/images/Caveat-Regular/lower/c/0001.png,c,font,Caveat-Regular
generated/images/Caveat-Regular/lower/c/0002.png,c,font,Caveat-Regular
generated/images/Caveat-Regular/lower/c/0003.png,c,font,Caveat-Regular
generated/images/Caveat-Regular/lower/c/0004.png,c,font,Caveat-Regular
generated/images/Caveat-Regular/lower/c/0005.png,c,font,Caveat-Regular
generated/images/Caveat-Regular/lower/c/0006.png,c,font,Caveat-Regular
generated/images/Caveat-Regular/lower/c/0007.png,c,font,Caveat-Regular
generated/images/Caveat-Regular/lower/c/0008.png,c,font,Caveat-Regular
generated/images/Caveat-Regular/lower/c/0009.png,c,font,Caveat-Regular
generated/images/Caveat-Regular/lower/c/0010.png,c,font,Caveat-Regular
generated/images/Caveat-Regular/lower/d/0001.png,d,font,Caveat-Regular
generated/images/Caveat-Regular/lower/d/0002.png,d,font,Caveat-Regular
generated/images/Caveat-Regular/lower/d/0003.png,d,font,Caveat-Regular
generated/images/Caveat-Regular/lower/d/0004.png,d,font,Caveat-Regular
generated/images/Caveat-Regular/lower/d/0005.png,d,font,Caveat-Regular
generated/images/Caveat-Regular/lower/d/0006.png,d,font,Caveat-Regular
generated/images/Caveat-Regular/lower/d/0007.png,d,font,Caveat-Regular
generated/images/Caveat-Regular/lower/d/0008.png,d,font,Caveat-Regular
generated/images/Caveat-Regular/lower/d/0009.png,d,font,Caveat-Regular
generated/images/Caveat-Regular/lower/d/0010.png,d,font,Caveat-Regular
generated/images/Caveat-Regular/lower/e/0001.png,e,font,Caveat-Regular
generated/images/Caveat-Regular/lower/e/0002.png,e,font,Caveat-Regular
generated/images/Caveat-Regular/lower/e/0003.png,e,font,Caveat-Regular
generated/images/Caveat-Regular/lower/e/0004.png,e,font,Caveat-Regular
generated/images/Caveat-Regular/lower/e/0005.png,e,font,Caveat-Regular
generated/images/Caveat-Regular/lower/e/0006.png,e,font,Caveat-Regular
generated/images/Caveat-Regular/lower/e/0007.png,e,font,Caveat-Regular
generated/images/Caveat-Regular/lower/e/0008.png,e,font,Caveat-Regular
generated/images/Caveat-Regular/lower/e/0009.png,e,font,Caveat-Regular
generated/images/Caveat-Regular/lower/e/0010.png,e,font,Caveat-Regular
generated/images/Caveat-Regular/lower/f/0001.png,f,font,Caveat-Regular
generated/images/Caveat-Regular/lower/f/0002.png,f,font,Caveat-Regular
generated/images/Caveat-Regular/lower/f/0003.png,f,font,Caveat-Regular
generated/images/Caveat-Regular/lower/f/0004.png,f,font,Caveat-Regular
generated/images/Caveat-Regular/lower/f/0005.png,f,font,Caveat-Regular
generated/images/Caveat-Regular/lower/f/0006.png,f,font,Caveat-Regular
generated/images/Caveat-Regular/lower/f/0007.png,f,font,Caveat-Regular
generated/images/Caveat-Regular/lower/f/0008.png,f,font,Caveat-Regular
generated/images/Caveat-Regular/lower/f/0009.png,f,font,Caveat-Regular
generated/images/Caveat-Regular/lower/f/0010.png,f,font,Caveat-Regular
generated/images/Caveat-Regular/lower/g/0001.png,g,font,Caveat-Regular
generated/images/Caveat-Regular/lower/g/0002.png,g,font,Caveat-Regular
generated/images/Caveat-Regular/lower/g/0003.png,g,font,Caveat-Regular
generated/images/Caveat-Regular/lower/g/0004.png,g,font,Caveat-Regular
generated/images/Caveat-Regular/lower/g/0005.png,g,font,Caveat-Regular
generated/images/Caveat-Regular/lower/g/0006.png,g,font,Caveat-Regular
generated/images/Caveat-Regular/lower/g/0007.png,g,font,Caveat-Regular
generated/images/Caveat-Regular/lower/g/0008.png,g,font,Caveat-Regular
generated/images/Caveat-Regular/lower/g/0009.png,g,font,Caveat-Regular
generated/images/Caveat-Regular/lower/g/0010.png,g,font,Caveat-Regular
generated/images/Caveat-Regular/lower/h/0001.png,h,font,Caveat-Regular
generated/images/Caveat-Regular/lower/h/0002.png,h,font,Caveat-Regular
generated/images/Caveat-Regular/lower/h/0003.png,h,font,Caveat-Regular
generated/images/Caveat-Regular/lower/h/0004.png,h,font,Caveat-Regular
generated/images/Caveat-Regular/lower/h/0005.png,h,font,Caveat-Regular
generated/images/Caveat-Regular/lower/h/0006.png,h,font,Caveat-Regular
generated/images/Caveat-Regular/lower/h/0007.png,h,font,Caveat-Regular
generated/images/Caveat-Regular/lower/h/0008.png,h,font,Caveat-Regular
generated/images/Caveat-Regular/lower/h/0009.png,h,font,Caveat-Regular
generated/images/Caveat-Regular/lower/h/0010.png,h,font,Caveat-Regular
generated/images/Caveat-Regular/lower/i/0001.png,i,font,Caveat-Regular
generated/images/Caveat-Regular/lower/i/0002.png,i,font,Caveat-Regular
generated/images/Caveat-Regular/lower/i/0003.png,i,font,Caveat-Regular
generated/images/Caveat-Regular/lower/i/0004.png,i,font,Caveat-Regular
generated/images/Caveat-Regular/lower/i/0005.png,i,font,Caveat-Regular
generated/images/Caveat-Regular/lower/i/0006.png,i,font,Caveat-Regular
generated/images/Caveat-Regular/lower/i/0007.png,i,font,Caveat-Regular
generated/images/Caveat-Regular/lower/i/0008.png,i,font,Caveat-Regular
generated/images/Caveat-Regular/lower/i/0009.png,i,font,Caveat-Regular
generated/images/Caveat-Regular/lower/i/0010.png,i,font,Caveat-Regular
generated/images/Caveat-Regular/lower/j/0001.png,j,font,Caveat-Regular
generated/images/Caveat-Regular/lower/j/0002.png,j,font,Caveat-Regular
generated/images/Caveat-Regular/lower/j/0003.png,j,font,Caveat-Regular
generated/images/Caveat-Regular/lower/j/0004.png,j,font,Caveat-Regular
generated/images/Caveat-Regular/lower/j/0005.png,j,font,Caveat-Regular
generated/images/Caveat-Regular/lower/j/0006.png,j,font,Caveat-Regular
generated/images/Caveat-Regular/lower/j/0007.png,j,font,Caveat-Regular
generated/images/Caveat-Regular/lower/j/0008.png,j,font,Caveat-Regular
generated/images/Caveat-Regular/lower/j/0009.png,j,font,Caveat-Regular
generated/images/Caveat-Regular/lower/j/0010.png,j,font,Caveat-Regular
generated/images/Caveat-Regular/lower/k/0001.png,k,font,Caveat-Regular
generated/images/Caveat-Regular/lower/k/0002.png,k,font,Caveat-Regular
generated/images/Caveat-Regular/lower/k/0003.png,k,font,Caveat-Regular
generated/images/Caveat-Regular/lower/k/0004.png,k,font,Caveat-Regular
generated/images/Caveat-Regular/lower/k/0005.png,k,font,Caveat-Regular
generated/images/Caveat-Regular/lower/k/0006.png,k,font,Caveat-Regular
generated/images/Caveat-Regular/lower/k/0007.png,k,font,Caveat-Regular
generated/images/Caveat-Regular/lower/k/0008.png,k,font,Caveat-Regular
generated/images/Caveat-Regular/lower/k/0009.png,k,font,Caveat-Regular
generated/images/Caveat-Regular/lower/k/0010.png,k,font,Caveat-Regular
generated/images/Caveat-Regular/lower/l/0001.png,l,font,Caveat-Regular
generated/images/Caveat-Regular/lower/l/0002.png,l,font,Caveat-Regular
generated/images/Caveat-Regular/lower/l/0003.png,l,font,Caveat-Regular
generated/images/Caveat-Regular/lower/l/0004.png,l,font,Caveat-Regular
generated/images/Caveat-Regular/lower/l/0005.png,l,font,Caveat-Regular
generated/images/Caveat-Regular/lower/l/0006.png,l,font,Caveat-Regular
generated/images/Caveat-Regular/lower/l/0007.png,l,font,Caveat-Regular
generated/images/Caveat-Regular/lower/l/0008.png,l,font,Caveat-Regular
generated/images/Caveat-Regular/lower/l/0009.png,l,font,Caveat-Regular
generated/images/Caveat-Regular/lower/l/0010.png,l,font,Caveat-Regular
generated/images/Caveat-Regular/lower/m/0001.png,m,font,Caveat-Regular
generated/images/Caveat-Regular/lower/m/0002.png,m,font,Caveat-Regular
generated/images/Caveat-Regular/lower/m/0003.png,m,font,Caveat-Regular
generated/images/Caveat-Regular/lower/m/0004.png,m,font,Caveat-Regular
generated/images/Caveat-Regular/lower/m/0005.png,m,font,Caveat-Regular
generated/images/Caveat-Regular/lower/m/0006.png,m,font,Caveat-Regular
generated/images/Caveat-Regular/lower/m/0007.png,m,font,Caveat-Regular
generated/images/Caveat-Regular/lower/m/0008.png,m,font,Caveat-Regular
generated/images/Caveat-Regular/lower/m/0009.png,m,font,Caveat-Regular
generated/images/Caveat-Regular/lower/m/0010.png,m,font,Caveat-Regular
generated/images/Caveat-Regular/lower/n/0001.png,n,font,Caveat-Regular
generated/images/Caveat-Regular/lower/n/0002.png,n,font,Caveat-Regular
generated/images/Caveat-Regular/lower/n/0003.png,n,font,Caveat-Regular
generated/images/Caveat-Regular/lower/n/0004.png,n,font,Caveat-Regular
generated/images/Caveat-Regular/lower/n/0005.png,n,font,Caveat-Regular
generated/images/Caveat-Regular/lower/n/0006.png,n,font,Caveat-Regular
generated/images/Caveat-Regular/lower/n/0007.png,n,font,Caveat-Regular
generated/images/Caveat-Regular/lower/n/0008.png,n,font,Caveat-Regular
generated/images/Caveat-Regular/lower/n/0009.png,n,font,Caveat-Regular
generated/images/Caveat-Regular/lower/n/0010.png,n,font,Caveat-Regular
generated/images/Caveat-Regular/lower/o/0001.png,o,font,Caveat-Regular
generated/images/Caveat-Regular/lower/o/0002.png,o,font,Caveat-Regular
generated/images/Caveat-Regular/lower/o/0003.png,o,font,Caveat-Regular
generated/images/Caveat-Regular/lower/o/0004.png,o,font,Caveat-Regular
generated/images/Caveat-Regular/lower/o/0005.png,o,font,Caveat-Regular
generated/images/Caveat-Regular/lower/o/0006.png,o,font,Caveat-Regular
generated/images/Caveat-Regular/lower/o/0007.png,o,font,Caveat-Regular
generated/images/Caveat-Regular/lower/o/0008.png,o,font,Caveat-Regular
generated/images/Caveat-Regular/lower/o/0009.png,o,font,Caveat-Regular
generated/images/Caveat-Regular/lower/o/0010.png,o,font,Caveat-Regular
generated/images/Caveat-Regular/lower/p/0001.png,p,font,Caveat-Regular
generated/images/Caveat-Regular/lower/p/0002.png,p,font,Caveat-Regular
generated/images/Caveat-Regular/lower/p/0003.png,p,font,Caveat-Regular
generated/images/Caveat-Regular/lower/p/0004.png,p,font,Caveat-Regular
generated/images/Caveat-Regular/lower/p/0005.png,p,font,Caveat-Regular
generated/images/Caveat-Regular/lower/p/0006.png,p,font,Caveat-Regular
generated/images/Caveat-Regular/lower/p/0007.png,p,font,Caveat-Regular
generated/images/Caveat-Regular/lower/p/0008.png,p,font,Caveat-Regular
generated/images/Caveat-Regular/lower/p/0009.png,p,font,Caveat-Regular
generated/images/Caveat-Regular/lower/p/0010.png,p,font,Caveat-Regular
generated/images/Caveat-Regular/lower/q/0001.png,q,font,Caveat-Regular
generated/images/Caveat-Regular/lower/q/0002.png,q,font,Caveat-Regular
generated/images/Caveat-Regular/lower/q/0003.png,q,font,Caveat-Regular
generated/images/Caveat-Regular/lower/q/0004.png,q,font,Caveat-Regular
generated/images/Caveat-Regular/lower/q/0005.png,q,font,Caveat-Regular
generated/images/Caveat-Regular/lower/q/0006.png,q,font,Caveat-Regular
generated/images/Caveat-Regular/lower/q/0007.png,q,font,Caveat-Regular
generated/images/Caveat-Regular/lower/q/0008.png,q,font,Caveat-Regular
generated/images/Caveat-Regular/lower/q/0009.png,q,font,Caveat-Regular
generated/images/Caveat-Regular/lower/q/0010.png,q,font,Caveat-Regular
generated/images/Caveat-Regular/lower/r/0001.png,r,font,Caveat-Regular
generated/images/Caveat-Regular/lower/r/0002.png,r,font,Caveat-Regular
generated/images/Caveat-Regular/lower/r/0003.png,r,font,Caveat-Regular
generated/images/Caveat-Regular/lower/r/0004.png,r,font,Caveat-Regular
generated/images/Caveat-Regular/lower/r/0005.png,r,font,Caveat-Regular
generated/images/Caveat-Regular/lower/r/0006.png,r,font,Caveat-Regular
generated/images/Caveat-Regular/lower/r/0007.png,r,font,Caveat-Regular
generated/images/Caveat-Regular/lower/r/0008.png,r,font,Caveat-Regular
generated/images/Caveat-Regular/lower/r/0009.png,r,font,Caveat-Regular
generated/images/Caveat-Regular/lower/r/0010.png,r,font,Caveat-Regular
generated/images/Caveat-Regular/lower/s/0001.png,s,font,Caveat-Regular
generated/images/Caveat-Regular/lower/s/0002.png,s,font,Caveat-Regular
generated/images/Caveat-Regular/lower/s/0003.png,s,font,Caveat-Regular
generated/images/Caveat-Regular/lower/s/0004.png,s,font,Caveat-Regular
generated/images/Caveat-Regular/lower/s/0005.png,s,font,Caveat-Regular
generated/images/Caveat-Regular/lower/s/0006.png,s,font,Caveat-Regular
generated/images/Caveat-Regular/lower/s/0007.png,s,font,Caveat-Regular
generated/images/Caveat-Regular/lower/s/0008.png,s,font,Caveat-Regular
generated/images/Caveat-Regular/lower/s/0009.png,s,font,Caveat-Regular
generated/images/Caveat-Regular/lower/s/0010.png,s,font,Caveat-Regular
generated/images/Caveat-Regular/lower/t/0001.png,t,font,Caveat-Regular
generated/images/Caveat-Regular/lower/t/0002.png,t,font,Caveat-Regular
generated/images/Caveat-Regular/lower/t/0003.png,t,font,Caveat-Regular
generated/images/Caveat-Regular/lower/t/0004.png,t,font,Caveat-Regular
generated/images/Caveat-Regular/lower/t/0005.png,t,font,Caveat-Regular
generated/images/Caveat-Regular/lower/t/0006.png,t,font,Caveat-Regular
generated/images/Caveat-Regular/lower/t/0007.png,t,font,Caveat-Regular
generated/images/Caveat-Regular/lower/t/0008.png,t,font,Caveat-Regular
generated/images/Caveat-Regular/lower/t/0009.png,t,font,Caveat-Regular
generated/images/Caveat-Regular/lower/t/0010.png,t,font,Caveat-Regular
generated/images/Caveat-Regular/lower/u/0001.png,u,font,Caveat-Regular
generated/images/Caveat-Regular/lower/u/0002.png,u,font,Caveat-Regular
generated/images/Caveat-Regular/lower/u/0003.png,u,font,Caveat-Regular
generated/images/Caveat-Regular/lower/u/0004.png,u,font,Caveat-Regular
generated/images/Caveat-Regular/lower/u/0005.png,u,font,Caveat-Regular
generated/images/Caveat-Regular/lower/u/0006.png,u,font,Caveat-Regular
generated/images/Caveat-Regular/lower/u/0007.png,u,font,Caveat-Regular
generated/images/Caveat-Regular/lower/u/0008.png,u,font,Caveat-Regular
generated/images/Caveat-Regular/lower/u/0009.png,u,font,Caveat-Regular
generated/images/Caveat-Regular/lower/u/0010.png,u,font,Caveat-Regular
generated/images/Caveat-Regular/lower/v/0001.png,v,font,Caveat-Regular
generated/images/Caveat-Regular/lower/v/0002.png,v,font,Caveat-Regular
generated/images/Caveat-Regular/lower/v/0003.png,v,font,Caveat-Regular
generated/images/Caveat-Regular/lower/v/0004.png,v,font,Caveat-Regular
generated/images/Caveat-Regular/lower/v/0005.png,v,font,Caveat-Regular
generated/images/Caveat-Regular/lower/v/0006.png,v,font,Caveat-Regular
generated/images/Caveat-Regular/lower/v/0007.png,v,font,Caveat-Regular
generated/images/Caveat-Regular/lower/v/0008.png,v,font,Caveat-Regular
generated/images/Caveat-Regular/lower/v/0009.png,v,font,Caveat-Regular
generated/images/Caveat-Regular/lower/v/0010.png,v,font,Caveat-Regular
generated/images/Caveat-Regular/lower/w/0001.png,w,font,Caveat-Regular
generated/images/Caveat-Regular/lower/w/0002.png,w,font,Caveat-Regular
generated/images/Caveat-Regular/lower/w/0003.png,w,font,Caveat-Regular
generated/images/Caveat-Regular/lower/w/0004.png,w,font,Caveat-Regular
generated/images/Caveat-Regular/lower/w/0005.png,w,font,Caveat-Regular
generated/images/Caveat-Regular/lower/w/0006.png,w,font,Caveat-Regular
generated/images/Caveat-Regular/lower/w/0007.png,w,font,Caveat-Regular
generated/images/Caveat-Regular/lower/w/0008.png,w,font,Caveat-Regular
generated/images/Caveat-Regular/lower/w/0009.png,w,font,Caveat-Regular
generated/images/Caveat-Regular/lower/w/0010.png,w,font,Caveat-Regular
generated/images/Caveat-Regular/lower/x/0001.png,x,font,Caveat-Regular
generated/images/Caveat-Regular/lower/x/0002.png,x,font,Caveat-Regular
generated/images/Caveat-Regular/lower/x/0003.png,x,font,Caveat-Regular
generated/images/Caveat-Regular/lower/x/0004.png,x,font,Caveat-Regular
generated/images/Caveat-Regular/lower/x/0005.png,x,font,Caveat-Regular
generated/images/Caveat-Regular/lower/x/0006.png,x,font,Caveat-Regular
generated/images/Caveat-Regular/lower/x/0007.png,x,font,Caveat-Regular
generated/images/Caveat-Regular/lower/x/0008.png,x,font,Caveat-Regular
generated/images/Caveat-Regular/lower/x/0009.png,x,font,Caveat-Regular
generated/images/Caveat-Regular/lower/x/0010.png,x,font,Caveat-Regular
generated/images/Caveat-Regular/lower/y/0001.png,y,font,Caveat-Regular
generated/images/Caveat-Regular/lower/y/0002.png,y,font,Caveat-Regular
generated/images/Caveat-Regular/lower/y/0003.png,y,font,Caveat-Regular
generated/images/Caveat-Regular/lower/y/0004.png,y,font,Caveat-Regular
generated/images/Caveat-Regular/lower/y/0005.png,y,font,Caveat-Regular
generated/images/Caveat-Regular/lower/y/0006.png,y,font,Caveat-Regular
generated/images/Caveat-Regular/lower/y/0007.png,y,font,Caveat-Regular
generated/images/Caveat-Regular/lower/y/0008.png,y,font,Caveat-Regular
generated/images/Caveat-Regular/lower/y/0009.png,y,font,Caveat-Regular
generated/images/Caveat-Regular/lower/y/0010.png,y,font,Caveat-Regular
generated/images/Caveat-Regular/lower/z/0001.png,z,font,Caveat-Regular
generated/images/Caveat-Regular/lower/z/0002.png,z,font,Caveat-Regular
generated/images/Caveat-Regular/lower/z/0003.png,z,font,Caveat-Regular
generated/images/Caveat-Regular/lower/z/0004.png,z,font,Caveat-Regular
generated/images/Caveat-Regular/lower/z/0005.png,z,font,Caveat-Regular
generated/images/Caveat-Regular/lower/z/0006.png,z,font,Caveat-Regular
generated/images/Caveat-Regular/lower/z/0007.png,z,font,Caveat-Regular
generated/images/Caveat-Regular/lower/z/0008.png,z,font,Caveat-Regular
generated/images/Caveat-Regular/lower/z/0009.png,z,font,Caveat-Regular
generated/images/Caveat-Regular/lower/z/0010.png,z,font,Caveat-Regular
generated/images/Caveat-SemiBold/digit/0/0001.png,0,font,Caveat-SemiBold
generated/images/Caveat-SemiBold/digit/0/0002.png,0,font,Caveat-SemiBold
generated/images/Caveat-SemiBold/digit/0/0003.png,0,font,Caveat-SemiBold
generated/images/Caveat-SemiBold/digit/0/0004.png,0,font,Caveat-SemiBold
generated/images/Caveat-SemiBold/digit/0/0005.png,0,font,Caveat-SemiBold
generated/images/Caveat-SemiBold/digit/0/0006.png,0,font,Caveat-SemiBold
generated/images/Caveat-SemiBold/digit/0/0007.png,0,font,Caveat-SemiBold
generated/images/Caveat-SemiBold/digit/0/0008.png,0,font,Caveat-SemiBold
generated/images/Caveat-SemiBold/digit/0/0009.png,0,font,Caveat-SemiBold
generated/images/Caveat-SemiBold/digit/0/0010.png,0,font,Caveat-SemiBold
generated/images/Caveat-SemiBold/digit/1/0001.png,1,font,Caveat-SemiBold
generated/images/Caveat-SemiBold/digit/1/0002.png,1,font,Caveat-SemiBold
generated/images/Caveat-SemiBold/digit/1/0003.png,1,font,Caveat-SemiBold
generated/images/Caveat-SemiBold/digit/1/0004.png,1,font,Caveat-SemiBold
generated/images/Caveat-SemiBold/digit/1/0005.png,1,font,Caveat-SemiBold
generated/images/Caveat-SemiBold/digit/1/0006.png,1,font,Caveat-SemiBold
generated/images/Caveat-SemiBold/digit/1/0007.png,1,font,Caveat-SemiBold
generated/images/Caveat-SemiBold/digit/1/0008.png,1,font,Caveat-SemiBold
generated/images/Caveat-SemiBold/digit/1/0009.png,1,font,Caveat-SemiBold
generated/images/Caveat-SemiBold/digit/1/0010.png,1,font,Caveat-SemiBold
generated/images/Caveat-SemiBold/digit/2/0001.png,2,font,Caveat-SemiBold
generated/images/Caveat-SemiBold/digit/2/0002.png,2,font,Caveat-SemiBold
generated/images/Caveat-SemiBold/digit/2/0003.png,2,font,Caveat-SemiBold
generated/images/Caveat-SemiBold/digit/2/0004.png,2,font,Caveat-SemiBold
generated/images/Caveat-SemiBold/digit/2/0005.png,2,font,Caveat-SemiBold
generated/images/Caveat-SemiBold/digit/2/0006.png,2,font,Caveat-SemiBold
generated/images/Caveat-SemiBold/digit/2/0007.png,2,font,Caveat-SemiBold
generated/images/Caveat-SemiBold/digit/2/0008.png,2,font,Caveat-SemiBold
generated/images/Caveat-SemiBold/digit/2/0009.png,2,font,Caveat-SemiBold
generated/images/Caveat-SemiBold/digit/2/0010.png,2,font,Caveat-SemiBold
generated/images/Caveat-SemiBold/digit/3/0001.png,3,font,Caveat-SemiBold
generated/images/Caveat-SemiBold/digit/3/0002.png,3,font,Caveat-SemiBold
generated/images/Caveat-SemiBold/digit/3/0003.png,3,font,Caveat-SemiBold
generated/images/Caveat-SemiBold/digit/3/0004.png,3,font,Caveat-SemiBold
generated/images/Caveat-SemiBold/digit/3/0005.png,3,font,Caveat-SemiBold
generated/images/Caveat-SemiBold/digit/3/0006.png,3,font,Caveat-SemiBold
generated/images/Caveat-SemiBold/digit/3/0007.png,3,font,Caveat-SemiBold
generated/images/Caveat-SemiBold/digit/3/0008.png,3,font,Caveat-SemiBold
generated/images/Caveat-SemiBold/digit/3/0009.png,3,font,Caveat-SemiBold
generated/images/Caveat-SemiBold/digit/3/0010.png,3,font,Caveat-SemiBold
generated/images/Caveat-SemiBold/digit/4/0001.png,4,font,Caveat-SemiBold
generated/images/Caveat-SemiBold/digit/4/0002.png,4,font,Caveat-SemiBold
generated/images/Caveat-SemiBold/digit/4/0003.png,4,font,Caveat-SemiBold
generated/images/Caveat-SemiBold/digit/4/0004.png,4,font,Caveat-SemiBold
generated/images/Caveat-SemiBold/digit/4/0005.png,4,font,Caveat-SemiBold
generated/images/Caveat-SemiBold/digit/4/0006.png,4,font,Caveat-SemiBold
generated/images/Caveat-SemiBold/digit/4/0007.png,4,font,Caveat-SemiBold
generated/images/Caveat-SemiBold/digit/4/0008.png,4,font,Caveat-SemiBold
generated/images/Caveat-SemiBold/digit/4/0009.png,4,font,Caveat-SemiBold
generated/images/Caveat-SemiBold/digit/4/0010.png,4,font,Caveat-SemiBold
generated/images/Caveat-SemiBold/digit/5/0001.png,5,font,Caveat-SemiBold
generated/images/Caveat-SemiBold/digit/5/0002.png,5,font,Caveat-SemiBold
generated/images/Caveat-SemiBold/digit/5/0003.png,5,font,Caveat-SemiBold
generated/images/Caveat-SemiBold/digit/5/0004.png,5,font,Caveat-SemiBold
generated/images/Caveat-SemiBold/digit/5/0005.png,5,font,Caveat-SemiBold
generated/images/Caveat-SemiBold/digit/5/0006.png,5,font,Caveat-SemiBold
generated/images/Caveat-SemiBold/digit/5/0007.png,5,font,Caveat-SemiBold
generated/images/Caveat-SemiBold/digit/5/0008.png,5,font,Caveat-SemiBold
generated/images/Caveat-SemiBold/digit/5/0009.png,5,font,Caveat-SemiBold
generated/images/Caveat-SemiBold/digit/5/0010.png,5,font,Caveat-SemiBold
generated/images/Caveat-SemiBold/digit/6/0001.png,6,font,Caveat-SemiBold
generated/images/Caveat-SemiBold/digit/6/0002.png,6,font,Caveat-SemiBold
generated/images/Caveat-SemiBold/digit/6/0003.png,6,font,Caveat-SemiBold
generated/images/Caveat-SemiBold/digit/6/0004.png,6,font,Caveat-SemiBold
generated/images/Caveat-SemiBold/digit/6/0005.png,6,font,Caveat-SemiBold
generated/images/Caveat-SemiBold/digit/6/0006.png,6,font,Caveat-SemiBold
generated/images/Caveat-SemiBold/digit/6/0007.png,6,font,Caveat-SemiBold
generated/images/Caveat-SemiBold/digit/6/0008.png,6,font,Caveat-SemiBold
generated/images/Caveat-SemiBold/digit/6/0009.png,6,font,Caveat-SemiBold
generated/images/Caveat-SemiBold/digit/6/0010.png,6,font,Caveat-SemiBold
generated/images/Caveat-SemiBold/digit/7/0001.png,7,font,Caveat-SemiBold
generated/images/Caveat-SemiBold/digit/7/0002.png,7,font,Caveat-SemiBold
generated/images/Caveat-SemiBold/digit/7/0003.png,7,font,Caveat-SemiBold
generated/images/Caveat-SemiBold/digit/7/0004.png,7,font,Caveat-SemiBold
generated/images/Caveat-SemiBold/digit/7/0005.png,7,font,Caveat-SemiBold
generated/images/Caveat-SemiBold/digit/7/0006.png,7,font,Caveat-SemiBold
generated/images/Caveat-SemiBold/digit/7/0007.png,7,font,Caveat-SemiBold
generated/images/Caveat-SemiBold/digit/7/0008.png,7,font,Caveat-SemiBold
generated/images/Caveat-SemiBold/digit/7/0009.png,7,font,Caveat-SemiBold
generated/images/Caveat-SemiBold/digit/7/0010.png,7,font,Caveat-SemiBold
generated/images/Caveat-SemiBold/digit/8/0001.png,8,font,Caveat-SemiBold
generated/images/Caveat-SemiBold/digit/8/0002.png,8,font,Caveat-SemiBold
generated/images/Caveat-SemiBold/digit/8/0003.png,8,font,Caveat-SemiBold
generated/images/Caveat-SemiBold/digit/8/0004.png,8,font,Caveat-SemiBold
generated/images/Caveat-SemiBold/digit/8/0005.png,8,font,Caveat-SemiBold
generated/images/Caveat-SemiBold/digit/8/0006.png,8,font,Caveat-SemiBold
generated/images/Caveat-SemiBold/digit/8/0007.png,8,font,Caveat-SemiBold
generated/images/Caveat-SemiBold/digit/8/0008.png,8,font,Caveat-SemiBold
generated/images/Caveat-SemiBold/digit/8/0009.png,8,font,Caveat-SemiBold
generated/images/Caveat-SemiBold/digit/8/0010.png,8,font,Caveat-SemiBold
generated/images/Caveat-SemiBold/digit/9/0001.png,9,font,Caveat-SemiBold
generated/images/Caveat-SemiBold/digit/9/0002.png,9,font,Caveat-SemiBold
generated/images/Caveat-SemiBold/digit/9/0003.png,9,font,Caveat-SemiBold
generated/images/Caveat-SemiBold/digit/9/0004.png,9,font,Caveat-SemiBold
generated/images/Caveat-SemiBold/digit/9/0005.png,9,font,Caveat-SemiBold
generated/images/Caveat-SemiBold/digit/9/0006.png,9,font,Caveat-SemiBold
generated/images/Caveat-SemiBold/digit/9/0007.png,9,font,Caveat-SemiBold
generated/images/Caveat-SemiBold/digit/9/0008.png,9,font,Caveat-SemiBold
generated/images/Caveat-SemiBold/digit/9/0009.png,9,font,Caveat-SemiBold
generated/images/Caveat-SemiBold/digit/9/0010.png,9,font,Caveat-SemiBold
generated/images/Caveat-SemiBold/upper/A/0001.png,A,font,Caveat-SemiBold
generated/images/Caveat-SemiBold/upper/A/0002.png,A,font,Caveat-SemiBold
generated/images/Caveat-SemiBold/upper/A/0003.png,A,font,Caveat-SemiBold
generated/images/Caveat-SemiBold/upper/A/0004.png,A,font,Caveat-SemiBold
generated/images/Caveat-SemiBold/upper/A/0005.png,A,font,Caveat-SemiBold
generated/images/Caveat-SemiBold/upper/A/0006.png,A,font,Caveat-SemiBold
generated/images/Caveat-SemiBold/upper/A/0007.png,A,font,Caveat-SemiBold
generated/images/Caveat-SemiBold/upper/A/0008.png,A,font,Caveat-SemiBold
generated/images/Caveat-SemiBold/upper/A/0009.png,A,font,Caveat-SemiBold
generated/images/Caveat-SemiBold/upper/A/0010.png,A,font,Caveat-SemiBold
generated/images/Caveat-SemiBold/upper/B/0001.png,B,font,Caveat-SemiBold
generated/images/Caveat-SemiBold/upper/B/0002.png,B,font,Caveat-SemiBold
generated/images/Caveat-SemiBold/upper/B/0003.png,B,font,Caveat-SemiBold
generated/images/Caveat-SemiBold/upper/B/0004.png,B,font,Caveat-SemiBold
generated/images/Caveat-SemiBold/upper/B/0005.png,B,font,Caveat-SemiBold
generated/images/Caveat-SemiBold/upper/B/0006.png,B,font,Caveat-SemiBold
generated/images/Caveat-SemiBold/upper/B/0007.png,B,font,Caveat-SemiBold
generated/images/Caveat-SemiBold/upper/B/0008.png,B,font,Caveat-SemiBold
generated/images/Caveat-SemiBold/upper/B/0009.png,B,font,Caveat-SemiBold
generated/images/Caveat-SemiBold/upper/B/0010.png,B,font,Caveat-SemiBold
generated/images/Caveat-SemiBold/upper/C/0001.png,C,font,Caveat-SemiBold
generated/images/Caveat-SemiBold/upper/C/0002.png,C,font,Caveat-SemiBold
generated/images/Caveat-SemiBold/upper/C/0003.png,C,font,Caveat-SemiBold
generated/images/Caveat-SemiBold/upper/C/0004.png,C,font,Caveat-SemiBold
generated/images/Caveat-SemiBold/upper/C/0005.png,C,font,Caveat-SemiBold
generated/images/Caveat-SemiBold/upper/C/0006.png,C,font,Caveat-SemiBold
generated/images/Caveat-SemiBold/upper/C/0007.png,C,font,Caveat-SemiBold
generated/images/Caveat-SemiBold/upper/C/0008.png,C,font,Caveat-SemiBold
generated/images/Caveat-SemiBold/upper/C/0009.png,C,font,Caveat-SemiBold
generated/images/Caveat-SemiBold/upper/C/0010.png,C,font,Caveat-SemiBold
generated/images/Caveat-SemiBold/upper/D/0001.png,D,font,Caveat-SemiBold
generated/images/Caveat-SemiBold/upper/D/0002.png,D,font,Caveat-SemiBold
generated/images/Caveat-SemiBold/upper/D/0003.png,D,font,Caveat-SemiBold
generated/images/Caveat-SemiBold/upper/D/0004.png,D,font,Caveat-SemiBold
generated/images/Caveat-SemiBold/upper/D/0005.png,D,font,Caveat-SemiBold
generated/images/Caveat-SemiBold/upper/D/0006.png,D,font,Caveat-SemiBold
generated/images/Caveat-SemiBold/upper/D/0007.png,D,font,Caveat-SemiBold
generated/images/Caveat-SemiBold/upper/D/0008.png,D,font,Caveat-SemiBold
generated/images/Caveat-SemiBold/upper/D/0009.png,D,font,Caveat-SemiBold
generated/images/Caveat-SemiBold/upper/D/0010.png,D,font,Caveat-SemiBold
generated/images/Caveat-SemiBold/upper/E/0001.png,E,font,Caveat-SemiBold
generated/images/Caveat-SemiBold/upper/E/0002.png,E,font,Caveat-SemiBold
generated/images/Caveat-SemiBold/upper/E/0003.png,E,font,Caveat-SemiBold
generated/images/Caveat-SemiBold/upper/E/0004.png,E,font,Caveat-SemiBold
generated/images/Caveat-SemiBold/upper/E/0005.png,E,font,Caveat-SemiBold
generated/images/Caveat-SemiBold/upper/E/0006.png,E,font,Caveat-SemiBold
generated/images/Caveat-SemiBold/upper/E/0007.png,E,font,Caveat-SemiBold
generated/images/Caveat-SemiBold/upper/E/0008.png,E,font,Caveat-SemiBold
generated/images/Caveat-SemiBold/upper/E/0009.png,E,font,Caveat-SemiBold
generated/images/Caveat-SemiBold/upper/E/0010.png,E,font,Caveat-SemiBold
generated/images/Caveat-SemiBold/upper/F/0001.png,F,font,Caveat-SemiBold
generated/images/Caveat-SemiBold/upper/F/0002.png,F,font,Caveat-SemiBold
generated/images/Caveat-SemiBold/upper/F/0003.png,F,font,Caveat-SemiBold
generated/images/Caveat-SemiBold/upper/F/0004.png,F,font,Caveat-SemiBold
generated/images/Caveat-SemiBold/upper/F/0005.png,F,font,Caveat-SemiBold
generated/images/Caveat-SemiBold/upper/F/0006.png,F,font,Caveat-SemiBold
generated/images/Caveat-SemiBold/upper/F/0007.png,F,font,Caveat-SemiBold
generated/images/Caveat-SemiBold/upper/F/0008.png,F,font,Caveat-SemiBold
generated/images/Caveat-SemiBold/upper/F/0009.png,F,font,Caveat-SemiBold
generated/images/Caveat-SemiBold/upper/F/0010.png,F,font,Caveat-SemiBold
generated/images/Caveat-SemiBold/upper/G/0001.png,G,font,Caveat-SemiBold
generated/images/Caveat-SemiBold/upper/G/0002.png,G,font,Caveat-SemiBold
generated/images/Caveat-SemiBold/upper/G/0003.png,G,font,Caveat-SemiBold
generated/images/Caveat-SemiBold/upper/G/0004.png,G,font,Caveat-SemiBold
generated/images/Caveat-SemiBold/upper/G/0005.png,G,font,Caveat-SemiBold
generated/images/Caveat-SemiBold/upper/G/0006.png,G,font,Caveat-SemiBold
generated/images/Caveat-SemiBold/upper/G/0007.png,G,font,Caveat-SemiBold
generated/images/Caveat-SemiBold/upper/G/0008.png,G,font,Caveat-SemiBold
generated/images/Caveat-SemiBold/upper/G/0009.png,G,font,Caveat-SemiBold
generated/images/Caveat-SemiBold/upper/G/0010.png,G,font,Caveat-SemiBold
generated/images/Caveat-SemiBold/upper/H/0001.png,H,font,Caveat-SemiBold
generated/images/Caveat-SemiBold/upper/H/0002.png,H,font,Caveat-SemiBold
generated/images/Caveat-SemiBold/upper/H/0003.png,H,font,Caveat-SemiBold
generated/images/Caveat-SemiBold/upper/H/0004.png,H,font,Caveat-SemiBold
generated/images/Caveat-SemiBold/upper/H/0005.png,H,font,Caveat-SemiBold
generated/images/Caveat-SemiBold/upper/H/0006.png,H,font,Caveat-SemiBold
generated/images/Caveat-SemiBold/upper/H/0007.png,H,font,Caveat-SemiBold
generated/images/Caveat-SemiBold/upper/H/0008.png,H,font,Caveat-SemiBold
generated/images/Caveat-SemiBold/upper/H/0009.png,H,font,Caveat-SemiBold
generated/images/Caveat-SemiBold/upper/H/0010.png,H,font,Caveat-SemiBold
generated/images/Caveat-SemiBold/upper/I/0001.png,I,font,Caveat-SemiBold
generated/images/Caveat-SemiBold/upper/I/0002.png,I,font,Caveat-SemiBold
generated/images/Caveat-SemiBold/upper/I/0003.png,I,font,Caveat-SemiBold
generated/images/Caveat-SemiBold/upper/I/0004.png,I,font,Caveat-SemiBold
generated/images/Caveat-SemiBold/upper/I/0005.png,I,font,Caveat-SemiBold
generated/images/Caveat-SemiBold/upper/I/0006.png,I,font,Caveat-SemiBold
generated/images/Caveat-SemiBold/upper/I/0007.png,I,font,Caveat-SemiBold
generated/images/Caveat-SemiBold/upper/I/0008.png,I,font,Caveat-SemiBold
generated/images/Caveat-SemiBold/upper/I/0009.png,I,font,Caveat-SemiBold
generated/images/Caveat-SemiBold/upper/I/0010.png,I,font,Caveat-SemiBold
generated/images/Caveat-SemiBold/upper/J/0001.png,J,font,Caveat-SemiBold
generated/images/Caveat-SemiBold/upper/J/0002.png,J,font,Caveat-SemiBold
generated/images/Caveat-SemiBold/upper/J/0003.png,J,font,Caveat-SemiBold
generated/images/Caveat-SemiBold/upper/J/0004.png,J,font,Caveat-SemiBold
generated/images/Caveat-SemiBold/upper/J/0005.png,J,font,Caveat-SemiBold
generated/images/Caveat-SemiBold/upper/J/0006.png,J,font,Caveat-SemiBold
generated/images/Caveat-SemiBold/upper/J/0007.png,J,font,Caveat-SemiBold
generated/images/Caveat-SemiBold/upper/J/0008.png,J,font,Caveat-SemiBold
generated/images/Caveat-SemiBold/upper/J/0009.png,J,font,Caveat-SemiBold
generated/images/Caveat-SemiBold/upper/J/0010.png,J,font,Caveat-SemiBold
generated/images/Caveat-SemiBold/upper/K/0001.png,K,font,Caveat-SemiBold
generated/images/Caveat-SemiBold/upper/K/0002.png,K,font,Caveat-SemiBold
generated/images/Caveat-SemiBold/upper/K/0003.png,K,font,Caveat-SemiBold
generated/images/Caveat-SemiBold/upper/K/0004.png,K,font,Caveat-SemiBold
generated/images/Caveat-SemiBold/upper/K/0005.png,K,font,Caveat-SemiBold
generated/images/Caveat-SemiBold/upper/K/0006.png,K,font,Caveat-SemiBold
generated/images/Caveat-SemiBold/upper/K/0007.png,K,font,Caveat-SemiBold
generated/images/Caveat-SemiBold/upper/K/0008.png,K,font,Caveat-SemiBold
generated/images/Caveat-SemiBold/upper/K/0009.png,K,font,Caveat-SemiBold
generated/images/Caveat-SemiBold/upper/K/0010.png,K,font,Caveat-SemiBold
generated/images/Caveat-SemiBold/upper/L/0001.png,L,font,Caveat-SemiBold
generated/images/Caveat-SemiBold/upper/L/0002.png,L,font,Caveat-SemiBold
generated/images/Caveat-SemiBold/upper/L/0003.png,L,font,Caveat-SemiBold
generated/images/Caveat-SemiBold/upper/L/0004.png,L,font,Caveat-SemiBold
generated/images/Caveat-SemiBold/upper/L/0005.png,L,font,Caveat-SemiBold
generated/images/Caveat-SemiBold/upper/L/0006.png,L,font,Caveat-SemiBold
generated/images/Caveat-SemiBold/upper/L/0007.png,L,font,Caveat-SemiBold
generated/images/Caveat-SemiBold/upper/L/0008.png,L,font,Caveat-SemiBold
generated/images/Caveat-SemiBold/upper/L/0009.png,L,font,Caveat-SemiBold
generated/images/Caveat-SemiBold/upper/L/0010.png,L,font,Caveat-SemiBold
generated/images/Caveat-SemiBold/upper/M/0001.png,M,font,Caveat-SemiBold
generated/images/Caveat-SemiBold/upper/M/0002.png,M,font,Caveat-SemiBold
generated/images/Caveat-SemiBold/upper/M/0003.png,M,font,Caveat-SemiBold
generated/images/Caveat-SemiBold/upper/M/0004.png,M,font,Caveat-SemiBold
generated/images/Caveat-SemiBold/upper/M/0005.png,M,font,Caveat-SemiBold
generated/images/Caveat-SemiBold/upper/M/0006.png,M,font,Caveat-SemiBold
generated/images/Caveat-SemiBold/upper/M/0007.png,M,font,Caveat-SemiBold
generated/images/Caveat-SemiBold/upper/M/0008.png,M,font,Caveat-SemiBold
generated/images/Caveat-SemiBold/upper/M/0009.png,M,font,Caveat-SemiBold
generated/images/Caveat-SemiBold/upper/M/0010.png,M,font,Caveat-SemiBold
generated/images/Caveat-SemiBold/upper/N/0001.png,N,font,Caveat-SemiBold
generated/images/Caveat-SemiBold/upper/N/0002.png,N,font,Caveat-SemiBold
generated/images/Caveat-SemiBold/upper/N/0003.png,N,font,Caveat-SemiBold
generated/images/Caveat-SemiBold/upper/N/0004.png,N,font,Caveat-SemiBold
generated/images/Caveat-SemiBold/upper/N/0005.png,N,font,Caveat-SemiBold
generated/images/Caveat-SemiBold/upper/N/0006.png,N,font,Caveat-SemiBold
generated/images/Caveat-SemiBold/upper/N/0007.png,N,font,Caveat-SemiBold
generated/images/Caveat-SemiBold/upper/N/0008.png,N,font,Caveat-SemiBold
generated/images/Caveat-SemiBold/upper/N/0009.png,N,font,Caveat-SemiBold
generated/images/Caveat-SemiBold/upper/N/0010.png,N,font,Caveat-SemiBold
generated/images/Caveat-SemiBold/upper/O/0001.png,O,font,Caveat-SemiBold
generated/images/Caveat-SemiBold/upper/O/0002.png,O,font,Caveat-SemiBold
generated/images/Caveat-SemiBold/upper/O/0003.png,O,font,Caveat-SemiBold
generated/images/Caveat-SemiBold/upper/O/0004.png,O,font,Caveat-SemiBold
generated/images/Caveat-SemiBold/upper/O/0005.png,O,font,Caveat-SemiBold
generated/images/Caveat-SemiBold/upper/O/0006.png,O,font,Caveat-SemiBold
generated/images/Caveat-SemiBold/upper/O/0007.png,O,font,Caveat-SemiBold
generated/images/Caveat-SemiBold/upper/O/0008.png,O,font,Caveat-SemiBold
generated/images/Caveat-SemiBold/upper/O/0009.png,O,font,Caveat-SemiBold
generated/images/Caveat-SemiBold/upper/O/0010.png,O,font,Caveat-SemiBold
generated/images/Caveat-SemiBold/upper/P/0001.png,P,font,Caveat-SemiBold
generated/images/Caveat-SemiBold/upper/P/0002.png,P,font,Caveat-SemiBold
generated/images/Caveat-SemiBold/upper/P/0003.png,P,font,Caveat-SemiBold
generated/images/Caveat-SemiBold/upper/P/0004.png,P,font,Caveat-SemiBold
generated/images/Caveat-SemiBold/upper/P/0005.png,P,font,Caveat-SemiBold
generated/images/Caveat-SemiBold/upper/P/0006.png,P,font,Caveat-SemiBold
generated/images/Caveat-SemiBold/upper/P/0007.png,P,font,Caveat-SemiBold
generated/images/Caveat-SemiBold/upper/P/0008.png,P,font,Caveat-SemiBold
generated/images/Caveat-SemiBold/upper/P/0009.png,P,font,Caveat-SemiBold
generated/images/Caveat-SemiBold/upper/P/0010.png,P,font,Caveat-SemiBold
generated/images/Caveat-SemiBold/upper/Q/0001.png,Q,font,Caveat-SemiBold
generated/images/Caveat-SemiBold/upper/Q/0002.png,Q,font,Caveat-SemiBold
generated/images/Caveat-SemiBold/upper/Q/0003.png,Q,font,Caveat-SemiBold
generated/images/Caveat-SemiBold/upper/Q/0004.png,Q,font,Caveat-SemiBold
generated/images/Caveat-SemiBold/upper/Q/0005.png,Q,font,Caveat-SemiBold
generated/images/Caveat-SemiBold/upper/Q/0006.png,Q,font,Caveat-SemiBold
generated/images/Caveat-SemiBold/upper/Q/0007.png,Q,font,Caveat-SemiBold
generated/images/Caveat-SemiBold/upper/Q/0008.png,Q,font,Caveat-SemiBold
generated/images/Caveat-SemiBold/upper/Q/0009.png,Q,font,Caveat-SemiBold
generated/images/Caveat-SemiBold/upper/Q/0010.png,Q,font,Caveat-SemiBold
generated/images/Caveat-SemiBold/upper/R/0001.png,R,font,Caveat-SemiBold
generated/images/Caveat-SemiBold/upper/R/0002.png,R,font,Caveat-SemiBold
generated/images/Caveat-SemiBold/upper/R/0003.png,R,font,Caveat-SemiBold
generated/images/Caveat-SemiBold/upper/R/0004.png,R,font,Caveat-SemiBold
generated/images/Caveat-SemiBold/upper/R/0005.png,R,font,Caveat-SemiBold
generated/images/Caveat-SemiBold/upper/R/0006.png,R,font,Caveat-SemiBold
generated/images/Caveat-SemiBold/upper/R/0007.png,R,font,Caveat-SemiBold
generated/images/Caveat-SemiBold/upper/R/0008.png,R,font,Caveat-SemiBold
generated/images/Caveat-SemiBold/upper/R/0009.png,R,font,Caveat-SemiBold
generated/images/Caveat-SemiBold/upper/R/0010.png,R,font,Caveat-SemiBold
generated/images/Caveat-SemiBold/upper/S/0001.png,S,font,Caveat-SemiBold
generated/images/Caveat-SemiBold/upper/S/0002.png,S,font,Caveat-SemiBold
generated/images/Caveat-SemiBold/upper/S/0003.png,S,font,Caveat-SemiBold
generated/images/Caveat-SemiBold/upper/S/0004.png,S,font,Caveat-SemiBold
generated/images/Caveat-SemiBold/upper/S/0005.png,S,font,Caveat-SemiBold
generated/images/Caveat-SemiBold/upper/S/0006.png,S,font,Caveat-SemiBold
generated/images/Caveat-SemiBold/upper/S/0007.png,S,font,Caveat-SemiBold
generated/images/Caveat-SemiBold/upper/S/0008.png,S,font,Caveat-SemiBold
generated/images/Caveat-SemiBold/upper/S/0009.png,S,font,Caveat-SemiBold
generated/images/Caveat-SemiBold/upper/S/0010.png,S,font,Caveat-SemiBold
generated/images/Caveat-SemiBold/upper/T/0001.png,T,font,Caveat-SemiBold
generated/images/Caveat-SemiBold/upper/T/0002.png,T,font,Caveat-SemiBold
generated/images/Caveat-SemiBold/upper/T/0003.png,T,font,Caveat-SemiBold
generated/images/Caveat-SemiBold/upper/T/0004.png,T,font,Caveat-SemiBold
generated/images/Caveat-SemiBold/upper/T/0005.png,T,font,Caveat-SemiBold
generated/images/Caveat-SemiBold/upper/T/0006.png,T,font,Caveat-SemiBold
generated/images/Caveat-SemiBold/upper/T/0007.png,T,font,Caveat-SemiBold
generated/images/Caveat-SemiBold/upper/T/0008.png,T,font,Caveat-SemiBold
generated/images/Caveat-SemiBold/upper/T/0009.png,T,font,Caveat-SemiBold
generated/images/Caveat-SemiBold/upper/T/0010.png,T,font,Caveat-SemiBold
generated/images/Caveat-SemiBold/upper/U/0001.png,U,font,Caveat-SemiBold
generated/images/Caveat-SemiBold/upper/U/0002.png,U,font,Caveat-SemiBold
generated/images/Caveat-SemiBold/upper/U/0003.png,U,font,Caveat-SemiBold
generated/images/Caveat-SemiBold/upper/U/0004.png,U,font,Caveat-SemiBold
generated/images/Caveat-SemiBold/upper/U/0005.png,U,font,Caveat-SemiBold
generated/images/Caveat-SemiBold/upper/U/0006.png,U,font,Caveat-SemiBold
generated/images/Caveat-SemiBold/upper/U/0007.png,U,font,Caveat-SemiBold
generated/images/Caveat-SemiBold/upper/U/0008.png,U,font,Caveat-SemiBold
generated/images/Caveat-SemiBold/upper/U/0009.png,U,font,Caveat-SemiBold
generated/images/Caveat-SemiBold/upper/U/0010.png,U,font,Caveat-SemiBold
generated/images/Caveat-SemiBold/upper/V/0001.png,V,font,Caveat-SemiBold
generated/images/Caveat-SemiBold/upper/V/0002.png,V,font,Caveat-SemiBold
generated/images/Caveat-SemiBold/upper/V/0003.png,V,font,Caveat-SemiBold
generated/images/Caveat-SemiBold/upper/V/0004.png,V,font,Caveat-SemiBold
generated/images/Caveat-SemiBold/upper/V/0005.png,V,font,Caveat-SemiBold
generated/images/Caveat-SemiBold/upper/V/0006.png,V,font,Caveat-SemiBold
generated/images/Caveat-SemiBold/upper/V/0007.png,V,font,Caveat-SemiBold
generated/images/Caveat-SemiBold/upper/V/0008.png,V,font,Caveat-SemiBold
generated/images/Caveat-SemiBold/upper/V/0009.png,V,font,Caveat-SemiBold
generated/images/Caveat-SemiBold/upper/V/0010.png,V,font,Caveat-SemiBold
generated/images/Caveat-SemiBold/upper/W/0001.png,W,font,Caveat-SemiBold
generated/images/Caveat-SemiBold/upper/W/0002.png,W,font,Caveat-SemiBold
generated/images/Caveat-SemiBold/upper/W/0003.png,W,font,Caveat-SemiBold
generated/images/Caveat-SemiBold/upper/W/0004.png,W,font,Caveat-SemiBold
generated/images/Caveat-SemiBold/upper/W/0005.png,W,font,Caveat-SemiBold
generated/images/Caveat-SemiBold/upper/W/0006.png,W,font,Caveat-SemiBold
generated/images/Caveat-SemiBold/upper/W/0007.png,W,font,Caveat-SemiBold
generated/images/Caveat-SemiBold/upper/W/0008.png,W,font,Caveat-SemiBold
generated/images/Caveat-SemiBold/upper/W/0009.png,W,font,Caveat-SemiBold
generated/images/Caveat-SemiBold/upper/W/0010.png,W,font,Caveat-SemiBold
generated/images/Caveat-SemiBold/upper/X/0001.png,X,font,Caveat-SemiBold
generated/images/Caveat-SemiBold/upper/X/0002.png,X,font,Caveat-SemiBold
generated/images/Caveat-SemiBold/upper/X/0003.png,X,font,Caveat-SemiBold
generated/images/Caveat-SemiBold/upper/X/0004.png,X,font,Caveat-SemiBold
generated/images/Caveat-SemiBold/upper/X/0005.png,X,font,Caveat-SemiBold
generated/images/Caveat-SemiBold/upper/X/0006.png,X,font,Caveat-SemiBold
generated/images/Caveat-SemiBold/upper/X/0007.png,X,font,Caveat-SemiBold
generated/images/Caveat-SemiBold/upper/X/0008.png,X,font,Caveat-SemiBold
generated/images/Caveat-SemiBold/upper/X/0009.png,X,font,Caveat-SemiBold
generated/images/Caveat-SemiBold/upper/X/0010.png,X,font,Caveat-SemiBold
generated/images/Caveat-SemiBold/upper/Y/0001.png,Y,font,Caveat-SemiBold
generated/images/Caveat-SemiBold/upper/Y/0002.png,Y,font,Caveat-SemiBold
generated/images/Caveat-SemiBold/upper/Y/0003.png,Y,font,Caveat-SemiBold
generated/images/Caveat-SemiBold/upper/Y/0004.png,Y,font,Caveat-SemiBold
generated/images/Caveat-SemiBold/upper/Y/0005.png,Y,font,Caveat-SemiBold
generated/images/Caveat-SemiBold/upper/Y/0006.png,Y,font,Caveat-SemiBold
generated/images/Caveat-SemiBold/upper/Y/0007.png,Y,font,Caveat-SemiBold
generated/images/Caveat-SemiBold/upper/Y/0008.png,Y,font,Caveat-SemiBold
generated/images/Caveat-SemiBold/upper/Y/0009.png,Y,font,Caveat-SemiBold
generated/images/Caveat-SemiBold/upper/Y/0010.png,Y,font,Caveat-SemiBold
generated/images/Caveat-SemiBold/upper/Z/0001.png,Z,font,Caveat-SemiBold
generated/images/Caveat-SemiBold/upper/Z/0002.png,Z,font,Caveat-SemiBold
generated/images/Caveat-SemiBold/upper/Z/0003.png,Z,font,Caveat-SemiBold
generated/images/Caveat-SemiBold/upper/Z/0004.png,Z,font,Caveat-SemiBold
generated/images/Caveat-SemiBold/upper/Z/0005.png,Z,font,Caveat-SemiBold
generated/images/Caveat-SemiBold/upper/Z/0006.png,Z,font,Caveat-SemiBold
generated/images/Caveat-SemiBold/upper/Z/0007.png,Z,font,Caveat-SemiBold
generated/images/Caveat-SemiBold/upper/Z/0008.png,Z,font,Caveat-SemiBold
generated/images/Caveat-SemiBold/upper/Z/0009.png,Z,font,Caveat-SemiBold
generated/images/Caveat-SemiBold/upper/Z/0010.png,Z,font,Caveat-SemiBold
generated/images/Caveat-SemiBold/lower/a/0001.png,a,font,Caveat-SemiBold
generated/images/Caveat-SemiBold/lower/a/0002.png,a,font,Caveat-SemiBold
generated/images/Caveat-SemiBold/lower/a/0003.png,a,font,Caveat-SemiBold
generated/images/Caveat-SemiBold/lower/a/0004.png,a,font,Caveat-SemiBold
generated/images/Caveat-SemiBold/lower/a/0005.png,a,font,Caveat-SemiBold
generated/images/Caveat-SemiBold/lower/a/0006.png,a,font,Caveat-SemiBold
generated/images/Caveat-SemiBold/lower/a/0007.png,a,font,Caveat-SemiBold
generated/images/Caveat-SemiBold/lower/a/0008.png,a,font,Caveat-SemiBold
generated/images/Caveat-SemiBold/lower/a/0009.png,a,font,Caveat-SemiBold
generated/images/Caveat-SemiBold/lower/a/0010.png,a,font,Caveat-SemiBold
generated/images/Caveat-SemiBold/lower/b/0001.png,b,font,Caveat-SemiBold
generated/images/Caveat-SemiBold/lower/b/0002.png,b,font,Caveat-SemiBold
generated/images/Caveat-SemiBold/lower/b/0003.png,b,font,Caveat-SemiBold
generated/images/Caveat-SemiBold/lower/b/0004.png,b,font,Caveat-SemiBold
generated/images/Caveat-SemiBold/lower/b/0005.png,b,font,Caveat-SemiBold
generated/images/Caveat-SemiBold/lower/b/0006.png,b,font,Caveat-SemiBold
generated/images/Caveat-SemiBold/lower/b/0007.png,b,font,Caveat-SemiBold
generated/images/Caveat-SemiBold/lower/b/0008.png,b,font,Caveat-SemiBold
generated/images/Caveat-SemiBold/lower/b/0009.png,b,font,Caveat-SemiBold
generated/images/Caveat-SemiBold/lower/b/0010.png,b,font,Caveat-SemiBold
generated/images/Caveat-SemiBold/lower/c/0001.png,c,font,Caveat-SemiBold
generated/images/Caveat-SemiBold/lower/c/0002.png,c,font,Caveat-SemiBold
generated/images/Caveat-SemiBold/lower/c/0003.png,c,font,Caveat-SemiBold
generated/images/Caveat-SemiBold/lower/c/0004.png,c,font,Caveat-SemiBold
generated/images/Caveat-SemiBold/lower/c/0005.png,c,font,Caveat-SemiBold
generated/images/Caveat-SemiBold/lower/c/0006.png,c,font,Caveat-SemiBold
generated/images/Caveat-SemiBold/lower/c/0007.png,c,font,Caveat-SemiBold
generated/images/Caveat-SemiBold/lower/c/0008.png,c,font,Caveat-SemiBold
generated/images/Caveat-SemiBold/lower/c/0009.png,c,font,Caveat-SemiBold
generated/images/Caveat-SemiBold/lower/c/0010.png,c,font,Caveat-SemiBold
generated/images/Caveat-SemiBold/lower/d/0001.png,d,font,Caveat-SemiBold
generated/images/Caveat-SemiBold/lower/d/0002.png,d,font,Caveat-SemiBold
generated/images/Caveat-SemiBold/lower/d/0003.png,d,font,Caveat-SemiBold
generated/images/Caveat-SemiBold/lower/d/0004.png,d,font,Caveat-SemiBold
generated/images/Caveat-SemiBold/lower/d/0005.png,d,font,Caveat-SemiBold
generated/images/Caveat-SemiBold/lower/d/0006.png,d,font,Caveat-SemiBold
generated/images/Caveat-SemiBold/lower/d/0007.png,d,font,Caveat-SemiBold
generated/images/Caveat-SemiBold/lower/d/0008.png,d,font,Caveat-SemiBold
generated/images/Caveat-SemiBold/lower/d/0009.png,d,font,Caveat-SemiBold
generated/images/Caveat-SemiBold/lower/d/0010.png,d,font,Caveat-SemiBold
generated/images/Caveat-SemiBold/lower/e/0001.png,e,font,Caveat-SemiBold
generated/images/Caveat-SemiBold/lower/e/0002.png,e,font,Caveat-SemiBold
generated/images/Caveat-SemiBold/lower/e/0003.png,e,font,Caveat-SemiBold
generated/images/Caveat-SemiBold/lower/e/0004.png,e,font,Caveat-SemiBold
generated/images/Caveat-SemiBold/lower/e/0005.png,e,font,Caveat-SemiBold
generated/images/Caveat-SemiBold/lower/e/0006.png,e,font,Caveat-SemiBold
generated/images/Caveat-SemiBold/lower/e/0007.png,e,font,Caveat-SemiBold
generated/images/Caveat-SemiBold/lower/e/0008.png,e,font,Caveat-SemiBold
generated/images/Caveat-SemiBold/lower/e/0009.png,e,font,Caveat-SemiBold
generated/images/Caveat-SemiBold/lower/e/0010.png,e,font,Caveat-SemiBold
generated/images/Caveat-SemiBold/lower/f/0001.png,f,font,Caveat-SemiBold
generated/images/Caveat-SemiBold/lower/f/0002.png,f,font,Caveat-SemiBold
generated/images/Caveat-SemiBold/lower/f/0003.png,f,font,Caveat-SemiBold
generated/images/Caveat-SemiBold/lower/f/0004.png,f,font,Caveat-SemiBold
generated/images/Caveat-SemiBold/lower/f/0005.png,f,font,Caveat-SemiBold
generated/images/Caveat-SemiBold/lower/f/0006.png,f,font,Caveat-SemiBold
generated/images/Caveat-SemiBold/lower/f/0007.png,f,font,Caveat-SemiBold
generated/images/Caveat-SemiBold/lower/f/0008.png,f,font,Caveat-SemiBold
generated/images/Caveat-SemiBold/lower/f/0009.png,f,font,Caveat-SemiBold
generated/images/Caveat-SemiBold/lower/f/0010.png,f,font,Caveat-SemiBold
generated/images/Caveat-SemiBold/lower/g/0001.png,g,font,Caveat-SemiBold
generated/images/Caveat-SemiBold/lower/g/0002.png,g,font,Caveat-SemiBold
generated/images/Caveat-SemiBold/lower/g/0003.png,g,font,Caveat-SemiBold
generated/images/Caveat-SemiBold/lower/g/0004.png,g,font,Caveat-SemiBold
generated/images/Caveat-SemiBold/lower/g/0005.png,g,font,Caveat-SemiBold
generated/images/Caveat-SemiBold/lower/g/0006.png,g,font,Caveat-SemiBold
generated/images/Caveat-SemiBold/lower/g/0007.png,g,font,Caveat-SemiBold
generated/images/Caveat-SemiBold/lower/g/0008.png,g,font,Caveat-SemiBold
generated/images/Caveat-SemiBold/lower/g/0009.png,g,font,Caveat-SemiBold
generated/images/Caveat-SemiBold/lower/g/0010.png,g,font,Caveat-SemiBold
generated/images/Caveat-SemiBold/lower/h/0001.png,h,font,Caveat-SemiBold
generated/images/Caveat-SemiBold/lower/h/0002.png,h,font,Caveat-SemiBold
generated/images/Caveat-SemiBold/lower/h/0003.png,h,font,Caveat-SemiBold
generated/images/Caveat-SemiBold/lower/h/0004.png,h,font,Caveat-SemiBold
generated/images/Caveat-SemiBold/lower/h/0005.png,h,font,Caveat-SemiBold
generated/images/Caveat-SemiBold/lower/h/0006.png,h,font,Caveat-SemiBold
generated/images/Caveat-SemiBold/lower/h/0007.png,h,font,Caveat-SemiBold
generated/images/Caveat-SemiBold/lower/h/0008.png,h,font,Caveat-SemiBold
generated/images/Caveat-SemiBold/lower/h/0009.png,h,font,Caveat-SemiBold
generated/images/Caveat-SemiBold/lower/h/0010.png,h,font,Caveat-SemiBold
generated/images/Caveat-SemiBold/lower/i/0001.png,i,font,Caveat-SemiBold
generated/images/Caveat-SemiBold/lower/i/0002.png,i,font,Caveat-SemiBold
generated/images/Caveat-SemiBold/lower/i/0003.png,i,font,Caveat-SemiBold
generated/images/Caveat-SemiBold/lower/i/0004.png,i,font,Caveat-SemiBold
generated/images/Caveat-SemiBold/lower/i/0005.png,i,font,Caveat-SemiBold
generated/images/Caveat-SemiBold/lower/i/0006.png,i,font,Caveat-SemiBold
generated/images/Caveat-SemiBold/lower/i/0007.png,i,font,Caveat-SemiBold
generated/images/Caveat-SemiBold/lower/i/0008.png,i,font,Caveat-SemiBold
generated/images/Caveat-SemiBold/lower/i/0009.png,i,font,Caveat-SemiBold
generated/images/Caveat-SemiBold/lower/i/0010.png,i,font,Caveat-SemiBold
generated/images/Caveat-SemiBold/lower/j/0001.png,j,font,Caveat-SemiBold
generated/images/Caveat-SemiBold/lower/j/0002.png,j,font,Caveat-SemiBold
generated/images/Caveat-SemiBold/lower/j/0003.png,j,font,Caveat-SemiBold
generated/images/Caveat-SemiBold/lower/j/0004.png,j,font,Caveat-SemiBold
generated/images/Caveat-SemiBold/lower/j/0005.png,j,font,Caveat-SemiBold
generated/images/Caveat-SemiBold/lower/j/0006.png,j,font,Caveat-SemiBold
generated/images/Caveat-SemiBold/lower/j/0007.png,j,font,Caveat-SemiBold
generated/images/Caveat-SemiBold/lower/j/0008.png,j,font,Caveat-SemiBold
generated/images/Caveat-SemiBold/lower/j/0009.png,j,font,Caveat-SemiBold
generated/images/Caveat-SemiBold/lower/j/0010.png,j,font,Caveat-SemiBold
generated/images/Caveat-SemiBold/lower/k/0001.png,k,font,Caveat-SemiBold
generated/images/Caveat-SemiBold/lower/k/0002.png,k,font,Caveat-SemiBold
generated/images/Caveat-SemiBold/lower/k/0003.png,k,font,Caveat-SemiBold
generated/images/Caveat-SemiBold/lower/k/0004.png,k,font,Caveat-SemiBold
generated/images/Caveat-SemiBold/lower/k/0005.png,k,font,Caveat-SemiBold
generated/images/Caveat-SemiBold/lower/k/0006.png,k,font,Caveat-SemiBold
generated/images/Caveat-SemiBold/lower/k/0007.png,k,font,Caveat-SemiBold
generated/images/Caveat-SemiBold/lower/k/0008.png,k,font,Caveat-SemiBold
generated/images/Caveat-SemiBold/lower/k/0009.png,k,font,Caveat-SemiBold
generated/images/Caveat-SemiBold/lower/k/0010.png,k,font,Caveat-SemiBold
generated/images/Caveat-SemiBold/lower/l/0001.png,l,font,Caveat-SemiBold
generated/images/Caveat-SemiBold/lower/l/0002.png,l,font,Caveat-SemiBold
generated/images/Caveat-SemiBold/lower/l/0003.png,l,font,Caveat-SemiBold
generated/images/Caveat-SemiBold/lower/l/0004.png,l,font,Caveat-SemiBold
generated/images/Caveat-SemiBold/lower/l/0005.png,l,font,Caveat-SemiBold
generated/images/Caveat-SemiBold/lower/l/0006.png,l,font,Caveat-SemiBold
generated/images/Caveat-SemiBold/lower/l/0007.png,l,font,Caveat-SemiBold
generated/images/Caveat-SemiBold/lower/l/0008.png,l,font,Caveat-SemiBold
generated/images/Caveat-SemiBold/lower/l/0009.png,l,font,Caveat-SemiBold
generated/images/Caveat-SemiBold/lower/l/0010.png,l,font,Caveat-SemiBold
generated/images/Caveat-SemiBold/lower/m/0001.png,m,font,Caveat-SemiBold
generated/images/Caveat-SemiBold/lower/m/0002.png,m,font,Caveat-SemiBold
generated/images/Caveat-SemiBold/lower/m/0003.png,m,font,Caveat-SemiBold
generated/images/Caveat-SemiBold/lower/m/0004.png,m,font,Caveat-SemiBold
generated/images/Caveat-SemiBold/lower/m/0005.png,m,font,Caveat-SemiBold
generated/images/Caveat-SemiBold/lower/m/0006.png,m,font,Caveat-SemiBold
generated/images/Caveat-SemiBold/lower/m/0007.png,m,font,Caveat-SemiBold
generated/images/Caveat-SemiBold/lower/m/0008.png,m,font,Caveat-SemiBold
generated/images/Caveat-SemiBold/lower/m/0009.png,m,font,Caveat-SemiBold
generated/images/Caveat-SemiBold/lower/m/0010.png,m,font,Caveat-SemiBold
generated/images/Caveat-SemiBold/lower/n/0001.png,n,font,Caveat-SemiBold
generated/images/Caveat-SemiBold/lower/n/0002.png,n,font,Caveat-SemiBold
generated/images/Caveat-SemiBold/lower/n/0003.png,n,font,Caveat-SemiBold
generated/images/Caveat-SemiBold/lower/n/0004.png,n,font,Caveat-SemiBold
generated/images/Caveat-SemiBold/lower/n/0005.png,n,font,Caveat-SemiBold
generated/images/Caveat-SemiBold/lower/n/0006.png,n,font,Caveat-SemiBold
generated/images/Caveat-SemiBold/lower/n/0007.png,n,font,Caveat-SemiBold
generated/images/Caveat-SemiBold/lower/n/0008.png,n,font,Caveat-SemiBold
generated/images/Caveat-SemiBold/lower/n/0009.png,n,font,Caveat-SemiBold
generated/images/Caveat-SemiBold/lower/n/0010.png,n,font,Caveat-SemiBold
generated/images/Caveat-SemiBold/lower/o/0001.png,o,font,Caveat-SemiBold
generated/images/Caveat-SemiBold/lower/o/0002.png,o,font,Caveat-SemiBold
generated/images/Caveat-SemiBold/lower/o/0003.png,o,font,Caveat-SemiBold
generated/images/Caveat-SemiBold/lower/o/0004.png,o,font,Caveat-SemiBold
generated/images/Caveat-SemiBold/lower/o/0005.png,o,font,Caveat-SemiBold
generated/images/Caveat-SemiBold/lower/o/0006.png,o,font,Caveat-SemiBold
generated/images/Caveat-SemiBold/lower/o/0007.png,o,font,Caveat-SemiBold
generated/images/Caveat-SemiBold/lower/o/0008.png,o,font,Caveat-SemiBold
generated/images/Caveat-SemiBold/lower/o/0009.png,o,font,Caveat-SemiBold
generated/images/Caveat-SemiBold/lower/o/0010.png,o,font,Caveat-SemiBold
generated/images/Caveat-SemiBold/lower/p/0001.png,p,font,Caveat-SemiBold
generated/images/Caveat-SemiBold/lower/p/0002.png,p,font,Caveat-SemiBold
generated/images/Caveat-SemiBold/lower/p/0003.png,p,font,Caveat-SemiBold
generated/images/Caveat-SemiBold/lower/p/0004.png,p,font,Caveat-SemiBold
generated/images/Caveat-SemiBold/lower/p/0005.png,p,font,Caveat-SemiBold
generated/images/Caveat-SemiBold/lower/p/0006.png,p,font,Caveat-SemiBold
generated/images/Caveat-SemiBold/lower/p/0007.png,p,font,Caveat-SemiBold
generated/images/Caveat-SemiBold/lower/p/0008.png,p,font,Caveat-SemiBold
generated/images/Caveat-SemiBold/lower/p/0009.png,p,font,Caveat-SemiBold
generated/images/Caveat-SemiBold/lower/p/0010.png,p,font,Caveat-SemiBold
generated/images/Caveat-SemiBold/lower/q/0001.png,q,font,Caveat-SemiBold
generated/images/Caveat-SemiBold/lower/q/0002.png,q,font,Caveat-SemiBold
generated/images/Caveat-SemiBold/lower/q/0003.png,q,font,Caveat-SemiBold
generated/images/Caveat-SemiBold/lower/q/0004.png,q,font,Caveat-SemiBold
generated/images/Caveat-SemiBold/lower/q/0005.png,q,font,Caveat-SemiBold
generated/images/Caveat-SemiBold/lower/q/0006.png,q,font,Caveat-SemiBold
generated/images/Caveat-SemiBold/lower/q/0007.png,q,font,Caveat-SemiBold
generated/images/Caveat-SemiBold/lower/q/0008.png,q,font,Caveat-SemiBold
generated/images/Caveat-SemiBold/lower/q/0009.png,q,font,Caveat-SemiBold
generated/images/Caveat-SemiBold/lower/q/0010.png,q,font,Caveat-SemiBold
generated/images/Caveat-SemiBold/lower/r/0001.png,r,font,Caveat-SemiBold
generated/images/Caveat-SemiBold/lower/r/0002.png,r,font,Caveat-SemiBold
generated/images/Caveat-SemiBold/lower/r/0003.png,r,font,Caveat-SemiBold
generated/images/Caveat-SemiBold/lower/r/0004.png,r,font,Caveat-SemiBold
generated/images/Caveat-SemiBold/lower/r/0005.png,r,font,Caveat-SemiBold
generated/images/Caveat-SemiBold/lower/r/0006.png,r,font,Caveat-SemiBold
generated/images/Caveat-SemiBold/lower/r/0007.png,r,font,Caveat-SemiBold
generated/images/Caveat-SemiBold/lower/r/0008.png,r,font,Caveat-SemiBold
generated/images/Caveat-SemiBold/lower/r/0009.png,r,font,Caveat-SemiBold
generated/images/Caveat-SemiBold/lower/r/0010.png,r,font,Caveat-SemiBold
generated/images/Caveat-SemiBold/lower/s/0001.png,s,font,Caveat-SemiBold
generated/images/Caveat-SemiBold/lower/s/0002.png,s,font,Caveat-SemiBold
generated/images/Caveat-SemiBold/lower/s/0003.png,s,font,Caveat-SemiBold
generated/images/Caveat-SemiBold/lower/s/0004.png,s,font,Caveat-SemiBold
generated/images/Caveat-SemiBold/lower/s/0005.png,s,font,Caveat-SemiBold
generated/images/Caveat-SemiBold/lower/s/0006.png,s,font,Caveat-SemiBold
generated/images/Caveat-SemiBold/lower/s/0007.png,s,font,Caveat-SemiBold
generated/images/Caveat-SemiBold/lower/s/0008.png,s,font,Caveat-SemiBold
generated/images/Caveat-SemiBold/lower/s/0009.png,s,font,Caveat-SemiBold
generated/images/Caveat-SemiBold/lower/s/0010.png,s,font,Caveat-SemiBold
generated/images/Caveat-SemiBold/lower/t/0001.png,t,font,Caveat-SemiBold
generated/images/Caveat-SemiBold/lower/t/0002.png,t,font,Caveat-SemiBold
generated/images/Caveat-SemiBold/lower/t/0003.png,t,font,Caveat-SemiBold
generated/images/Caveat-SemiBold/lower/t/0004.png,t,font,Caveat-SemiBold
generated/images/Caveat-SemiBold/lower/t/0005.png,t,font,Caveat-SemiBold
generated/images/Caveat-SemiBold/lower/t/0006.png,t,font,Caveat-SemiBold
generated/images/Caveat-SemiBold/lower/t/0007.png,t,font,Caveat-SemiBold
generated/images/Caveat-SemiBold/lower/t/0008.png,t,font,Caveat-SemiBold
generated/images/Caveat-SemiBold/lower/t/0009.png,t,font,Caveat-SemiBold
generated/images/Caveat-SemiBold/lower/t/0010.png,t,font,Caveat-SemiBold
generated/images/Caveat-SemiBold/lower/u/0001.png,u,font,Caveat-SemiBold
generated/images/Caveat-SemiBold/lower/u/0002.png,u,font,Caveat-SemiBold
generated/images/Caveat-SemiBold/lower/u/0003.png,u,font,Caveat-SemiBold
generated/images/Caveat-SemiBold/lower/u/0004.png,u,font,Caveat-SemiBold
generated/images/Caveat-SemiBold/lower/u/0005.png,u,font,Caveat-SemiBold
generated/images/Caveat-SemiBold/lower/u/0006.png,u,font,Caveat-SemiBold
generated/images/Caveat-SemiBold/lower/u/0007.png,u,font,Caveat-SemiBold
generated/images/Caveat-SemiBold/lower/u/0008.png,u,font,Caveat-SemiBold
generated/images/Caveat-SemiBold/lower/u/0009.png,u,font,Caveat-SemiBold
generated/images/Caveat-SemiBold/lower/u/0010.png,u,font,Caveat-SemiBold
generated/images/Caveat-SemiBold/lower/v/0001.png,v,font,Caveat-SemiBold
generated/images/Caveat-SemiBold/lower/v/0002.png,v,font,Caveat-SemiBold
generated/images/Caveat-SemiBold/lower/v/0003.png,v,font,Caveat-SemiBold
generated/images/Caveat-SemiBold/lower/v/0004.png,v,font,Caveat-SemiBold
generated/images/Caveat-SemiBold/lower/v/0005.png,v,font,Caveat-SemiBold
generated/images/Caveat-SemiBold/lower/v/0006.png,v,font,Caveat-SemiBold
generated/images/Caveat-SemiBold/lower/v/0007.png,v,font,Caveat-SemiBold
generated/images/Caveat-SemiBold/lower/v/0008.png,v,font,Caveat-SemiBold
generated/images/Caveat-SemiBold/lower/v/0009.png,v,font,Caveat-SemiBold
generated/images/Caveat-SemiBold/lower/v/0010.png,v,font,Caveat-SemiBold
generated/images/Caveat-SemiBold/lower/w/0001.png,w,font,Caveat-SemiBold
generated/images/Caveat-SemiBold/lower/w/0002.png,w,font,Caveat-SemiBold
generated/images/Caveat-SemiBold/lower/w/0003.png,w,font,Caveat-SemiBold
generated/images/Caveat-SemiBold/lower/w/0004.png,w,font,Caveat-SemiBold
generated/images/Caveat-SemiBold/lower/w/0005.png,w,font,Caveat-SemiBold
generated/images/Caveat-SemiBold/lower/w/0006.png,w,font,Caveat-SemiBold
generated/images/Caveat-SemiBold/lower/w/0007.png,w,font,Caveat-SemiBold
generated/images/Caveat-SemiBold/lower/w/0008.png,w,font,Caveat-SemiBold
generated/images/Caveat-SemiBold/lower/w/0009.png,w,font,Caveat-SemiBold
generated/images/Caveat-SemiBold/lower/w/0010.png,w,font,Caveat-SemiBold
generated/images/Caveat-SemiBold/lower/x/0001.png,x,font,Caveat-SemiBold
generated/images/Caveat-SemiBold/lower/x/0002.png,x,font,Caveat-SemiBold
generated/images/Caveat-SemiBold/lower/x/0003.png,x,font,Caveat-SemiBold
generated/images/Caveat-SemiBold/lower/x/0004.png,x,font,Caveat-SemiBold
generated/images/Caveat-SemiBold/lower/x/0005.png,x,font,Caveat-SemiBold
generated/images/Caveat-SemiBold/lower/x/0006.png,x,font,Caveat-SemiBold
generated/images/Caveat-SemiBold/lower/x/0007.png,x,font,Caveat-SemiBold
generated/images/Caveat-SemiBold/lower/x/0008.png,x,font,Caveat-SemiBold
generated/images/Caveat-SemiBold/lower/x/0009.png,x,font,Caveat-SemiBold
generated/images/Caveat-SemiBold/lower/x/0010.png,x,font,Caveat-SemiBold
generated/images/Caveat-SemiBold/lower/y/0001.png,y,font,Caveat-SemiBold
generated/images/Caveat-SemiBold/lower/y/0002.png,y,font,Caveat-SemiBold
generated/images/Caveat-SemiBold/lower/y/0003.png,y,font,Caveat-SemiBold
generated/images/Caveat-SemiBold/lower/y/0004.png,y,font,Caveat-SemiBold
generated/images/Caveat-SemiBold/lower/y/0005.png,y,font,Caveat-SemiBold
generated/images/Caveat-SemiBold/lower/y/0006.png,y,font,Caveat-SemiBold
generated/images/Caveat-SemiBold/lower/y/0007.png,y,font,Caveat-SemiBold
generated/images/Caveat-SemiBold/lower/y/0008.png,y,font,Caveat-SemiBold
generated/images/Caveat-SemiBold/lower/y/0009.png,y,font,Caveat-SemiBold
generated/images/Caveat-SemiBold/lower/y/0010.png,y,font,Caveat-SemiBold
generated/images/Caveat-SemiBold/lower/z/0001.png,z,font,Caveat-SemiBold
generated/images/Caveat-SemiBold/lower/z/0002.png,z,font,Caveat-SemiBold
generated/images/Caveat-SemiBold/lower/z/0003.png,z,font,Caveat-SemiBold
generated/images/Caveat-SemiBold/lower/z/0004.png,z,font,Caveat-SemiBold
generated/images/Caveat-SemiBold/lower/z/0005.png,z,font,Caveat-SemiBold
generated/images/Caveat-SemiBold/lower/z/0006.png,z,font,Caveat-SemiBold
generated/images/Caveat-SemiBold/lower/z/0007.png,z,font,Caveat-SemiBold
generated/images/Caveat-SemiBold/lower/z/0008.png,z,font,Caveat-SemiBold
generated/images/Caveat-SemiBold/lower/z/0009.png,z,font,Caveat-SemiBold
generated/images/Caveat-SemiBold/lower/z/0010.png,z,font,Caveat-SemiBold
generated/images/Caveat-VariableFont_wght/digit/0/0001.png,0,font,Caveat-VariableFont_wght
generated/images/Caveat-VariableFont_wght/digit/0/0002.png,0,font,Caveat-VariableFont_wght
generated/images/Caveat-VariableFont_wght/digit/0/0003.png,0,font,Caveat-VariableFont_wght
generated/images/Caveat-VariableFont_wght/digit/0/0004.png,0,font,Caveat-VariableFont_wght
generated/images/Caveat-VariableFont_wght/digit/0/0005.png,0,font,Caveat-VariableFont_wght
generated/images/Caveat-VariableFont_wght/digit/0/0006.png,0,font,Caveat-VariableFont_wght
generated/images/Caveat-VariableFont_wght/digit/0/0007.png,0,font,Caveat-VariableFont_wght
generated/images/Caveat-VariableFont_wght/digit/0/0008.png,0,font,Caveat-VariableFont_wght
generated/images/Caveat-VariableFont_wght/digit/0/0009.png,0,font,Caveat-VariableFont_wght
generated/images/Caveat-VariableFont_wght/digit/0/0010.png,0,font,Caveat-VariableFont_wght
generated/images/Caveat-VariableFont_wght/digit/1/0001.png,1,font,Caveat-VariableFont_wght
generated/images/Caveat-VariableFont_wght/digit/1/0002.png,1,font,Caveat-VariableFont_wght
generated/images/Caveat-VariableFont_wght/digit/1/0003.png,1,font,Caveat-VariableFont_wght
generated/images/Caveat-VariableFont_wght/digit/1/0004.png,1,font,Caveat-VariableFont_wght
generated/images/Caveat-VariableFont_wght/digit/1/0005.png,1,font,Caveat-VariableFont_wght
generated/images/Caveat-VariableFont_wght/digit/1/0006.png,1,font,Caveat-VariableFont_wght
generated/images/Caveat-VariableFont_wght/digit/1/0007.png,1,font,Caveat-VariableFont_wght
generated/images/Caveat-VariableFont_wght/digit/1/0008.png,1,font,Caveat-VariableFont_wght
generated/images/Caveat-VariableFont_wght/digit/1/0009.png,1,font,Caveat-VariableFont_wght
generated/images/Caveat-VariableFont_wght/digit/1/0010.png,1,font,Caveat-VariableFont_wght
generated/images/Caveat-VariableFont_wght/digit/2/0001.png,2,font,Caveat-VariableFont_wght
generated/images/Caveat-VariableFont_wght/digit/2/0002.png,2,font,Caveat-VariableFont_wght
generated/images/Caveat-VariableFont_wght/digit/2/0003.png,2,font,Caveat-VariableFont_wght
generated/images/Caveat-VariableFont_wght/digit/2/0004.png,2,font,Caveat-VariableFont_wght
generated/images/Caveat-VariableFont_wght/digit/2/0005.png,2,font,Caveat-VariableFont_wght
generated/images/Caveat-VariableFont_wght/digit/2/0006.png,2,font,Caveat-VariableFont_wght
generated/images/Caveat-VariableFont_wght/digit/2/0007.png,2,font,Caveat-VariableFont_wght
generated/images/Caveat-VariableFont_wght/digit/2/0008.png,2,font,Caveat-VariableFont_wght
generated/images/Caveat-VariableFont_wght/digit/2/0009.png,2,font,Caveat-VariableFont_wght
generated/images/Caveat-VariableFont_wght/digit/2/0010.png,2,font,Caveat-VariableFont_wght
generated/images/Caveat-VariableFont_wght/digit/3/0001.png,3,font,Caveat-VariableFont_wght
generated/images/Caveat-VariableFont_wght/digit/3/0002.png,3,font,Caveat-VariableFont_wght
generated/images/Caveat-VariableFont_wght/digit/3/0003.png,3,font,Caveat-VariableFont_wght
generated/images/Caveat-VariableFont_wght/digit/3/0004.png,3,font,Caveat-VariableFont_wght
generated/images/Caveat-VariableFont_wght/digit/3/0005.png,3,font,Caveat-VariableFont_wght
generated/images/Caveat-VariableFont_wght/digit/3/0006.png,3,font,Caveat-VariableFont_wght
generated/images/Caveat-VariableFont_wght/digit/3/0007.png,3,font,Caveat-VariableFont_wght
generated/images/Caveat-VariableFont_wght/digit/3/0008.png,3,font,Caveat-VariableFont_wght
generated/images/Caveat-VariableFont_wght/digit/3/0009.png,3,font,Caveat-VariableFont_wght
generated/images/Caveat-VariableFont_wght/digit/3/0010.png,3,font,Caveat-VariableFont_wght
generated/images/Caveat-VariableFont_wght/digit/4/0001.png,4,font,Caveat-VariableFont_wght
generated/images/Caveat-VariableFont_wght/digit/4/0002.png,4,font,Caveat-VariableFont_wght
generated/images/Caveat-VariableFont_wght/digit/4/0003.png,4,font,Caveat-VariableFont_wght
generated/images/Caveat-VariableFont_wght/digit/4/0004.png,4,font,Caveat-VariableFont_wght
generated/images/Caveat-VariableFont_wght/digit/4/0005.png,4,font,Caveat-VariableFont_wght
generated/images/Caveat-VariableFont_wght/digit/4/0006.png,4,font,Caveat-VariableFont_wght
generated/images/Caveat-VariableFont_wght/digit/4/0007.png,4,font,Caveat-VariableFont_wght
generated/images/Caveat-VariableFont_wght/digit/4/0008.png,4,font,Caveat-VariableFont_wght
generated/images/Caveat-VariableFont_wght/digit/4/0009.png,4,font,Caveat-VariableFont_wght
generated/images/Caveat-VariableFont_wght/digit/4/0010.png,4,font,Caveat-VariableFont_wght
generated/images/Caveat-VariableFont_wght/digit/5/0001.png,5,font,Caveat-VariableFont_wght
generated/images/Caveat-VariableFont_wght/digit/5/0002.png,5,font,Caveat-VariableFont_wght
generated/images/Caveat-VariableFont_wght/digit/5/0003.png,5,font,Caveat-VariableFont_wght
generated/images/Caveat-VariableFont_wght/digit/5/0004.png,5,font,Caveat-VariableFont_wght
generated/images/Caveat-VariableFont_wght/digit/5/0005.png,5,font,Caveat-VariableFont_wght
generated/images/Caveat-VariableFont_wght/digit/5/0006.png,5,font,Caveat-VariableFont_wght
generated/images/Caveat-VariableFont_wght/digit/5/0007.png,5,font,Caveat-VariableFont_wght
generated/images/Caveat-VariableFont_wght/digit/5/0008.png,5,font,Caveat-VariableFont_wght
generated/images/Caveat-VariableFont_wght/digit/5/0009.png,5,font,Caveat-VariableFont_wght
generated/images/Caveat-VariableFont_wght/digit/5/0010.png,5,font,Caveat-VariableFont_wght
generated/images/Caveat-VariableFont_wght/digit/6/0001.png,6,font,Caveat-VariableFont_wght
generated/images/Caveat-VariableFont_wght/digit/6/0002.png,6,font,Caveat-VariableFont_wght
generated/images/Caveat-VariableFont_wght/digit/6/0003.png,6,font,Caveat-VariableFont_wght
generated/images/Caveat-VariableFont_wght/digit/6/0004.png,6,font,Caveat-VariableFont_wght
generated/images/Caveat-VariableFont_wght/digit/6/0005.png,6,font,Caveat-VariableFont_wght
generated/images/Caveat-VariableFont_wght/digit/6/0006.png,6,font,Caveat-VariableFont_wght
generated/images/Caveat-VariableFont_wght/digit/6/0007.png,6,font,Caveat-VariableFont_wght
generated/images/Caveat-VariableFont_wght/digit/6/0008.png,6,font,Caveat-VariableFont_wght
generated/images/Caveat-VariableFont_wght/digit/6/0009.png,6,font,Caveat-VariableFont_wght
generated/images/Caveat-VariableFont_wght/digit/6/0010.png,6,font,Caveat-VariableFont_wght
generated/images/Caveat-VariableFont_wght/digit/7/0001.png,7,font,Caveat-VariableFont_wght
generated/images/Caveat-VariableFont_wght/digit/7/0002.png,7,font,Caveat-VariableFont_wght
generated/images/Caveat-VariableFont_wght/digit/7/0003.png,7,font,Caveat-VariableFont_wght
generated/images/Caveat-VariableFont_wght/digit/7/0004.png,7,font,Caveat-VariableFont_wght
generated/images/Caveat-VariableFont_wght/digit/7/0005.png,7,font,Caveat-VariableFont_wght
generated/images/Caveat-VariableFont_wght/digit/7/0006.png,7,font,Caveat-VariableFont_wght
generated/images/Caveat-VariableFont_wght/digit/7/0007.png,7,font,Caveat-VariableFont_wght
generated/images/Caveat-VariableFont_wght/digit/7/0008.png,7,font,Caveat-VariableFont_wght
generated/images/Caveat-VariableFont_wght/digit/7/0009.png,7,font,Caveat-VariableFont_wght
generated/images/Caveat-VariableFont_wght/digit/7/0010.png,7,font,Caveat-VariableFont_wght
generated/images/Caveat-VariableFont_wght/digit/8/0001.png,8,font,Caveat-VariableFont_wght
generated/images/Caveat-VariableFont_wght/digit/8/0002.png,8,font,Caveat-VariableFont_wght
generated/images/Caveat-VariableFont_wght/digit/8/0003.png,8,font,Caveat-VariableFont_wght
generated/images/Caveat-VariableFont_wght/digit/8/0004.png,8,font,Caveat-VariableFont_wght
generated/images/Caveat-VariableFont_wght/digit/8/0005.png,8,font,Caveat-VariableFont_wght
generated/images/Caveat-VariableFont_wght/digit/8/0006.png,8,font,Caveat-VariableFont_wght
generated/images/Caveat-VariableFont_wght/digit/8/0007.png,8,font,Caveat-VariableFont_wght
generated/images/Caveat-VariableFont_wght/digit/8/0008.png,8,font,Caveat-VariableFont_wght
generated/images/Caveat-VariableFont_wght/digit/8/0009.png,8,font,Caveat-VariableFont_wght
generated/images/Caveat-VariableFont_wght/digit/8/0010.png,8,font,Caveat-VariableFont_wght
generated/images/Caveat-VariableFont_wght/digit/9/0001.png,9,font,Caveat-VariableFont_wght
generated/images/Caveat-VariableFont_wght/digit/9/0002.png,9,font,Caveat-VariableFont_wght
generated/images/Caveat-VariableFont_wght/digit/9/0003.png,9,font,Caveat-VariableFont_wght
generated/images/Caveat-VariableFont_wght/digit/9/0004.png,9,font,Caveat-VariableFont_wght
generated/images/Caveat-VariableFont_wght/digit/9/0005.png,9,font,Caveat-VariableFont_wght
generated/images/Caveat-VariableFont_wght/digit/9/0006.png,9,font,Caveat-VariableFont_wght
generated/images/Caveat-VariableFont_wght/digit/9/0007.png,9,font,Caveat-VariableFont_wght
generated/images/Caveat-VariableFont_wght/digit/9/0008.png,9,font,Caveat-VariableFont_wght
generated/images/Caveat-VariableFont_wght/digit/9/0009.png,9,font,Caveat-VariableFont_wght
generated/images/Caveat-VariableFont_wght/digit/9/0010.png,9,font,Caveat-VariableFont_wght
generated/images/Caveat-VariableFont_wght/upper/A/0001.png,A,font,Caveat-VariableFont_wght
generated/images/Caveat-VariableFont_wght/upper/A/0002.png,A,font,Caveat-VariableFont_wght
generated/images/Caveat-VariableFont_wght/upper/A/0003.png,A,font,Caveat-VariableFont_wght
generated/images/Caveat-VariableFont_wght/upper/A/0004.png,A,font,Caveat-VariableFont_wght
generated/images/Caveat-VariableFont_wght/upper/A/0005.png,A,font,Caveat-VariableFont_wght
generated/images/Caveat-VariableFont_wght/upper/A/0006.png,A,font,Caveat-VariableFont_wght
generated/images/Caveat-VariableFont_wght/upper/A/0007.png,A,font,Caveat-VariableFont_wght
generated/images/Caveat-VariableFont_wght/upper/A/0008.png,A,font,Caveat-VariableFont_wght
generated/images/Caveat-VariableFont_wght/upper/A/0009.png,A,font,Caveat-VariableFont_wght
generated/images/Caveat-VariableFont_wght/upper/A/0010.png,A,font,Caveat-VariableFont_wght
generated/images/Caveat-VariableFont_wght/upper/B/0001.png,B,font,Caveat-VariableFont_wght
generated/images/Caveat-VariableFont_wght/upper/B/0002.png,B,font,Caveat-VariableFont_wght
generated/images/Caveat-VariableFont_wght/upper/B/0003.png,B,font,Caveat-VariableFont_wght
generated/images/Caveat-VariableFont_wght/upper/B/0004.png,B,font,Caveat-VariableFont_wght
generated/images/Caveat-VariableFont_wght/upper/B/0005.png,B,font,Caveat-VariableFont_wght
generated/images/Caveat-VariableFont_wght/upper/B/0006.png,B,font,Caveat-VariableFont_wght
generated/images/Caveat-VariableFont_wght/upper/B/0007.png,B,font,Caveat-VariableFont_wght
generated/images/Caveat-VariableFont_wght/upper/B/0008.png,B,font,Caveat-VariableFont_wght
generated/images/Caveat-VariableFont_wght/upper/B/0009.png,B,font,Caveat-VariableFont_wght
generated/images/Caveat-VariableFont_wght/upper/B/0010.png,B,font,Caveat-VariableFont_wght
generated/images/Caveat-VariableFont_wght/upper/C/0001.png,C,font,Caveat-VariableFont_wght
generated/images/Caveat-VariableFont_wght/upper/C/0002.png,C,font,Caveat-VariableFont_wght
generated/images/Caveat-VariableFont_wght/upper/C/0003.png,C,font,Caveat-VariableFont_wght
generated/images/Caveat-VariableFont_wght/upper/C/0004.png,C,font,Caveat-VariableFont_wght
generated/images/Caveat-VariableFont_wght/upper/C/0005.png,C,font,Caveat-VariableFont_wght
generated/images/Caveat-VariableFont_wght/upper/C/0006.png,C,font,Caveat-VariableFont_wght
generated/images/Caveat-VariableFont_wght/upper/C/0007.png,C,font,Caveat-VariableFont_wght
generated/images/Caveat-VariableFont_wght/upper/C/0008.png,C,font,Caveat-VariableFont_wght
generated/images/Caveat-VariableFont_wght/upper/C/0009.png,C,font,Caveat-VariableFont_wght
generated/images/Caveat-VariableFont_wght/upper/C/0010.png,C,font,Caveat-VariableFont_wght
generated/images/Caveat-VariableFont_wght/upper/D/0001.png,D,font,Caveat-VariableFont_wght
generated/images/Caveat-VariableFont_wght/upper/D/0002.png,D,font,Caveat-VariableFont_wght
generated/images/Caveat-VariableFont_wght/upper/D/0003.png,D,font,Caveat-VariableFont_wght
generated/images/Caveat-VariableFont_wght/upper/D/0004.png,D,font,Caveat-VariableFont_wght
generated/images/Caveat-VariableFont_wght/upper/D/0005.png,D,font,Caveat-VariableFont_wght
generated/images/Caveat-VariableFont_wght/upper/D/0006.png,D,font,Caveat-VariableFont_wght
generated/images/Caveat-VariableFont_wght/upper/D/0007.png,D,font,Caveat-VariableFont_wght
generated/images/Caveat-VariableFont_wght/upper/D/0008.png,D,font,Caveat-VariableFont_wght
generated/images/Caveat-VariableFont_wght/upper/D/0009.png,D,font,Caveat-VariableFont_wght
generated/images/Caveat-VariableFont_wght/upper/D/0010.png,D,font,Caveat-VariableFont_wght
generated/images/Caveat-VariableFont_wght/upper/E/0001.png,E,font,Caveat-VariableFont_wght
generated/images/Caveat-VariableFont_wght/upper/E/0002.png,E,font,Caveat-VariableFont_wght
generated/images/Caveat-VariableFont_wght/upper/E/0003.png,E,font,Caveat-VariableFont_wght
generated/images/Caveat-VariableFont_wght/upper/E/0004.png,E,font,Caveat-VariableFont_wght
generated/images/Caveat-VariableFont_wght/upper/E/0005.png,E,font,Caveat-VariableFont_wght
generated/images/Caveat-VariableFont_wght/upper/E/0006.png,E,font,Caveat-VariableFont_wght
generated/images/Caveat-VariableFont_wght/upper/E/0007.png,E,font,Caveat-VariableFont_wght
generated/images/Caveat-VariableFont_wght/upper/E/0008.png,E,font,Caveat-VariableFont_wght
generated/images/Caveat-VariableFont_wght/upper/E/0009.png,E,font,Caveat-VariableFont_wght
generated/images/Caveat-VariableFont_wght/upper/E/0010.png,E,font,Caveat-VariableFont_wght
generated/images/Caveat-VariableFont_wght/upper/F/0001.png,F,font,Caveat-VariableFont_wght
generated/images/Caveat-VariableFont_wght/upper/F/0002.png,F,font,Caveat-VariableFont_wght
generated/images/Caveat-VariableFont_wght/upper/F/0003.png,F,font,Caveat-VariableFont_wght
generated/images/Caveat-VariableFont_wght/upper/F/0004.png,F,font,Caveat-VariableFont_wght
generated/images/Caveat-VariableFont_wght/upper/F/0005.png,F,font,Caveat-VariableFont_wght
generated/images/Caveat-VariableFont_wght/upper/F/0006.png,F,font,Caveat-VariableFont_wght
generated/images/Caveat-VariableFont_wght/upper/F/0007.png,F,font,Caveat-VariableFont_wght
generated/images/Caveat-VariableFont_wght/upper/F/0008.png,F,font,Caveat-VariableFont_wght
generated/images/Caveat-VariableFont_wght/upper/F/0009.png,F,font,Caveat-VariableFont_wght
generated/images/Caveat-VariableFont_wght/upper/F/0010.png,F,font,Caveat-VariableFont_wght
generated/images/Caveat-VariableFont_wght/upper/G/0001.png,G,font,Caveat-VariableFont_wght
generated/images/Caveat-VariableFont_wght/upper/G/0002.png,G,font,Caveat-VariableFont_wght
generated/images/Caveat-VariableFont_wght/upper/G/0003.png,G,font,Caveat-VariableFont_wght
generated/images/Caveat-VariableFont_wght/upper/G/0004.png,G,font,Caveat-VariableFont_wght
generated/images/Caveat-VariableFont_wght/upper/G/0005.png,G,font,Caveat-VariableFont_wght
generated/images/Caveat-VariableFont_wght/upper/G/0006.png,G,font,Caveat-VariableFont_wght
generated/images/Caveat-VariableFont_wght/upper/G/0007.png,G,font,Caveat-VariableFont_wght
generated/images/Caveat-VariableFont_wght/upper/G/0008.png,G,font,Caveat-VariableFont_wght
generated/images/Caveat-VariableFont_wght/upper/G/0009.png,G,font,Caveat-VariableFont_wght
generated/images/Caveat-VariableFont_wght/upper/G/0010.png,G,font,Caveat-VariableFont_wght
generated/images/Caveat-VariableFont_wght/upper/H/0001.png,H,font,Caveat-VariableFont_wght
generated/images/Caveat-VariableFont_wght/upper/H/0002.png,H,font,Caveat-VariableFont_wght
generated/images/Caveat-VariableFont_wght/upper/H/0003.png,H,font,Caveat-VariableFont_wght
generated/images/Caveat-VariableFont_wght/upper/H/0004.png,H,font,Caveat-VariableFont_wght
generated/images/Caveat-VariableFont_wght/upper/H/0005.png,H,font,Caveat-VariableFont_wght
generated/images/Caveat-VariableFont_wght/upper/H/0006.png,H,font,Caveat-VariableFont_wght
generated/images/Caveat-VariableFont_wght/upper/H/0007.png,H,font,Caveat-VariableFont_wght
generated/images/Caveat-VariableFont_wght/upper/H/0008.png,H,font,Caveat-VariableFont_wght
generated/images/Caveat-VariableFont_wght/upper/H/0009.png,H,font,Caveat-VariableFont_wght
generated/images/Caveat-VariableFont_wght/upper/H/0010.png,H,font,Caveat-VariableFont_wght
generated/images/Caveat-VariableFont_wght/upper/I/0001.png,I,font,Caveat-VariableFont_wght
generated/images/Caveat-VariableFont_wght/upper/I/0002.png,I,font,Caveat-VariableFont_wght
generated/images/Caveat-VariableFont_wght/upper/I/0003.png,I,font,Caveat-VariableFont_wght
generated/images/Caveat-VariableFont_wght/upper/I/0004.png,I,font,Caveat-VariableFont_wght
generated/images/Caveat-VariableFont_wght/upper/I/0005.png,I,font,Caveat-VariableFont_wght
generated/images/Caveat-VariableFont_wght/upper/I/0006.png,I,font,Caveat-VariableFont_wght
generated/images/Caveat-VariableFont_wght/upper/I/0007.png,I,font,Caveat-VariableFont_wght
generated/images/Caveat-VariableFont_wght/upper/I/0008.png,I,font,Caveat-VariableFont_wght
generated/images/Caveat-VariableFont_wght/upper/I/0009.png,I,font,Caveat-VariableFont_wght
generated/images/Caveat-VariableFont_wght/upper/I/0010.png,I,font,Caveat-VariableFont_wght
generated/images/Caveat-VariableFont_wght/upper/J/0001.png,J,font,Caveat-VariableFont_wght
generated/images/Caveat-VariableFont_wght/upper/J/0002.png,J,font,Caveat-VariableFont_wght
generated/images/Caveat-VariableFont_wght/upper/J/0003.png,J,font,Caveat-VariableFont_wght
generated/images/Caveat-VariableFont_wght/upper/J/0004.png,J,font,Caveat-VariableFont_wght
generated/images/Caveat-VariableFont_wght/upper/J/0005.png,J,font,Caveat-VariableFont_wght
generated/images/Caveat-VariableFont_wght/upper/J/0006.png,J,font,Caveat-VariableFont_wght
generated/images/Caveat-VariableFont_wght/upper/J/0007.png,J,font,Caveat-VariableFont_wght
generated/images/Caveat-VariableFont_wght/upper/J/0008.png,J,font,Caveat-VariableFont_wght
generated/images/Caveat-VariableFont_wght/upper/J/0009.png,J,font,Caveat-VariableFont_wght
generated/images/Caveat-VariableFont_wght/upper/J/0010.png,J,font,Caveat-VariableFont_wght
generated/images/Caveat-VariableFont_wght/upper/K/0001.png,K,font,Caveat-VariableFont_wght
generated/images/Caveat-VariableFont_wght/upper/K/0002.png,K,font,Caveat-VariableFont_wght
generated/images/Caveat-VariableFont_wght/upper/K/0003.png,K,font,Caveat-VariableFont_wght
generated/images/Caveat-VariableFont_wght/upper/K/0004.png,K,font,Caveat-VariableFont_wght
generated/images/Caveat-VariableFont_wght/upper/K/0005.png,K,font,Caveat-VariableFont_wght
generated/images/Caveat-VariableFont_wght/upper/K/0006.png,K,font,Caveat-VariableFont_wght
generated/images/Caveat-VariableFont_wght/upper/K/0007.png,K,font,Caveat-VariableFont_wght
generated/images/Caveat-VariableFont_wght/upper/K/0008.png,K,font,Caveat-VariableFont_wght
generated/images/Caveat-VariableFont_wght/upper/K/0009.png,K,font,Caveat-VariableFont_wght
generated/images/Caveat-VariableFont_wght/upper/K/0010.png,K,font,Caveat-VariableFont_wght
generated/images/Caveat-VariableFont_wght/upper/L/0001.png,L,font,Caveat-VariableFont_wght
generated/images/Caveat-VariableFont_wght/upper/L/0002.png,L,font,Caveat-VariableFont_wght
generated/images/Caveat-VariableFont_wght/upper/L/0003.png,L,font,Caveat-VariableFont_wght
generated/images/Caveat-VariableFont_wght/upper/L/0004.png,L,font,Caveat-VariableFont_wght
generated/images/Caveat-VariableFont_wght/upper/L/0005.png,L,font,Caveat-VariableFont_wght
generated/images/Caveat-VariableFont_wght/upper/L/0006.png,L,font,Caveat-VariableFont_wght
generated/images/Caveat-VariableFont_wght/upper/L/0007.png,L,font,Caveat-VariableFont_wght
generated/images/Caveat-VariableFont_wght/upper/L/0008.png,L,font,Caveat-VariableFont_wght
generated/images/Caveat-VariableFont_wght/upper/L/0009.png,L,font,Caveat-VariableFont_wght
generated/images/Caveat-VariableFont_wght/upper/L/0010.png,L,font,Caveat-VariableFont_wght
generated/images/Caveat-VariableFont_wght/upper/M/0001.png,M,font,Caveat-VariableFont_wght
generated/images/Caveat-VariableFont_wght/upper/M/0002.png,M,font,Caveat-VariableFont_wght
generated/images/Caveat-VariableFont_wght/upper/M/0003.png,M,font,Caveat-VariableFont_wght
generated/images/Caveat-VariableFont_wght/upper/M/0004.png,M,font,Caveat-VariableFont_wght
generated/images/Caveat-VariableFont_wght/upper/M/0005.png,M,font,Caveat-VariableFont_wght
generated/images/Caveat-VariableFont_wght/upper/M/0006.png,M,font,Caveat-VariableFont_wght
generated/images/Caveat-VariableFont_wght/upper/M/0007.png,M,font,Caveat-VariableFont_wght
generated/images/Caveat-VariableFont_wght/upper/M/0008.png,M,font,Caveat-VariableFont_wght
generated/images/Caveat-VariableFont_wght/upper/M/0009.png,M,font,Caveat-VariableFont_wght
generated/images/Caveat-VariableFont_wght/upper/M/0010.png,M,font,Caveat-VariableFont_wght
generated/images/Caveat-VariableFont_wght/upper/N/0001.png,N,font,Caveat-VariableFont_wght
generated/images/Caveat-VariableFont_wght/upper/N/0002.png,N,font,Caveat-VariableFont_wght
generated/images/Caveat-VariableFont_wght/upper/N/0003.png,N,font,Caveat-VariableFont_wght
generated/images/Caveat-VariableFont_wght/upper/N/0004.png,N,font,Caveat-VariableFont_wght
generated/images/Caveat-VariableFont_wght/upper/N/0005.png,N,font,Caveat-VariableFont_wght
generated/images/Caveat-VariableFont_wght/upper/N/0006.png,N,font,Caveat-VariableFont_wght
generated/images/Caveat-VariableFont_wght/upper/N/0007.png,N,font,Caveat-VariableFont_wght
generated/images/Caveat-VariableFont_wght/upper/N/0008.png,N,font,Caveat-VariableFont_wght
generated/images/Caveat-VariableFont_wght/upper/N/0009.png,N,font,Caveat-VariableFont_wght
generated/images/Caveat-VariableFont_wght/upper/N/0010.png,N,font,Caveat-VariableFont_wght
generated/images/Caveat-VariableFont_wght/upper/O/0001.png,O,font,Caveat-VariableFont_wght
generated/images/Caveat-VariableFont_wght/upper/O/0002.png,O,font,Caveat-VariableFont_wght
generated/images/Caveat-VariableFont_wght/upper/O/0003.png,O,font,Caveat-VariableFont_wght
generated/images/Caveat-VariableFont_wght/upper/O/0004.png,O,font,Caveat-VariableFont_wght
generated/images/Caveat-VariableFont_wght/upper/O/0005.png,O,font,Caveat-VariableFont_wght
generated/images/Caveat-VariableFont_wght/upper/O/0006.png,O,font,Caveat-VariableFont_wght
generated/images/Caveat-VariableFont_wght/upper/O/0007.png,O,font,Caveat-VariableFont_wght
generated/images/Caveat-VariableFont_wght/upper/O/0008.png,O,font,Caveat-VariableFont_wght
generated/images/Caveat-VariableFont_wght/upper/O/0009.png,O,font,Caveat-VariableFont_wght
generated/images/Caveat-VariableFont_wght/upper/O/0010.png,O,font,Caveat-VariableFont_wght
generated/images/Caveat-VariableFont_wght/upper/P/0001.png,P,font,Caveat-VariableFont_wght
generated/images/Caveat-VariableFont_wght/upper/P/0002.png,P,font,Caveat-VariableFont_wght
generated/images/Caveat-VariableFont_wght/upper/P/0003.png,P,font,Caveat-VariableFont_wght
generated/images/Caveat-VariableFont_wght/upper/P/0004.png,P,font,Caveat-VariableFont_wght
generated/images/Caveat-VariableFont_wght/upper/P/0005.png,P,font,Caveat-VariableFont_wght
generated/images/Caveat-VariableFont_wght/upper/P/0006.png,P,font,Caveat-VariableFont_wght
generated/images/Caveat-VariableFont_wght/upper/P/0007.png,P,font,Caveat-VariableFont_wght
generated/images/Caveat-VariableFont_wght/upper/P/0008.png,P,font,Caveat-VariableFont_wght
generated/images/Caveat-VariableFont_wght/upper/P/0009.png,P,font,Caveat-VariableFont_wght
generated/images/Caveat-VariableFont_wght/upper/P/0010.png,P,font,Caveat-VariableFont_wght
generated/images/Caveat-VariableFont_wght/upper/Q/0001.png,Q,font,Caveat-VariableFont_wght
generated/images/Caveat-VariableFont_wght/upper/Q/0002.png,Q,font,Caveat-VariableFont_wght
generated/images/Caveat-VariableFont_wght/upper/Q/0003.png,Q,font,Caveat-VariableFont_wght
generated/images/Caveat-VariableFont_wght/upper/Q/0004.png,Q,font,Caveat-VariableFont_wght
generated/images/Caveat-VariableFont_wght/upper/Q/0005.png,Q,font,Caveat-VariableFont_wght
generated/images/Caveat-VariableFont_wght/upper/Q/0006.png,Q,font,Caveat-VariableFont_wght
generated/images/Caveat-VariableFont_wght/upper/Q/0007.png,Q,font,Caveat-VariableFont_wght
generated/images/Caveat-VariableFont_wght/upper/Q/0008.png,Q,font,Caveat-VariableFont_wght
generated/images/Caveat-VariableFont_wght/upper/Q/0009.png,Q,font,Caveat-VariableFont_wght
generated/images/Caveat-VariableFont_wght/upper/Q/0010.png,Q,font,Caveat-VariableFont_wght
generated/images/Caveat-VariableFont_wght/upper/R/0001.png,R,font,Caveat-VariableFont_wght
generated/images/Caveat-VariableFont_wght/upper/R/0002.png,R,font,Caveat-VariableFont_wght
generated/images/Caveat-VariableFont_wght/upper/R/0003.png,R,font,Caveat-VariableFont_wght
generated/images/Caveat-VariableFont_wght/upper/R/0004.png,R,font,Caveat-VariableFont_wght
generated/images/Caveat-VariableFont_wght/upper/R/0005.png,R,font,Caveat-VariableFont_wght
generated/images/Caveat-VariableFont_wght/upper/R/0006.png,R,font,Caveat-VariableFont_wght
generated/images/Caveat-VariableFont_wght/upper/R/0007.png,R,font,Caveat-VariableFont_wght
generated/images/Caveat-VariableFont_wght/upper/R/0008.png,R,font,Caveat-VariableFont_wght
generated/images/Caveat-VariableFont_wght/upper/R/0009.png,R,font,Caveat-VariableFont_wght
generated/images/Caveat-VariableFont_wght/upper/R/0010.png,R,font,Caveat-VariableFont_wght
generated/images/Caveat-VariableFont_wght/upper/S/0001.png,S,font,Caveat-VariableFont_wght
generated/images/Caveat-VariableFont_wght/upper/S/0002.png,S,font,Caveat-VariableFont_wght
generated/images/Caveat-VariableFont_wght/upper/S/0003.png,S,font,Caveat-VariableFont_wght
generated/images/Caveat-VariableFont_wght/upper/S/0004.png,S,font,Caveat-VariableFont_wght
generated/images/Caveat-VariableFont_wght/upper/S/0005.png,S,font,Caveat-VariableFont_wght
generated/images/Caveat-VariableFont_wght/upper/S/0006.png,S,font,Caveat-VariableFont_wght
generated/images/Caveat-VariableFont_wght/upper/S/0007.png,S,font,Caveat-VariableFont_wght
generated/images/Caveat-VariableFont_wght/upper/S/0008.png,S,font,Caveat-VariableFont_wght
generated/images/Caveat-VariableFont_wght/upper/S/0009.png,S,font,Caveat-VariableFont_wght
generated/images/Caveat-VariableFont_wght/upper/S/0010.png,S,font,Caveat-VariableFont_wght
generated/images/Caveat-VariableFont_wght/upper/T/0001.png,T,font,Caveat-VariableFont_wght
generated/images/Caveat-VariableFont_wght/upper/T/0002.png,T,font,Caveat-VariableFont_wght
generated/images/Caveat-VariableFont_wght/upper/T/0003.png,T,font,Caveat-VariableFont_wght
generated/images/Caveat-VariableFont_wght/upper/T/0004.png,T,font,Caveat-VariableFont_wght
generated/images/Caveat-VariableFont_wght/upper/T/0005.png,T,font,Caveat-VariableFont_wght
generated/images/Caveat-VariableFont_wght/upper/T/0006.png,T,font,Caveat-VariableFont_wght
generated/images/Caveat-VariableFont_wght/upper/T/0007.png,T,font,Caveat-VariableFont_wght
generated/images/Caveat-VariableFont_wght/upper/T/0008.png,T,font,Caveat-VariableFont_wght
generated/images/Caveat-VariableFont_wght/upper/T/0009.png,T,font,Caveat-VariableFont_wght
generated/images/Caveat-VariableFont_wght/upper/T/0010.png,T,font,Caveat-VariableFont_wght
generated/images/Caveat-VariableFont_wght/upper/U/0001.png,U,font,Caveat-VariableFont_wght
generated/images/Caveat-VariableFont_wght/upper/U/0002.png,U,font,Caveat-VariableFont_wght
generated/images/Caveat-VariableFont_wght/upper/U/0003.png,U,font,Caveat-VariableFont_wght
generated/images/Caveat-VariableFont_wght/upper/U/0004.png,U,font,Caveat-VariableFont_wght
generated/images/Caveat-VariableFont_wght/upper/U/0005.png,U,font,Caveat-VariableFont_wght
generated/images/Caveat-VariableFont_wght/upper/U/0006.png,U,font,Caveat-VariableFont_wght
generated/images/Caveat-VariableFont_wght/upper/U/0007.png,U,font,Caveat-VariableFont_wght
generated/images/Caveat-VariableFont_wght/upper/U/0008.png,U,font,Caveat-VariableFont_wght
generated/images/Caveat-VariableFont_wght/upper/U/0009.png,U,font,Caveat-VariableFont_wght
generated/images/Caveat-VariableFont_wght/upper/U/0010.png,U,font,Caveat-VariableFont_wght
generated/images/Caveat-VariableFont_wght/upper/V/0001.png,V,font,Caveat-VariableFont_wght
generated/images/Caveat-VariableFont_wght/upper/V/0002.png,V,font,Caveat-VariableFont_wght
generated/images/Caveat-VariableFont_wght/upper/V/0003.png,V,font,Caveat-VariableFont_wght
generated/images/Caveat-VariableFont_wght/upper/V/0004.png,V,font,Caveat-VariableFont_wght
generated/images/Caveat-VariableFont_wght/upper/V/0005.png,V,font,Caveat-VariableFont_wght
generated/images/Caveat-VariableFont_wght/upper/V/0006.png,V,font,Caveat-VariableFont_wght
generated/images/Caveat-VariableFont_wght/upper/V/0007.png,V,font,Caveat-VariableFont_wght
generated/images/Caveat-VariableFont_wght/upper/V/0008.png,V,font,Caveat-VariableFont_wght
generated/images/Caveat-VariableFont_wght/upper/V/0009.png,V,font,Caveat-VariableFont_wght
generated/images/Caveat-VariableFont_wght/upper/V/0010.png,V,font,Caveat-VariableFont_wght
generated/images/Caveat-VariableFont_wght/upper/W/0001.png,W,font,Caveat-VariableFont_wght
generated/images/Caveat-VariableFont_wght/upper/W/0002.png,W,font,Caveat-VariableFont_wght
generated/images/Caveat-VariableFont_wght/upper/W/0003.png,W,font,Caveat-VariableFont_wght
generated/images/Caveat-VariableFont_wght/upper/W/0004.png,W,font,Caveat-VariableFont_wght
generated/images/Caveat-VariableFont_wght/upper/W/0005.png,W,font,Caveat-VariableFont_wght
generated/images/Caveat-VariableFont_wght/upper/W/0006.png,W,font,Caveat-VariableFont_wght
generated/images/Caveat-VariableFont_wght/upper/W/0007.png,W,font,Caveat-VariableFont_wght
generated/images/Caveat-VariableFont_wght/upper/W/0008.png,W,font,Caveat-VariableFont_wght
generated/images/Caveat-VariableFont_wght/upper/W/0009.png,W,font,Caveat-VariableFont_wght
generated/images/Caveat-VariableFont_wght/upper/W/0010.png,W,font,Caveat-VariableFont_wght
generated/images/Caveat-VariableFont_wght/upper/X/0001.png,X,font,Caveat-VariableFont_wght
generated/images/Caveat-VariableFont_wght/upper/X/0002.png,X,font,Caveat-VariableFont_wght
generated/images/Caveat-VariableFont_wght/upper/X/0003.png,X,font,Caveat-VariableFont_wght
generated/images/Caveat-VariableFont_wght/upper/X/0004.png,X,font,Caveat-VariableFont_wght
generated/images/Caveat-VariableFont_wght/upper/X/0005.png,X,font,Caveat-VariableFont_wght
generated/images/Caveat-VariableFont_wght/upper/X/0006.png,X,font,Caveat-VariableFont_wght
generated/images/Caveat-VariableFont_wght/upper/X/0007.png,X,font,Caveat-VariableFont_wght
generated/images/Caveat-VariableFont_wght/upper/X/0008.png,X,font,Caveat-VariableFont_wght
generated/images/Caveat-VariableFont_wght/upper/X/0009.png,X,font,Caveat-VariableFont_wght
generated/images/Caveat-VariableFont_wght/upper/X/0010.png,X,font,Caveat-VariableFont_wght
generated/images/Caveat-VariableFont_wght/upper/Y/0001.png,Y,font,Caveat-VariableFont_wght
generated/images/Caveat-VariableFont_wght/upper/Y/0002.png,Y,font,Caveat-VariableFont_wght
generated/images/Caveat-VariableFont_wght/upper/Y/0003.png,Y,font,Caveat-VariableFont_wght
generated/images/Caveat-VariableFont_wght/upper/Y/0004.png,Y,font,Caveat-VariableFont_wght
generated/images/Caveat-VariableFont_wght/upper/Y/0005.png,Y,font,Caveat-VariableFont_wght
generated/images/Caveat-VariableFont_wght/upper/Y/0006.png,Y,font,Caveat-VariableFont_wght
generated/images/Caveat-VariableFont_wght/upper/Y/0007.png,Y,font,Caveat-VariableFont_wght
generated/images/Caveat-VariableFont_wght/upper/Y/0008.png,Y,font,Caveat-VariableFont_wght
generated/images/Caveat-VariableFont_wght/upper/Y/0009.png,Y,font,Caveat-VariableFont_wght
generated/images/Caveat-VariableFont_wght/upper/Y/0010.png,Y,font,Caveat-VariableFont_wght
generated/images/Caveat-VariableFont_wght/upper/Z/0001.png,Z,font,Caveat-VariableFont_wght
generated/images/Caveat-VariableFont_wght/upper/Z/0002.png,Z,font,Caveat-VariableFont_wght
generated/images/Caveat-VariableFont_wght/upper/Z/0003.png,Z,font,Caveat-VariableFont_wght
generated/images/Caveat-VariableFont_wght/upper/Z/0004.png,Z,font,Caveat-VariableFont_wght
generated/images/Caveat-VariableFont_wght/upper/Z/0005.png,Z,font,Caveat-VariableFont_wght
generated/images/Caveat-VariableFont_wght/upper/Z/0006.png,Z,font,Caveat-VariableFont_wght
generated/images/Caveat-VariableFont_wght/upper/Z/0007.png,Z,font,Caveat-VariableFont_wght
generated/images/Caveat-VariableFont_wght/upper/Z/0008.png,Z,font,Caveat-VariableFont_wght
generated/images/Caveat-VariableFont_wght/upper/Z/0009.png,Z,font,Caveat-VariableFont_wght
generated/images/Caveat-VariableFont_wght/upper/Z/0010.png,Z,font,Caveat-VariableFont_wght
generated/images/Caveat-VariableFont_wght/lower/a/0001.png,a,font,Caveat-VariableFont_wght
generated/images/Caveat-VariableFont_wght/lower/a/0002.png,a,font,Caveat-VariableFont_wght
generated/images/Caveat-VariableFont_wght/lower/a/0003.png,a,font,Caveat-VariableFont_wght
generated/images/Caveat-VariableFont_wght/lower/a/0004.png,a,font,Caveat-VariableFont_wght
generated/images/Caveat-VariableFont_wght/lower/a/0005.png,a,font,Caveat-VariableFont_wght
generated/images/Caveat-VariableFont_wght/lower/a/0006.png,a,font,Caveat-VariableFont_wght
generated/images/Caveat-VariableFont_wght/lower/a/0007.png,a,font,Caveat-VariableFont_wght
generated/images/Caveat-VariableFont_wght/lower/a/0008.png,a,font,Caveat-VariableFont_wght
generated/images/Caveat-VariableFont_wght/lower/a/0009.png,a,font,Caveat-VariableFont_wght
generated/images/Caveat-VariableFont_wght/lower/a/0010.png,a,font,Caveat-VariableFont_wght
generated/images/Caveat-VariableFont_wght/lower/b/0001.png,b,font,Caveat-VariableFont_wght
generated/images/Caveat-VariableFont_wght/lower/b/0002.png,b,font,Caveat-VariableFont_wght
generated/images/Caveat-VariableFont_wght/lower/b/0003.png,b,font,Caveat-VariableFont_wght
generated/images/Caveat-VariableFont_wght/lower/b/0004.png,b,font,Caveat-VariableFont_wght
generated/images/Caveat-VariableFont_wght/lower/b/0005.png,b,font,Caveat-VariableFont_wght
generated/images/Caveat-VariableFont_wght/lower/b/0006.png,b,font,Caveat-VariableFont_wght
generated/images/Caveat-VariableFont_wght/lower/b/0007.png,b,font,Caveat-VariableFont_wght
generated/images/Caveat-VariableFont_wght/lower/b/0008.png,b,font,Caveat-VariableFont_wght
generated/images/Caveat-VariableFont_wght/lower/b/0009.png,b,font,Caveat-VariableFont_wght
generated/images/Caveat-VariableFont_wght/lower/b/0010.png,b,font,Caveat-VariableFont_wght
generated/images/Caveat-VariableFont_wght/lower/c/0001.png,c,font,Caveat-VariableFont_wght
generated/images/Caveat-VariableFont_wght/lower/c/0002.png,c,font,Caveat-VariableFont_wght
generated/images/Caveat-VariableFont_wght/lower/c/0003.png,c,font,Caveat-VariableFont_wght
generated/images/Caveat-VariableFont_wght/lower/c/0004.png,c,font,Caveat-VariableFont_wght
generated/images/Caveat-VariableFont_wght/lower/c/0005.png,c,font,Caveat-VariableFont_wght
generated/images/Caveat-VariableFont_wght/lower/c/0006.png,c,font,Caveat-VariableFont_wght
generated/images/Caveat-VariableFont_wght/lower/c/0007.png,c,font,Caveat-VariableFont_wght
generated/images/Caveat-VariableFont_wght/lower/c/0008.png,c,font,Caveat-VariableFont_wght
generated/images/Caveat-VariableFont_wght/lower/c/0009.png,c,font,Caveat-VariableFont_wght
generated/images/Caveat-VariableFont_wght/lower/c/0010.png,c,font,Caveat-VariableFont_wght
generated/images/Caveat-VariableFont_wght/lower/d/0001.png,d,font,Caveat-VariableFont_wght
generated/images/Caveat-VariableFont_wght/lower/d/0002.png,d,font,Caveat-VariableFont_wght
generated/images/Caveat-VariableFont_wght/lower/d/0003.png,d,font,Caveat-VariableFont_wght
generated/images/Caveat-VariableFont_wght/lower/d/0004.png,d,font,Caveat-VariableFont_wght
generated/images/Caveat-VariableFont_wght/lower/d/0005.png,d,font,Caveat-VariableFont_wght
generated/images/Caveat-VariableFont_wght/lower/d/0006.png,d,font,Caveat-VariableFont_wght
generated/images/Caveat-VariableFont_wght/lower/d/0007.png,d,font,Caveat-VariableFont_wght
generated/images/Caveat-VariableFont_wght/lower/d/0008.png,d,font,Caveat-VariableFont_wght
generated/images/Caveat-VariableFont_wght/lower/d/0009.png,d,font,Caveat-VariableFont_wght
generated/images/Caveat-VariableFont_wght/lower/d/0010.png,d,font,Caveat-VariableFont_wght
generated/images/Caveat-VariableFont_wght/lower/e/0001.png,e,font,Caveat-VariableFont_wght
generated/images/Caveat-VariableFont_wght/lower/e/0002.png,e,font,Caveat-VariableFont_wght
generated/images/Caveat-VariableFont_wght/lower/e/0003.png,e,font,Caveat-VariableFont_wght
generated/images/Caveat-VariableFont_wght/lower/e/0004.png,e,font,Caveat-VariableFont_wght
generated/images/Caveat-VariableFont_wght/lower/e/0005.png,e,font,Caveat-VariableFont_wght
generated/images/Caveat-VariableFont_wght/lower/e/0006.png,e,font,Caveat-VariableFont_wght
generated/images/Caveat-VariableFont_wght/lower/e/0007.png,e,font,Caveat-VariableFont_wght
generated/images/Caveat-VariableFont_wght/lower/e/0008.png,e,font,Caveat-VariableFont_wght
generated/images/Caveat-VariableFont_wght/lower/e/0009.png,e,font,Caveat-VariableFont_wght
generated/images/Caveat-VariableFont_wght/lower/e/0010.png,e,font,Caveat-VariableFont_wght
generated/images/Caveat-VariableFont_wght/lower/f/0001.png,f,font,Caveat-VariableFont_wght
generated/images/Caveat-VariableFont_wght/lower/f/0002.png,f,font,Caveat-VariableFont_wght
generated/images/Caveat-VariableFont_wght/lower/f/0003.png,f,font,Caveat-VariableFont_wght
generated/images/Caveat-VariableFont_wght/lower/f/0004.png,f,font,Caveat-VariableFont_wght
generated/images/Caveat-VariableFont_wght/lower/f/0005.png,f,font,Caveat-VariableFont_wght
generated/images/Caveat-VariableFont_wght/lower/f/0006.png,f,font,Caveat-VariableFont_wght
generated/images/Caveat-VariableFont_wght/lower/f/0007.png,f,font,Caveat-VariableFont_wght
generated/images/Caveat-VariableFont_wght/lower/f/0008.png,f,font,Caveat-VariableFont_wght
generated/images/Caveat-VariableFont_wght/lower/f/0009.png,f,font,Caveat-VariableFont_wght
generated/images/Caveat-VariableFont_wght/lower/f/0010.png,f,font,Caveat-VariableFont_wght
generated/images/Caveat-VariableFont_wght/lower/g/0001.png,g,font,Caveat-VariableFont_wght
generated/images/Caveat-VariableFont_wght/lower/g/0002.png,g,font,Caveat-VariableFont_wght
generated/images/Caveat-VariableFont_wght/lower/g/0003.png,g,font,Caveat-VariableFont_wght
generated/images/Caveat-VariableFont_wght/lower/g/0004.png,g,font,Caveat-VariableFont_wght
generated/images/Caveat-VariableFont_wght/lower/g/0005.png,g,font,Caveat-VariableFont_wght
generated/images/Caveat-VariableFont_wght/lower/g/0006.png,g,font,Caveat-VariableFont_wght
generated/images/Caveat-VariableFont_wght/lower/g/0007.png,g,font,Caveat-VariableFont_wght
generated/images/Caveat-VariableFont_wght/lower/g/0008.png,g,font,Caveat-VariableFont_wght
generated/images/Caveat-VariableFont_wght/lower/g/0009.png,g,font,Caveat-VariableFont_wght
generated/images/Caveat-VariableFont_wght/lower/g/0010.png,g,font,Caveat-VariableFont_wght
generated/images/Caveat-VariableFont_wght/lower/h/0001.png,h,font,Caveat-VariableFont_wght
generated/images/Caveat-VariableFont_wght/lower/h/0002.png,h,font,Caveat-VariableFont_wght
generated/images/Caveat-VariableFont_wght/lower/h/0003.png,h,font,Caveat-VariableFont_wght
generated/images/Caveat-VariableFont_wght/lower/h/0004.png,h,font,Caveat-VariableFont_wght
generated/images/Caveat-VariableFont_wght/lower/h/0005.png,h,font,Caveat-VariableFont_wght
generated/images/Caveat-VariableFont_wght/lower/h/0006.png,h,font,Caveat-VariableFont_wght
generated/images/Caveat-VariableFont_wght/lower/h/0007.png,h,font,Caveat-VariableFont_wght
generated/images/Caveat-VariableFont_wght/lower/h/0008.png,h,font,Caveat-VariableFont_wght
generated/images/Caveat-VariableFont_wght/lower/h/0009.png,h,font,Caveat-VariableFont_wght
generated/images/Caveat-VariableFont_wght/lower/h/0010.png,h,font,Caveat-VariableFont_wght
generated/images/Caveat-VariableFont_wght/lower/i/0001.png,i,font,Caveat-VariableFont_wght
generated/images/Caveat-VariableFont_wght/lower/i/0002.png,i,font,Caveat-VariableFont_wght
generated/images/Caveat-VariableFont_wght/lower/i/0003.png,i,font,Caveat-VariableFont_wght
generated/images/Caveat-VariableFont_wght/lower/i/0004.png,i,font,Caveat-VariableFont_wght
generated/images/Caveat-VariableFont_wght/lower/i/0005.png,i,font,Caveat-VariableFont_wght
generated/images/Caveat-VariableFont_wght/lower/i/0006.png,i,font,Caveat-VariableFont_wght
generated/images/Caveat-VariableFont_wght/lower/i/0007.png,i,font,Caveat-VariableFont_wght
generated/images/Caveat-VariableFont_wght/lower/i/0008.png,i,font,Caveat-VariableFont_wght
generated/images/Caveat-VariableFont_wght/lower/i/0009.png,i,font,Caveat-VariableFont_wght
generated/images/Caveat-VariableFont_wght/lower/i/0010.png,i,font,Caveat-VariableFont_wght
generated/images/Caveat-VariableFont_wght/lower/j/0001.png,j,font,Caveat-VariableFont_wght
generated/images/Caveat-VariableFont_wght/lower/j/0002.png,j,font,Caveat-VariableFont_wght
generated/images/Caveat-VariableFont_wght/lower/j/0003.png,j,font,Caveat-VariableFont_wght
generated/images/Caveat-VariableFont_wght/lower/j/0004.png,j,font,Caveat-VariableFont_wght
generated/images/Caveat-VariableFont_wght/lower/j/0005.png,j,font,Caveat-VariableFont_wght
generated/images/Caveat-VariableFont_wght/lower/j/0006.png,j,font,Caveat-VariableFont_wght
generated/images/Caveat-VariableFont_wght/lower/j/0007.png,j,font,Caveat-VariableFont_wght
generated/images/Caveat-VariableFont_wght/lower/j/0008.png,j,font,Caveat-VariableFont_wght
generated/images/Caveat-VariableFont_wght/lower/j/0009.png,j,font,Caveat-VariableFont_wght
generated/images/Caveat-VariableFont_wght/lower/j/0010.png,j,font,Caveat-VariableFont_wght
generated/images/Caveat-VariableFont_wght/lower/k/0001.png,k,font,Caveat-VariableFont_wght
generated/images/Caveat-VariableFont_wght/lower/k/0002.png,k,font,Caveat-VariableFont_wght
generated/images/Caveat-VariableFont_wght/lower/k/0003.png,k,font,Caveat-VariableFont_wght
generated/images/Caveat-VariableFont_wght/lower/k/0004.png,k,font,Caveat-VariableFont_wght
generated/images/Caveat-VariableFont_wght/lower/k/0005.png,k,font,Caveat-VariableFont_wght
generated/images/Caveat-VariableFont_wght/lower/k/0006.png,k,font,Caveat-VariableFont_wght
generated/images/Caveat-VariableFont_wght/lower/k/0007.png,k,font,Caveat-VariableFont_wght
generated/images/Caveat-VariableFont_wght/lower/k/0008.png,k,font,Caveat-VariableFont_wght
generated/images/Caveat-VariableFont_wght/lower/k/0009.png,k,font,Caveat-VariableFont_wght
generated/images/Caveat-VariableFont_wght/lower/k/0010.png,k,font,Caveat-VariableFont_wght
generated/images/Caveat-VariableFont_wght/lower/l/0001.png,l,font,Caveat-VariableFont_wght
generated/images/Caveat-VariableFont_wght/lower/l/0002.png,l,font,Caveat-VariableFont_wght
generated/images/Caveat-VariableFont_wght/lower/l/0003.png,l,font,Caveat-VariableFont_wght
generated/images/Caveat-VariableFont_wght/lower/l/0004.png,l,font,Caveat-VariableFont_wght
generated/images/Caveat-VariableFont_wght/lower/l/0005.png,l,font,Caveat-VariableFont_wght
generated/images/Caveat-VariableFont_wght/lower/l/0006.png,l,font,Caveat-VariableFont_wght
generated/images/Caveat-VariableFont_wght/lower/l/0007.png,l,font,Caveat-VariableFont_wght
generated/images/Caveat-VariableFont_wght/lower/l/0008.png,l,font,Caveat-VariableFont_wght
generated/images/Caveat-VariableFont_wght/lower/l/0009.png,l,font,Caveat-VariableFont_wght
generated/images/Caveat-VariableFont_wght/lower/l/0010.png,l,font,Caveat-VariableFont_wght
generated/images/Caveat-VariableFont_wght/lower/m/0001.png,m,font,Caveat-VariableFont_wght
generated/images/Caveat-VariableFont_wght/lower/m/0002.png,m,font,Caveat-VariableFont_wght
generated/images/Caveat-VariableFont_wght/lower/m/0003.png,m,font,Caveat-VariableFont_wght
generated/images/Caveat-VariableFont_wght/lower/m/0004.png,m,font,Caveat-VariableFont_wght
generated/images/Caveat-VariableFont_wght/lower/m/0005.png,m,font,Caveat-VariableFont_wght
generated/images/Caveat-VariableFont_wght/lower/m/0006.png,m,font,Caveat-VariableFont_wght
generated/images/Caveat-VariableFont_wght/lower/m/0007.png,m,font,Caveat-VariableFont_wght
generated/images/Caveat-VariableFont_wght/lower/m/0008.png,m,font,Caveat-VariableFont_wght
generated/images/Caveat-VariableFont_wght/lower/m/0009.png,m,font,Caveat-VariableFont_wght
generated/images/Caveat-VariableFont_wght/lower/m/0010.png,m,font,Caveat-VariableFont_wght
generated/images/Caveat-VariableFont_wght/lower/n/0001.png,n,font,Caveat-VariableFont_wght
generated/images/Caveat-VariableFont_wght/lower/n/0002.png,n,font,Caveat-VariableFont_wght
generated/images/Caveat-VariableFont_wght/lower/n/0003.png,n,font,Caveat-VariableFont_wght
generated/images/Caveat-VariableFont_wght/lower/n/0004.png,n,font,Caveat-VariableFont_wght
generated/images/Caveat-VariableFont_wght/lower/n/0005.png,n,font,Caveat-VariableFont_wght
generated/images/Caveat-VariableFont_wght/lower/n/0006.png,n,font,Caveat-VariableFont_wght
generated/images/Caveat-VariableFont_wght/lower/n/0007.png,n,font,Caveat-VariableFont_wght
generated/images/Caveat-VariableFont_wght/lower/n/0008.png,n,font,Caveat-VariableFont_wght
generated/images/Caveat-VariableFont_wght/lower/n/0009.png,n,font,Caveat-VariableFont_wght
generated/images/Caveat-VariableFont_wght/lower/n/0010.png,n,font,Caveat-VariableFont_wght
generated/images/Caveat-VariableFont_wght/lower/o/0001.png,o,font,Caveat-VariableFont_wght
generated/images/Caveat-VariableFont_wght/lower/o/0002.png,o,font,Caveat-VariableFont_wght
generated/images/Caveat-VariableFont_wght/lower/o/0003.png,o,font,Caveat-VariableFont_wght
generated/images/Caveat-VariableFont_wght/lower/o/0004.png,o,font,Caveat-VariableFont_wght
generated/images/Caveat-VariableFont_wght/lower/o/0005.png,o,font,Caveat-VariableFont_wght
generated/images/Caveat-VariableFont_wght/lower/o/0006.png,o,font,Caveat-VariableFont_wght
generated/images/Caveat-VariableFont_wght/lower/o/0007.png,o,font,Caveat-VariableFont_wght
generated/images/Caveat-VariableFont_wght/lower/o/0008.png,o,font,Caveat-VariableFont_wght
generated/images/Caveat-VariableFont_wght/lower/o/0009.png,o,font,Caveat-VariableFont_wght
generated/images/Caveat-VariableFont_wght/lower/o/0010.png,o,font,Caveat-VariableFont_wght
generated/images/Caveat-VariableFont_wght/lower/p/0001.png,p,font,Caveat-VariableFont_wght
generated/images/Caveat-VariableFont_wght/lower/p/0002.png,p,font,Caveat-VariableFont_wght
generated/images/Caveat-VariableFont_wght/lower/p/0003.png,p,font,Caveat-VariableFont_wght
generated/images/Caveat-VariableFont_wght/lower/p/0004.png,p,font,Caveat-VariableFont_wght
generated/images/Caveat-VariableFont_wght/lower/p/0005.png,p,font,Caveat-VariableFont_wght
generated/images/Caveat-VariableFont_wght/lower/p/0006.png,p,font,Caveat-VariableFont_wght
generated/images/Caveat-VariableFont_wght/lower/p/0007.png,p,font,Caveat-VariableFont_wght
generated/images/Caveat-VariableFont_wght/lower/p/0008.png,p,font,Caveat-VariableFont_wght
generated/images/Caveat-VariableFont_wght/lower/p/0009.png,p,font,Caveat-VariableFont_wght
generated/images/Caveat-VariableFont_wght/lower/p/0010.png,p,font,Caveat-VariableFont_wght
generated/images/Caveat-VariableFont_wght/lower/q/0001.png,q,font,Caveat-VariableFont_wght
generated/images/Caveat-VariableFont_wght/lower/q/0002.png,q,font,Caveat-VariableFont_wght
generated/images/Caveat-VariableFont_wght/lower/q/0003.png,q,font,Caveat-VariableFont_wght
generated/images/Caveat-VariableFont_wght/lower/q/0004.png,q,font,Caveat-VariableFont_wght
generated/images/Caveat-VariableFont_wght/lower/q/0005.png,q,font,Caveat-VariableFont_wght
generated/images/Caveat-VariableFont_wght/lower/q/0006.png,q,font,Caveat-VariableFont_wght
generated/images/Caveat-VariableFont_wght/lower/q/0007.png,q,font,Caveat-VariableFont_wght
generated/images/Caveat-VariableFont_wght/lower/q/0008.png,q,font,Caveat-VariableFont_wght
generated/images/Caveat-VariableFont_wght/lower/q/0009.png,q,font,Caveat-VariableFont_wght
generated/images/Caveat-VariableFont_wght/lower/q/0010.png,q,font,Caveat-VariableFont_wght
generated/images/Caveat-VariableFont_wght/lower/r/0001.png,r,font,Caveat-VariableFont_wght
generated/images/Caveat-VariableFont_wght/lower/r/0002.png,r,font,Caveat-VariableFont_wght
generated/images/Caveat-VariableFont_wght/lower/r/0003.png,r,font,Caveat-VariableFont_wght
generated/images/Caveat-VariableFont_wght/lower/r/0004.png,r,font,Caveat-VariableFont_wght
generated/images/Caveat-VariableFont_wght/lower/r/0005.png,r,font,Caveat-VariableFont_wght
generated/images/Caveat-VariableFont_wght/lower/r/0006.png,r,font,Caveat-VariableFont_wght
generated/images/Caveat-VariableFont_wght/lower/r/0007.png,r,font,Caveat-VariableFont_wght
generated/images/Caveat-VariableFont_wght/lower/r/0008.png,r,font,Caveat-VariableFont_wght
generated/images/Caveat-VariableFont_wght/lower/r/0009.png,r,font,Caveat-VariableFont_wght
generated/images/Caveat-VariableFont_wght/lower/r/0010.png,r,font,Caveat-VariableFont_wght
generated/images/Caveat-VariableFont_wght/lower/s/0001.png,s,font,Caveat-VariableFont_wght
generated/images/Caveat-VariableFont_wght/lower/s/0002.png,s,font,Caveat-VariableFont_wght
generated/images/Caveat-VariableFont_wght/lower/s/0003.png,s,font,Caveat-VariableFont_wght
generated/images/Caveat-VariableFont_wght/lower/s/0004.png,s,font,Caveat-VariableFont_wght
generated/images/Caveat-VariableFont_wght/lower/s/0005.png,s,font,Caveat-VariableFont_wght
generated/images/Caveat-VariableFont_wght/lower/s/0006.png,s,font,Caveat-VariableFont_wght
generated/images/Caveat-VariableFont_wght/lower/s/0007.png,s,font,Caveat-VariableFont_wght
generated/images/Caveat-VariableFont_wght/lower/s/0008.png,s,font,Caveat-VariableFont_wght
generated/images/Caveat-VariableFont_wght/lower/s/0009.png,s,font,Caveat-VariableFont_wght
generated/images/Caveat-VariableFont_wght/lower/s/0010.png,s,font,Caveat-VariableFont_wght
generated/images/Caveat-VariableFont_wght/lower/t/0001.png,t,font,Caveat-VariableFont_wght
generated/images/Caveat-VariableFont_wght/lower/t/0002.png,t,font,Caveat-VariableFont_wght
generated/images/Caveat-VariableFont_wght/lower/t/0003.png,t,font,Caveat-VariableFont_wght
generated/images/Caveat-VariableFont_wght/lower/t/0004.png,t,font,Caveat-VariableFont_wght
generated/images/Caveat-VariableFont_wght/lower/t/0005.png,t,font,Caveat-VariableFont_wght
generated/images/Caveat-VariableFont_wght/lower/t/0006.png,t,font,Caveat-VariableFont_wght
generated/images/Caveat-VariableFont_wght/lower/t/0007.png,t,font,Caveat-VariableFont_wght
generated/images/Caveat-VariableFont_wght/lower/t/0008.png,t,font,Caveat-VariableFont_wght
generated/images/Caveat-VariableFont_wght/lower/t/0009.png,t,font,Caveat-VariableFont_wght
generated/images/Caveat-VariableFont_wght/lower/t/0010.png,t,font,Caveat-VariableFont_wght
generated/images/Caveat-VariableFont_wght/lower/u/0001.png,u,font,Caveat-VariableFont_wght
generated/images/Caveat-VariableFont_wght/lower/u/0002.png,u,font,Caveat-VariableFont_wght
generated/images/Caveat-VariableFont_wght/lower/u/0003.png,u,font,Caveat-VariableFont_wght
generated/images/Caveat-VariableFont_wght/lower/u/0004.png,u,font,Caveat-VariableFont_wght
generated/images/Caveat-VariableFont_wght/lower/u/0005.png,u,font,Caveat-VariableFont_wght
generated/images/Caveat-VariableFont_wght/lower/u/0006.png,u,font,Caveat-VariableFont_wght
generated/images/Caveat-VariableFont_wght/lower/u/0007.png,u,font,Caveat-VariableFont_wght
generated/images/Caveat-VariableFont_wght/lower/u/0008.png,u,font,Caveat-VariableFont_wght
generated/images/Caveat-VariableFont_wght/lower/u/0009.png,u,font,Caveat-VariableFont_wght
generated/images/Caveat-VariableFont_wght/lower/u/0010.png,u,font,Caveat-VariableFont_wght
generated/images/Caveat-VariableFont_wght/lower/v/0001.png,v,font,Caveat-VariableFont_wght
generated/images/Caveat-VariableFont_wght/lower/v/0002.png,v,font,Caveat-VariableFont_wght
generated/images/Caveat-VariableFont_wght/lower/v/0003.png,v,font,Caveat-VariableFont_wght
generated/images/Caveat-VariableFont_wght/lower/v/0004.png,v,font,Caveat-VariableFont_wght
generated/images/Caveat-VariableFont_wght/lower/v/0005.png,v,font,Caveat-VariableFont_wght
generated/images/Caveat-VariableFont_wght/lower/v/0006.png,v,font,Caveat-VariableFont_wght
generated/images/Caveat-VariableFont_wght/lower/v/0007.png,v,font,Caveat-VariableFont_wght
generated/images/Caveat-VariableFont_wght/lower/v/0008.png,v,font,Caveat-VariableFont_wght
generated/images/Caveat-VariableFont_wght/lower/v/0009.png,v,font,Caveat-VariableFont_wght
generated/images/Caveat-VariableFont_wght/lower/v/0010.png,v,font,Caveat-VariableFont_wght
generated/images/Caveat-VariableFont_wght/lower/w/0001.png,w,font,Caveat-VariableFont_wght
generated/images/Caveat-VariableFont_wght/lower/w/0002.png,w,font,Caveat-VariableFont_wght
generated/images/Caveat-VariableFont_wght/lower/w/0003.png,w,font,Caveat-VariableFont_wght
generated/images/Caveat-VariableFont_wght/lower/w/0004.png,w,font,Caveat-VariableFont_wght
generated/images/Caveat-VariableFont_wght/lower/w/0005.png,w,font,Caveat-VariableFont_wght
generated/images/Caveat-VariableFont_wght/lower/w/0006.png,w,font,Caveat-VariableFont_wght
generated/images/Caveat-VariableFont_wght/lower/w/0007.png,w,font,Caveat-VariableFont_wght
generated/images/Caveat-VariableFont_wght/lower/w/0008.png,w,font,Caveat-VariableFont_wght
generated/images/Caveat-VariableFont_wght/lower/w/0009.png,w,font,Caveat-VariableFont_wght
generated/images/Caveat-VariableFont_wght/lower/w/0010.png,w,font,Caveat-VariableFont_wght
generated/images/Caveat-VariableFont_wght/lower/x/0001.png,x,font,Caveat-VariableFont_wght
generated/images/Caveat-VariableFont_wght/lower/x/0002.png,x,font,Caveat-VariableFont_wght
generated/images/Caveat-VariableFont_wght/lower/x/0003.png,x,font,Caveat-VariableFont_wght
generated/images/Caveat-VariableFont_wght/lower/x/0004.png,x,font,Caveat-VariableFont_wght
generated/images/Caveat-VariableFont_wght/lower/x/0005.png,x,font,Caveat-VariableFont_wght
generated/images/Caveat-VariableFont_wght/lower/x/0006.png,x,font,Caveat-VariableFont_wght
generated/images/Caveat-VariableFont_wght/lower/x/0007.png,x,font,Caveat-VariableFont_wght
generated/images/Caveat-VariableFont_wght/lower/x/0008.png,x,font,Caveat-VariableFont_wght
generated/images/Caveat-VariableFont_wght/lower/x/0009.png,x,font,Caveat-VariableFont_wght
generated/images/Caveat-VariableFont_wght/lower/x/0010.png,x,font,Caveat-VariableFont_wght
generated/images/Caveat-VariableFont_wght/lower/y/0001.png,y,font,Caveat-VariableFont_wght
generated/images/Caveat-VariableFont_wght/lower/y/0002.png,y,font,Caveat-VariableFont_wght
generated/images/Caveat-VariableFont_wght/lower/y/0003.png,y,font,Caveat-VariableFont_wght
generated/images/Caveat-VariableFont_wght/lower/y/0004.png,y,font,Caveat-VariableFont_wght
generated/images/Caveat-VariableFont_wght/lower/y/0005.png,y,font,Caveat-VariableFont_wght
generated/images/Caveat-VariableFont_wght/lower/y/0006.png,y,font,Caveat-VariableFont_wght
generated/images/Caveat-VariableFont_wght/lower/y/0007.png,y,font,Caveat-VariableFont_wght
generated/images/Caveat-VariableFont_wght/lower/y/0008.png,y,font,Caveat-VariableFont_wght
generated/images/Caveat-VariableFont_wght/lower/y/0009.png,y,font,Caveat-VariableFont_wght
generated/images/Caveat-VariableFont_wght/lower/y/0010.png,y,font,Caveat-VariableFont_wght
generated/images/Caveat-VariableFont_wght/lower/z/0001.png,z,font,Caveat-VariableFont_wght
generated/images/Caveat-VariableFont_wght/lower/z/0002.png,z,font,Caveat-VariableFont_wght
generated/images/Caveat-VariableFont_wght/lower/z/0003.png,z,font,Caveat-VariableFont_wght
generated/images/Caveat-VariableFont_wght/lower/z/0004.png,z,font,Caveat-VariableFont_wght
generated/images/Caveat-VariableFont_wght/lower/z/0005.png,z,font,Caveat-VariableFont_wght
generated/images/Caveat-VariableFont_wght/lower/z/0006.png,z,font,Caveat-VariableFont_wght
generated/images/Caveat-VariableFont_wght/lower/z/0007.png,z,font,Caveat-VariableFont_wght
generated/images/Caveat-VariableFont_wght/lower/z/0008.png,z,font,Caveat-VariableFont_wght
generated/images/Caveat-VariableFont_wght/lower/z/0009.png,z,font,Caveat-VariableFont_wght
generated/images/Caveat-VariableFont_wght/lower/z/0010.png,z,font,Caveat-VariableFont_wght
generated/images/DancingScript-Bold/digit/0/0001.png,0,font,DancingScript-Bold
generated/images/DancingScript-Bold/digit/0/0002.png,0,font,DancingScript-Bold
generated/images/DancingScript-Bold/digit/0/0003.png,0,font,DancingScript-Bold
generated/images/DancingScript-Bold/digit/0/0004.png,0,font,DancingScript-Bold
generated/images/DancingScript-Bold/digit/0/0005.png,0,font,DancingScript-Bold
generated/images/DancingScript-Bold/digit/0/0006.png,0,font,DancingScript-Bold
generated/images/DancingScript-Bold/digit/0/0007.png,0,font,DancingScript-Bold
generated/images/DancingScript-Bold/digit/0/0008.png,0,font,DancingScript-Bold
generated/images/DancingScript-Bold/digit/0/0009.png,0,font,DancingScript-Bold
generated/images/DancingScript-Bold/digit/0/0010.png,0,font,DancingScript-Bold
generated/images/DancingScript-Bold/digit/1/0001.png,1,font,DancingScript-Bold
generated/images/DancingScript-Bold/digit/1/0002.png,1,font,DancingScript-Bold
generated/images/DancingScript-Bold/digit/1/0003.png,1,font,DancingScript-Bold
generated/images/DancingScript-Bold/digit/1/0004.png,1,font,DancingScript-Bold
generated/images/DancingScript-Bold/digit/1/0005.png,1,font,DancingScript-Bold
generated/images/DancingScript-Bold/digit/1/0006.png,1,font,DancingScript-Bold
generated/images/DancingScript-Bold/digit/1/0007.png,1,font,DancingScript-Bold
generated/images/DancingScript-Bold/digit/1/0008.png,1,font,DancingScript-Bold
generated/images/DancingScript-Bold/digit/1/0009.png,1,font,DancingScript-Bold
generated/images/DancingScript-Bold/digit/1/0010.png,1,font,DancingScript-Bold
generated/images/DancingScript-Bold/digit/2/0001.png,2,font,DancingScript-Bold
generated/images/DancingScript-Bold/digit/2/0002.png,2,font,DancingScript-Bold
generated/images/DancingScript-Bold/digit/2/0003.png,2,font,DancingScript-Bold
generated/images/DancingScript-Bold/digit/2/0004.png,2,font,DancingScript-Bold
generated/images/DancingScript-Bold/digit/2/0005.png,2,font,DancingScript-Bold
generated/images/DancingScript-Bold/digit/2/0006.png,2,font,DancingScript-Bold
generated/images/DancingScript-Bold/digit/2/0007.png,2,font,DancingScript-Bold
generated/images/DancingScript-Bold/digit/2/0008.png,2,font,DancingScript-Bold
generated/images/DancingScript-Bold/digit/2/0009.png,2,font,DancingScript-Bold
generated/images/DancingScript-Bold/digit/2/0010.png,2,font,DancingScript-Bold
generated/images/DancingScript-Bold/digit/3/0001.png,3,font,DancingScript-Bold
generated/images/DancingScript-Bold/digit/3/0002.png,3,font,DancingScript-Bold
generated/images/DancingScript-Bold/digit/3/0003.png,3,font,DancingScript-Bold
generated/images/DancingScript-Bold/digit/3/0004.png,3,font,DancingScript-Bold
generated/images/DancingScript-Bold/digit/3/0005.png,3,font,DancingScript-Bold
generated/images/DancingScript-Bold/digit/3/0006.png,3,font,DancingScript-Bold
generated/images/DancingScript-Bold/digit/3/0007.png,3,font,DancingScript-Bold
generated/images/DancingScript-Bold/digit/3/0008.png,3,font,DancingScript-Bold
generated/images/DancingScript-Bold/digit/3/0009.png,3,font,DancingScript-Bold
generated/images/DancingScript-Bold/digit/3/0010.png,3,font,DancingScript-Bold
generated/images/DancingScript-Bold/digit/4/0001.png,4,font,DancingScript-Bold
generated/images/DancingScript-Bold/digit/4/0002.png,4,font,DancingScript-Bold
generated/images/DancingScript-Bold/digit/4/0003.png,4,font,DancingScript-Bold
generated/images/DancingScript-Bold/digit/4/0004.png,4,font,DancingScript-Bold
generated/images/DancingScript-Bold/digit/4/0005.png,4,font,DancingScript-Bold
generated/images/DancingScript-Bold/digit/4/0006.png,4,font,DancingScript-Bold
generated/images/DancingScript-Bold/digit/4/0007.png,4,font,DancingScript-Bold
generated/images/DancingScript-Bold/digit/4/0008.png,4,font,DancingScript-Bold
generated/images/DancingScript-Bold/digit/4/0009.png,4,font,DancingScript-Bold
generated/images/DancingScript-Bold/digit/4/0010.png,4,font,DancingScript-Bold
generated/images/DancingScript-Bold/digit/5/0001.png,5,font,DancingScript-Bold
generated/images/DancingScript-Bold/digit/5/0002.png,5,font,DancingScript-Bold
generated/images/DancingScript-Bold/digit/5/0003.png,5,font,DancingScript-Bold
generated/images/DancingScript-Bold/digit/5/0004.png,5,font,DancingScript-Bold
generated/images/DancingScript-Bold/digit/5/0005.png,5,font,DancingScript-Bold
generated/images/DancingScript-Bold/digit/5/0006.png,5,font,DancingScript-Bold
generated/images/DancingScript-Bold/digit/5/0007.png,5,font,DancingScript-Bold
generated/images/DancingScript-Bold/digit/5/0008.png,5,font,DancingScript-Bold
generated/images/DancingScript-Bold/digit/5/0009.png,5,font,DancingScript-Bold
generated/images/DancingScript-Bold/digit/5/0010.png,5,font,DancingScript-Bold
generated/images/DancingScript-Bold/digit/6/0001.png,6,font,DancingScript-Bold
generated/images/DancingScript-Bold/digit/6/0002.png,6,font,DancingScript-Bold
generated/images/DancingScript-Bold/digit/6/0003.png,6,font,DancingScript-Bold
generated/images/DancingScript-Bold/digit/6/0004.png,6,font,DancingScript-Bold
generated/images/DancingScript-Bold/digit/6/0005.png,6,font,DancingScript-Bold
generated/images/DancingScript-Bold/digit/6/0006.png,6,font,DancingScript-Bold
generated/images/DancingScript-Bold/digit/6/0007.png,6,font,DancingScript-Bold
generated/images/DancingScript-Bold/digit/6/0008.png,6,font,DancingScript-Bold
generated/images/DancingScript-Bold/digit/6/0009.png,6,font,DancingScript-Bold
generated/images/DancingScript-Bold/digit/6/0010.png,6,font,DancingScript-Bold
generated/images/DancingScript-Bold/digit/7/0001.png,7,font,DancingScript-Bold
generated/images/DancingScript-Bold/digit/7/0002.png,7,font,DancingScript-Bold
generated/images/DancingScript-Bold/digit/7/0003.png,7,font,DancingScript-Bold
generated/images/DancingScript-Bold/digit/7/0004.png,7,font,DancingScript-Bold
generated/images/DancingScript-Bold/digit/7/0005.png,7,font,DancingScript-Bold
generated/images/DancingScript-Bold/digit/7/0006.png,7,font,DancingScript-Bold
generated/images/DancingScript-Bold/digit/7/0007.png,7,font,DancingScript-Bold
generated/images/DancingScript-Bold/digit/7/0008.png,7,font,DancingScript-Bold
generated/images/DancingScript-Bold/digit/7/0009.png,7,font,DancingScript-Bold
generated/images/DancingScript-Bold/digit/7/0010.png,7,font,DancingScript-Bold
generated/images/DancingScript-Bold/digit/8/0001.png,8,font,DancingScript-Bold
generated/images/DancingScript-Bold/digit/8/0002.png,8,font,DancingScript-Bold
generated/images/DancingScript-Bold/digit/8/0003.png,8,font,DancingScript-Bold
generated/images/DancingScript-Bold/digit/8/0004.png,8,font,DancingScript-Bold
generated/images/DancingScript-Bold/digit/8/0005.png,8,font,DancingScript-Bold
generated/images/DancingScript-Bold/digit/8/0006.png,8,font,DancingScript-Bold
generated/images/DancingScript-Bold/digit/8/0007.png,8,font,DancingScript-Bold
generated/images/DancingScript-Bold/digit/8/0008.png,8,font,DancingScript-Bold
generated/images/DancingScript-Bold/digit/8/0009.png,8,font,DancingScript-Bold
generated/images/DancingScript-Bold/digit/8/0010.png,8,font,DancingScript-Bold
generated/images/DancingScript-Bold/digit/9/0001.png,9,font,DancingScript-Bold
generated/images/DancingScript-Bold/digit/9/0002.png,9,font,DancingScript-Bold
generated/images/DancingScript-Bold/digit/9/0003.png,9,font,DancingScript-Bold
generated/images/DancingScript-Bold/digit/9/0004.png,9,font,DancingScript-Bold
generated/images/DancingScript-Bold/digit/9/0005.png,9,font,DancingScript-Bold
generated/images/DancingScript-Bold/digit/9/0006.png,9,font,DancingScript-Bold
generated/images/DancingScript-Bold/digit/9/0007.png,9,font,DancingScript-Bold
generated/images/DancingScript-Bold/digit/9/0008.png,9,font,DancingScript-Bold
generated/images/DancingScript-Bold/digit/9/0009.png,9,font,DancingScript-Bold
generated/images/DancingScript-Bold/digit/9/0010.png,9,font,DancingScript-Bold
generated/images/DancingScript-Bold/upper/A/0001.png,A,font,DancingScript-Bold
generated/images/DancingScript-Bold/upper/A/0002.png,A,font,DancingScript-Bold
generated/images/DancingScript-Bold/upper/A/0003.png,A,font,DancingScript-Bold
generated/images/DancingScript-Bold/upper/A/0004.png,A,font,DancingScript-Bold
generated/images/DancingScript-Bold/upper/A/0005.png,A,font,DancingScript-Bold
generated/images/DancingScript-Bold/upper/A/0006.png,A,font,DancingScript-Bold
generated/images/DancingScript-Bold/upper/A/0007.png,A,font,DancingScript-Bold
generated/images/DancingScript-Bold/upper/A/0008.png,A,font,DancingScript-Bold
generated/images/DancingScript-Bold/upper/A/0009.png,A,font,DancingScript-Bold
generated/images/DancingScript-Bold/upper/A/0010.png,A,font,DancingScript-Bold
generated/images/DancingScript-Bold/upper/B/0001.png,B,font,DancingScript-Bold
generated/images/DancingScript-Bold/upper/B/0002.png,B,font,DancingScript-Bold
generated/images/DancingScript-Bold/upper/B/0003.png,B,font,DancingScript-Bold
generated/images/DancingScript-Bold/upper/B/0004.png,B,font,DancingScript-Bold
generated/images/DancingScript-Bold/upper/B/0005.png,B,font,DancingScript-Bold
generated/images/DancingScript-Bold/upper/B/0006.png,B,font,DancingScript-Bold
generated/images/DancingScript-Bold/upper/B/0007.png,B,font,DancingScript-Bold
generated/images/DancingScript-Bold/upper/B/0008.png,B,font,DancingScript-Bold
generated/images/DancingScript-Bold/upper/B/0009.png,B,font,DancingScript-Bold
generated/images/DancingScript-Bold/upper/B/0010.png,B,font,DancingScript-Bold
generated/images/DancingScript-Bold/upper/C/0001.png,C,font,DancingScript-Bold
generated/images/DancingScript-Bold/upper/C/0002.png,C,font,DancingScript-Bold
generated/images/DancingScript-Bold/upper/C/0003.png,C,font,DancingScript-Bold
generated/images/DancingScript-Bold/upper/C/0004.png,C,font,DancingScript-Bold
generated/images/DancingScript-Bold/upper/C/0005.png,C,font,DancingScript-Bold
generated/images/DancingScript-Bold/upper/C/0006.png,C,font,DancingScript-Bold
generated/images/DancingScript-Bold/upper/C/0007.png,C,font,DancingScript-Bold
generated/images/DancingScript-Bold/upper/C/0008.png,C,font,DancingScript-Bold
generated/images/DancingScript-Bold/upper/C/0009.png,C,font,DancingScript-Bold
generated/images/DancingScript-Bold/upper/C/0010.png,C,font,DancingScript-Bold
generated/images/DancingScript-Bold/upper/D/0001.png,D,font,DancingScript-Bold
generated/images/DancingScript-Bold/upper/D/0002.png,D,font,DancingScript-Bold
generated/images/DancingScript-Bold/upper/D/0003.png,D,font,DancingScript-Bold
generated/images/DancingScript-Bold/upper/D/0004.png,D,font,DancingScript-Bold
generated/images/DancingScript-Bold/upper/D/0005.png,D,font,DancingScript-Bold
generated/images/DancingScript-Bold/upper/D/0006.png,D,font,DancingScript-Bold
generated/images/DancingScript-Bold/upper/D/0007.png,D,font,DancingScript-Bold
generated/images/DancingScript-Bold/upper/D/0008.png,D,font,DancingScript-Bold
generated/images/DancingScript-Bold/upper/D/0009.png,D,font,DancingScript-Bold
generated/images/DancingScript-Bold/upper/D/0010.png,D,font,DancingScript-Bold
generated/images/DancingScript-Bold/upper/E/0001.png,E,font,DancingScript-Bold
generated/images/DancingScript-Bold/upper/E/0002.png,E,font,DancingScript-Bold
generated/images/DancingScript-Bold/upper/E/0003.png,E,font,DancingScript-Bold
generated/images/DancingScript-Bold/upper/E/0004.png,E,font,DancingScript-Bold
generated/images/DancingScript-Bold/upper/E/0005.png,E,font,DancingScript-Bold
generated/images/DancingScript-Bold/upper/E/0006.png,E,font,DancingScript-Bold
generated/images/DancingScript-Bold/upper/E/0007.png,E,font,DancingScript-Bold
generated/images/DancingScript-Bold/upper/E/0008.png,E,font,DancingScript-Bold
generated/images/DancingScript-Bold/upper/E/0009.png,E,font,DancingScript-Bold
generated/images/DancingScript-Bold/upper/E/0010.png,E,font,DancingScript-Bold
generated/images/DancingScript-Bold/upper/F/0001.png,F,font,DancingScript-Bold
generated/images/DancingScript-Bold/upper/F/0002.png,F,font,DancingScript-Bold
generated/images/DancingScript-Bold/upper/F/0003.png,F,font,DancingScript-Bold
generated/images/DancingScript-Bold/upper/F/0004.png,F,font,DancingScript-Bold
generated/images/DancingScript-Bold/upper/F/0005.png,F,font,DancingScript-Bold
generated/images/DancingScript-Bold/upper/F/0006.png,F,font,DancingScript-Bold
generated/images/DancingScript-Bold/upper/F/0007.png,F,font,DancingScript-Bold
generated/images/DancingScript-Bold/upper/F/0008.png,F,font,DancingScript-Bold
generated/images/DancingScript-Bold/upper/F/0009.png,F,font,DancingScript-Bold
generated/images/DancingScript-Bold/upper/F/0010.png,F,font,DancingScript-Bold
generated/images/DancingScript-Bold/upper/G/0001.png,G,font,DancingScript-Bold
generated/images/DancingScript-Bold/upper/G/0002.png,G,font,DancingScript-Bold
generated/images/DancingScript-Bold/upper/G/0003.png,G,font,DancingScript-Bold
generated/images/DancingScript-Bold/upper/G/0004.png,G,font,DancingScript-Bold
generated/images/DancingScript-Bold/upper/G/0005.png,G,font,DancingScript-Bold
generated/images/DancingScript-Bold/upper/G/0006.png,G,font,DancingScript-Bold
generated/images/DancingScript-Bold/upper/G/0007.png,G,font,DancingScript-Bold
generated/images/DancingScript-Bold/upper/G/0008.png,G,font,DancingScript-Bold
generated/images/DancingScript-Bold/upper/G/0009.png,G,font,DancingScript-Bold
generated/images/DancingScript-Bold/upper/G/0010.png,G,font,DancingScript-Bold
generated/images/DancingScript-Bold/upper/H/0001.png,H,font,DancingScript-Bold
generated/images/DancingScript-Bold/upper/H/0002.png,H,font,DancingScript-Bold
generated/images/DancingScript-Bold/upper/H/0003.png,H,font,DancingScript-Bold
generated/images/DancingScript-Bold/upper/H/0004.png,H,font,DancingScript-Bold
generated/images/DancingScript-Bold/upper/H/0005.png,H,font,DancingScript-Bold
generated/images/DancingScript-Bold/upper/H/0006.png,H,font,DancingScript-Bold
generated/images/DancingScript-Bold/upper/H/0007.png,H,font,DancingScript-Bold
generated/images/DancingScript-Bold/upper/H/0008.png,H,font,DancingScript-Bold
generated/images/DancingScript-Bold/upper/H/0009.png,H,font,DancingScript-Bold
generated/images/DancingScript-Bold/upper/H/0010.png,H,font,DancingScript-Bold
generated/images/DancingScript-Bold/upper/I/0001.png,I,font,DancingScript-Bold
generated/images/DancingScript-Bold/upper/I/0002.png,I,font,DancingScript-Bold
generated/images/DancingScript-Bold/upper/I/0003.png,I,font,DancingScript-Bold
generated/images/DancingScript-Bold/upper/I/0004.png,I,font,DancingScript-Bold
generated/images/DancingScript-Bold/upper/I/0005.png,I,font,DancingScript-Bold
generated/images/DancingScript-Bold/upper/I/0006.png,I,font,DancingScript-Bold
generated/images/DancingScript-Bold/upper/I/0007.png,I,font,DancingScript-Bold
generated/images/DancingScript-Bold/upper/I/0008.png,I,font,DancingScript-Bold
generated/images/DancingScript-Bold/upper/I/0009.png,I,font,DancingScript-Bold
generated/images/DancingScript-Bold/upper/I/0010.png,I,font,DancingScript-Bold
generated/images/DancingScript-Bold/upper/J/0001.png,J,font,DancingScript-Bold
generated/images/DancingScript-Bold/upper/J/0002.png,J,font,DancingScript-Bold
generated/images/DancingScript-Bold/upper/J/0003.png,J,font,DancingScript-Bold
generated/images/DancingScript-Bold/upper/J/0004.png,J,font,DancingScript-Bold
generated/images/DancingScript-Bold/upper/J/0005.png,J,font,DancingScript-Bold
generated/images/DancingScript-Bold/upper/J/0006.png,J,font,DancingScript-Bold
generated/images/DancingScript-Bold/upper/J/0007.png,J,font,DancingScript-Bold
generated/images/DancingScript-Bold/upper/J/0008.png,J,font,DancingScript-Bold
generated/images/DancingScript-Bold/upper/J/0009.png,J,font,DancingScript-Bold
generated/images/DancingScript-Bold/upper/J/0010.png,J,font,DancingScript-Bold
generated/images/DancingScript-Bold/upper/K/0001.png,K,font,DancingScript-Bold
generated/images/DancingScript-Bold/upper/K/0002.png,K,font,DancingScript-Bold
generated/images/DancingScript-Bold/upper/K/0003.png,K,font,DancingScript-Bold
generated/images/DancingScript-Bold/upper/K/0004.png,K,font,DancingScript-Bold
generated/images/DancingScript-Bold/upper/K/0005.png,K,font,DancingScript-Bold
generated/images/DancingScript-Bold/upper/K/0006.png,K,font,DancingScript-Bold
generated/images/DancingScript-Bold/upper/K/0007.png,K,font,DancingScript-Bold
generated/images/DancingScript-Bold/upper/K/0008.png,K,font,DancingScript-Bold
generated/images/DancingScript-Bold/upper/K/0009.png,K,font,DancingScript-Bold
generated/images/DancingScript-Bold/upper/K/0010.png,K,font,DancingScript-Bold
generated/images/DancingScript-Bold/upper/L/0001.png,L,font,DancingScript-Bold
generated/images/DancingScript-Bold/upper/L/0002.png,L,font,DancingScript-Bold
generated/images/DancingScript-Bold/upper/L/0003.png,L,font,DancingScript-Bold
generated/images/DancingScript-Bold/upper/L/0004.png,L,font,DancingScript-Bold
generated/images/DancingScript-Bold/upper/L/0005.png,L,font,DancingScript-Bold
generated/images/DancingScript-Bold/upper/L/0006.png,L,font,DancingScript-Bold
generated/images/DancingScript-Bold/upper/L/0007.png,L,font,DancingScript-Bold
generated/images/DancingScript-Bold/upper/L/0008.png,L,font,DancingScript-Bold
generated/images/DancingScript-Bold/upper/L/0009.png,L,font,DancingScript-Bold
generated/images/DancingScript-Bold/upper/L/0010.png,L,font,DancingScript-Bold
generated/images/DancingScript-Bold/upper/M/0001.png,M,font,DancingScript-Bold
generated/images/DancingScript-Bold/upper/M/0002.png,M,font,DancingScript-Bold
generated/images/DancingScript-Bold/upper/M/0003.png,M,font,DancingScript-Bold
generated/images/DancingScript-Bold/upper/M/0004.png,M,font,DancingScript-Bold
generated/images/DancingScript-Bold/upper/M/0005.png,M,font,DancingScript-Bold
generated/images/DancingScript-Bold/upper/M/0006.png,M,font,DancingScript-Bold
generated/images/DancingScript-Bold/upper/M/0007.png,M,font,DancingScript-Bold
generated/images/DancingScript-Bold/upper/M/0008.png,M,font,DancingScript-Bold
generated/images/DancingScript-Bold/upper/M/0009.png,M,font,DancingScript-Bold
generated/images/DancingScript-Bold/upper/M/0010.png,M,font,DancingScript-Bold
generated/images/DancingScript-Bold/upper/N/0001.png,N,font,DancingScript-Bold
generated/images/DancingScript-Bold/upper/N/0002.png,N,font,DancingScript-Bold
generated/images/DancingScript-Bold/upper/N/0003.png,N,font,DancingScript-Bold
generated/images/DancingScript-Bold/upper/N/0004.png,N,font,DancingScript-Bold
generated/images/DancingScript-Bold/upper/N/0005.png,N,font,DancingScript-Bold
generated/images/DancingScript-Bold/upper/N/0006.png,N,font,DancingScript-Bold
generated/images/DancingScript-Bold/upper/N/0007.png,N,font,DancingScript-Bold
generated/images/DancingScript-Bold/upper/N/0008.png,N,font,DancingScript-Bold
generated/images/DancingScript-Bold/upper/N/0009.png,N,font,DancingScript-Bold
generated/images/DancingScript-Bold/upper/N/0010.png,N,font,DancingScript-Bold
generated/images/DancingScript-Bold/upper/O/0001.png,O,font,DancingScript-Bold
generated/images/DancingScript-Bold/upper/O/0002.png,O,font,DancingScript-Bold
generated/images/DancingScript-Bold/upper/O/0003.png,O,font,DancingScript-Bold
generated/images/DancingScript-Bold/upper/O/0004.png,O,font,DancingScript-Bold
generated/images/DancingScript-Bold/upper/O/0005.png,O,font,DancingScript-Bold
generated/images/DancingScript-Bold/upper/O/0006.png,O,font,DancingScript-Bold
generated/images/DancingScript-Bold/upper/O/0007.png,O,font,DancingScript-Bold
generated/images/DancingScript-Bold/upper/O/0008.png,O,font,DancingScript-Bold
generated/images/DancingScript-Bold/upper/O/0009.png,O,font,DancingScript-Bold
generated/images/DancingScript-Bold/upper/O/0010.png,O,font,DancingScript-Bold
generated/images/DancingScript-Bold/upper/P/0001.png,P,font,DancingScript-Bold
generated/images/DancingScript-Bold/upper/P/0002.png,P,font,DancingScript-Bold
generated/images/DancingScript-Bold/upper/P/0003.png,P,font,DancingScript-Bold
generated/images/DancingScript-Bold/upper/P/0004.png,P,font,DancingScript-Bold
generated/images/DancingScript-Bold/upper/P/0005.png,P,font,DancingScript-Bold
generated/images/DancingScript-Bold/upper/P/0006.png,P,font,DancingScript-Bold
generated/images/DancingScript-Bold/upper/P/0007.png,P,font,DancingScript-Bold
generated/images/DancingScript-Bold/upper/P/0008.png,P,font,DancingScript-Bold
generated/images/DancingScript-Bold/upper/P/0009.png,P,font,DancingScript-Bold
generated/images/DancingScript-Bold/upper/P/0010.png,P,font,DancingScript-Bold
generated/images/DancingScript-Bold/upper/Q/0001.png,Q,font,DancingScript-Bold
generated/images/DancingScript-Bold/upper/Q/0002.png,Q,font,DancingScript-Bold
generated/images/DancingScript-Bold/upper/Q/0003.png,Q,font,DancingScript-Bold
generated/images/DancingScript-Bold/upper/Q/0004.png,Q,font,DancingScript-Bold
generated/images/DancingScript-Bold/upper/Q/0005.png,Q,font,DancingScript-Bold
generated/images/DancingScript-Bold/upper/Q/0006.png,Q,font,DancingScript-Bold
generated/images/DancingScript-Bold/upper/Q/0007.png,Q,font,DancingScript-Bold
generated/images/DancingScript-Bold/upper/Q/0008.png,Q,font,DancingScript-Bold
generated/images/DancingScript-Bold/upper/Q/0009.png,Q,font,DancingScript-Bold
generated/images/DancingScript-Bold/upper/Q/0010.png,Q,font,DancingScript-Bold
generated/images/DancingScript-Bold/upper/R/0001.png,R,font,DancingScript-Bold
generated/images/DancingScript-Bold/upper/R/0002.png,R,font,DancingScript-Bold
generated/images/DancingScript-Bold/upper/R/0003.png,R,font,DancingScript-Bold
generated/images/DancingScript-Bold/upper/R/0004.png,R,font,DancingScript-Bold
generated/images/DancingScript-Bold/upper/R/0005.png,R,font,DancingScript-Bold
generated/images/DancingScript-Bold/upper/R/0006.png,R,font,DancingScript-Bold
generated/images/DancingScript-Bold/upper/R/0007.png,R,font,DancingScript-Bold
generated/images/DancingScript-Bold/upper/R/0008.png,R,font,DancingScript-Bold
generated/images/DancingScript-Bold/upper/R/0009.png,R,font,DancingScript-Bold
generated/images/DancingScript-Bold/upper/R/0010.png,R,font,DancingScript-Bold
generated/images/DancingScript-Bold/upper/S/0001.png,S,font,DancingScript-Bold
generated/images/DancingScript-Bold/upper/S/0002.png,S,font,DancingScript-Bold
generated/images/DancingScript-Bold/upper/S/0003.png,S,font,DancingScript-Bold
generated/images/DancingScript-Bold/upper/S/0004.png,S,font,DancingScript-Bold
generated/images/DancingScript-Bold/upper/S/0005.png,S,font,DancingScript-Bold
generated/images/DancingScript-Bold/upper/S/0006.png,S,font,DancingScript-Bold
generated/images/DancingScript-Bold/upper/S/0007.png,S,font,DancingScript-Bold
generated/images/DancingScript-Bold/upper/S/0008.png,S,font,DancingScript-Bold
generated/images/DancingScript-Bold/upper/S/0009.png,S,font,DancingScript-Bold
generated/images/DancingScript-Bold/upper/S/0010.png,S,font,DancingScript-Bold
generated/images/DancingScript-Bold/upper/T/0001.png,T,font,DancingScript-Bold
generated/images/DancingScript-Bold/upper/T/0002.png,T,font,DancingScript-Bold
generated/images/DancingScript-Bold/upper/T/0003.png,T,font,DancingScript-Bold
generated/images/DancingScript-Bold/upper/T/0004.png,T,font,DancingScript-Bold
generated/images/DancingScript-Bold/upper/T/0005.png,T,font,DancingScript-Bold
generated/images/DancingScript-Bold/upper/T/0006.png,T,font,DancingScript-Bold
generated/images/DancingScript-Bold/upper/T/0007.png,T,font,DancingScript-Bold
generated/images/DancingScript-Bold/upper/T/0008.png,T,font,DancingScript-Bold
generated/images/DancingScript-Bold/upper/T/0009.png,T,font,DancingScript-Bold
generated/images/DancingScript-Bold/upper/T/0010.png,T,font,DancingScript-Bold
generated/images/DancingScript-Bold/upper/U/0001.png,U,font,DancingScript-Bold
generated/images/DancingScript-Bold/upper/U/0002.png,U,font,DancingScript-Bold
generated/images/DancingScript-Bold/upper/U/0003.png,U,font,DancingScript-Bold
generated/images/DancingScript-Bold/upper/U/0004.png,U,font,DancingScript-Bold
generated/images/DancingScript-Bold/upper/U/0005.png,U,font,DancingScript-Bold
generated/images/DancingScript-Bold/upper/U/0006.png,U,font,DancingScript-Bold
generated/images/DancingScript-Bold/upper/U/0007.png,U,font,DancingScript-Bold
generated/images/DancingScript-Bold/upper/U/0008.png,U,font,DancingScript-Bold
generated/images/DancingScript-Bold/upper/U/0009.png,U,font,DancingScript-Bold
generated/images/DancingScript-Bold/upper/U/0010.png,U,font,DancingScript-Bold
generated/images/DancingScript-Bold/upper/V/0001.png,V,font,DancingScript-Bold
generated/images/DancingScript-Bold/upper/V/0002.png,V,font,DancingScript-Bold
generated/images/DancingScript-Bold/upper/V/0003.png,V,font,DancingScript-Bold
generated/images/DancingScript-Bold/upper/V/0004.png,V,font,DancingScript-Bold
generated/images/DancingScript-Bold/upper/V/0005.png,V,font,DancingScript-Bold
generated/images/DancingScript-Bold/upper/V/0006.png,V,font,DancingScript-Bold
generated/images/DancingScript-Bold/upper/V/0007.png,V,font,DancingScript-Bold
generated/images/DancingScript-Bold/upper/V/0008.png,V,font,DancingScript-Bold
generated/images/DancingScript-Bold/upper/V/0009.png,V,font,DancingScript-Bold
generated/images/DancingScript-Bold/upper/V/0010.png,V,font,DancingScript-Bold
generated/images/DancingScript-Bold/upper/W/0001.png,W,font,DancingScript-Bold
generated/images/DancingScript-Bold/upper/W/0002.png,W,font,DancingScript-Bold
generated/images/DancingScript-Bold/upper/W/0003.png,W,font,DancingScript-Bold
generated/images/DancingScript-Bold/upper/W/0004.png,W,font,DancingScript-Bold
generated/images/DancingScript-Bold/upper/W/0005.png,W,font,DancingScript-Bold
generated/images/DancingScript-Bold/upper/W/0006.png,W,font,DancingScript-Bold
generated/images/DancingScript-Bold/upper/W/0007.png,W,font,DancingScript-Bold
generated/images/DancingScript-Bold/upper/W/0008.png,W,font,DancingScript-Bold
generated/images/DancingScript-Bold/upper/W/0009.png,W,font,DancingScript-Bold
generated/images/DancingScript-Bold/upper/W/0010.png,W,font,DancingScript-Bold
generated/images/DancingScript-Bold/upper/X/0001.png,X,font,DancingScript-Bold
generated/images/DancingScript-Bold/upper/X/0002.png,X,font,DancingScript-Bold
generated/images/DancingScript-Bold/upper/X/0003.png,X,font,DancingScript-Bold
generated/images/DancingScript-Bold/upper/X/0004.png,X,font,DancingScript-Bold
generated/images/DancingScript-Bold/upper/X/0005.png,X,font,DancingScript-Bold
generated/images/DancingScript-Bold/upper/X/0006.png,X,font,DancingScript-Bold
generated/images/DancingScript-Bold/upper/X/0007.png,X,font,DancingScript-Bold
generated/images/DancingScript-Bold/upper/X/0008.png,X,font,DancingScript-Bold
generated/images/DancingScript-Bold/upper/X/0009.png,X,font,DancingScript-Bold
generated/images/DancingScript-Bold/upper/X/0010.png,X,font,DancingScript-Bold
generated/images/DancingScript-Bold/upper/Y/0001.png,Y,font,DancingScript-Bold
generated/images/DancingScript-Bold/upper/Y/0002.png,Y,font,DancingScript-Bold
generated/images/DancingScript-Bold/upper/Y/0003.png,Y,font,DancingScript-Bold
generated/images/DancingScript-Bold/upper/Y/0004.png,Y,font,DancingScript-Bold
generated/images/DancingScript-Bold/upper/Y/0005.png,Y,font,DancingScript-Bold
generated/images/DancingScript-Bold/upper/Y/0006.png,Y,font,DancingScript-Bold
generated/images/DancingScript-Bold/upper/Y/0007.png,Y,font,DancingScript-Bold
generated/images/DancingScript-Bold/upper/Y/0008.png,Y,font,DancingScript-Bold
generated/images/DancingScript-Bold/upper/Y/0009.png,Y,font,DancingScript-Bold
generated/images/DancingScript-Bold/upper/Y/0010.png,Y,font,DancingScript-Bold
generated/images/DancingScript-Bold/upper/Z/0001.png,Z,font,DancingScript-Bold
generated/images/DancingScript-Bold/upper/Z/0002.png,Z,font,DancingScript-Bold
generated/images/DancingScript-Bold/upper/Z/0003.png,Z,font,DancingScript-Bold
generated/images/DancingScript-Bold/upper/Z/0004.png,Z,font,DancingScript-Bold
generated/images/DancingScript-Bold/upper/Z/0005.png,Z,font,DancingScript-Bold
generated/images/DancingScript-Bold/upper/Z/0006.png,Z,font,DancingScript-Bold
generated/images/DancingScript-Bold/upper/Z/0007.png,Z,font,DancingScript-Bold
generated/images/DancingScript-Bold/upper/Z/0008.png,Z,font,DancingScript-Bold
generated/images/DancingScript-Bold/upper/Z/0009.png,Z,font,DancingScript-Bold
generated/images/DancingScript-Bold/upper/Z/0010.png,Z,font,DancingScript-Bold
generated/images/DancingScript-Bold/lower/a/0001.png,a,font,DancingScript-Bold
generated/images/DancingScript-Bold/lower/a/0002.png,a,font,DancingScript-Bold
generated/images/DancingScript-Bold/lower/a/0003.png,a,font,DancingScript-Bold
generated/images/DancingScript-Bold/lower/a/0004.png,a,font,DancingScript-Bold
generated/images/DancingScript-Bold/lower/a/0005.png,a,font,DancingScript-Bold
generated/images/DancingScript-Bold/lower/a/0006.png,a,font,DancingScript-Bold
generated/images/DancingScript-Bold/lower/a/0007.png,a,font,DancingScript-Bold
generated/images/DancingScript-Bold/lower/a/0008.png,a,font,DancingScript-Bold
generated/images/DancingScript-Bold/lower/a/0009.png,a,font,DancingScript-Bold
generated/images/DancingScript-Bold/lower/a/0010.png,a,font,DancingScript-Bold
generated/images/DancingScript-Bold/lower/b/0001.png,b,font,DancingScript-Bold
generated/images/DancingScript-Bold/lower/b/0002.png,b,font,DancingScript-Bold
generated/images/DancingScript-Bold/lower/b/0003.png,b,font,DancingScript-Bold
generated/images/DancingScript-Bold/lower/b/0004.png,b,font,DancingScript-Bold
generated/images/DancingScript-Bold/lower/b/0005.png,b,font,DancingScript-Bold
generated/images/DancingScript-Bold/lower/b/0006.png,b,font,DancingScript-Bold
generated/images/DancingScript-Bold/lower/b/0007.png,b,font,DancingScript-Bold
generated/images/DancingScript-Bold/lower/b/0008.png,b,font,DancingScript-Bold
generated/images/DancingScript-Bold/lower/b/0009.png,b,font,DancingScript-Bold
generated/images/DancingScript-Bold/lower/b/0010.png,b,font,DancingScript-Bold
generated/images/DancingScript-Bold/lower/c/0001.png,c,font,DancingScript-Bold
generated/images/DancingScript-Bold/lower/c/0002.png,c,font,DancingScript-Bold
generated/images/DancingScript-Bold/lower/c/0003.png,c,font,DancingScript-Bold
generated/images/DancingScript-Bold/lower/c/0004.png,c,font,DancingScript-Bold
generated/images/DancingScript-Bold/lower/c/0005.png,c,font,DancingScript-Bold
generated/images/DancingScript-Bold/lower/c/0006.png,c,font,DancingScript-Bold
generated/images/DancingScript-Bold/lower/c/0007.png,c,font,DancingScript-Bold
generated/images/DancingScript-Bold/lower/c/0008.png,c,font,DancingScript-Bold
generated/images/DancingScript-Bold/lower/c/0009.png,c,font,DancingScript-Bold
generated/images/DancingScript-Bold/lower/c/0010.png,c,font,DancingScript-Bold
generated/images/DancingScript-Bold/lower/d/0001.png,d,font,DancingScript-Bold
generated/images/DancingScript-Bold/lower/d/0002.png,d,font,DancingScript-Bold
generated/images/DancingScript-Bold/lower/d/0003.png,d,font,DancingScript-Bold
generated/images/DancingScript-Bold/lower/d/0004.png,d,font,DancingScript-Bold
generated/images/DancingScript-Bold/lower/d/0005.png,d,font,DancingScript-Bold
generated/images/DancingScript-Bold/lower/d/0006.png,d,font,DancingScript-Bold
generated/images/DancingScript-Bold/lower/d/0007.png,d,font,DancingScript-Bold
generated/images/DancingScript-Bold/lower/d/0008.png,d,font,DancingScript-Bold
generated/images/DancingScript-Bold/lower/d/0009.png,d,font,DancingScript-Bold
generated/images/DancingScript-Bold/lower/d/0010.png,d,font,DancingScript-Bold
generated/images/DancingScript-Bold/lower/e/0001.png,e,font,DancingScript-Bold
generated/images/DancingScript-Bold/lower/e/0002.png,e,font,DancingScript-Bold
generated/images/DancingScript-Bold/lower/e/0003.png,e,font,DancingScript-Bold
generated/images/DancingScript-Bold/lower/e/0004.png,e,font,DancingScript-Bold
generated/images/DancingScript-Bold/lower/e/0005.png,e,font,DancingScript-Bold
generated/images/DancingScript-Bold/lower/e/0006.png,e,font,DancingScript-Bold
generated/images/DancingScript-Bold/lower/e/0007.png,e,font,DancingScript-Bold
generated/images/DancingScript-Bold/lower/e/0008.png,e,font,DancingScript-Bold
generated/images/DancingScript-Bold/lower/e/0009.png,e,font,DancingScript-Bold
generated/images/DancingScript-Bold/lower/e/0010.png,e,font,DancingScript-Bold
generated/images/DancingScript-Bold/lower/f/0001.png,f,font,DancingScript-Bold
generated/images/DancingScript-Bold/lower/f/0002.png,f,font,DancingScript-Bold
generated/images/DancingScript-Bold/lower/f/0003.png,f,font,DancingScript-Bold
generated/images/DancingScript-Bold/lower/f/0004.png,f,font,DancingScript-Bold
generated/images/DancingScript-Bold/lower/f/0005.png,f,font,DancingScript-Bold
generated/images/DancingScript-Bold/lower/f/0006.png,f,font,DancingScript-Bold
generated/images/DancingScript-Bold/lower/f/0007.png,f,font,DancingScript-Bold
generated/images/DancingScript-Bold/lower/f/0008.png,f,font,DancingScript-Bold
generated/images/DancingScript-Bold/lower/f/0009.png,f,font,DancingScript-Bold
generated/images/DancingScript-Bold/lower/f/0010.png,f,font,DancingScript-Bold
generated/images/DancingScript-Bold/lower/g/0001.png,g,font,DancingScript-Bold
generated/images/DancingScript-Bold/lower/g/0002.png,g,font,DancingScript-Bold
generated/images/DancingScript-Bold/lower/g/0003.png,g,font,DancingScript-Bold
generated/images/DancingScript-Bold/lower/g/0004.png,g,font,DancingScript-Bold
generated/images/DancingScript-Bold/lower/g/0005.png,g,font,DancingScript-Bold
generated/images/DancingScript-Bold/lower/g/0006.png,g,font,DancingScript-Bold
generated/images/DancingScript-Bold/lower/g/0007.png,g,font,DancingScript-Bold
generated/images/DancingScript-Bold/lower/g/0008.png,g,font,DancingScript-Bold
generated/images/DancingScript-Bold/lower/g/0009.png,g,font,DancingScript-Bold
generated/images/DancingScript-Bold/lower/g/0010.png,g,font,DancingScript-Bold
generated/images/DancingScript-Bold/lower/h/0001.png,h,font,DancingScript-Bold
generated/images/DancingScript-Bold/lower/h/0002.png,h,font,DancingScript-Bold
generated/images/DancingScript-Bold/lower/h/0003.png,h,font,DancingScript-Bold
generated/images/DancingScript-Bold/lower/h/0004.png,h,font,DancingScript-Bold
generated/images/DancingScript-Bold/lower/h/0005.png,h,font,DancingScript-Bold
generated/images/DancingScript-Bold/lower/h/0006.png,h,font,DancingScript-Bold
generated/images/DancingScript-Bold/lower/h/0007.png,h,font,DancingScript-Bold
generated/images/DancingScript-Bold/lower/h/0008.png,h,font,DancingScript-Bold
generated/images/DancingScript-Bold/lower/h/0009.png,h,font,DancingScript-Bold
generated/images/DancingScript-Bold/lower/h/0010.png,h,font,DancingScript-Bold
generated/images/DancingScript-Bold/lower/i/0001.png,i,font,DancingScript-Bold
generated/images/DancingScript-Bold/lower/i/0002.png,i,font,DancingScript-Bold
generated/images/DancingScript-Bold/lower/i/0003.png,i,font,DancingScript-Bold
generated/images/DancingScript-Bold/lower/i/0004.png,i,font,DancingScript-Bold
generated/images/DancingScript-Bold/lower/i/0005.png,i,font,DancingScript-Bold
generated/images/DancingScript-Bold/lower/i/0006.png,i,font,DancingScript-Bold
generated/images/DancingScript-Bold/lower/i/0007.png,i,font,DancingScript-Bold
generated/images/DancingScript-Bold/lower/i/0008.png,i,font,DancingScript-Bold
generated/images/DancingScript-Bold/lower/i/0009.png,i,font,DancingScript-Bold
generated/images/DancingScript-Bold/lower/i/0010.png,i,font,DancingScript-Bold
generated/images/DancingScript-Bold/lower/j/0001.png,j,font,DancingScript-Bold
generated/images/DancingScript-Bold/lower/j/0002.png,j,font,DancingScript-Bold
generated/images/DancingScript-Bold/lower/j/0003.png,j,font,DancingScript-Bold
generated/images/DancingScript-Bold/lower/j/0004.png,j,font,DancingScript-Bold
generated/images/DancingScript-Bold/lower/j/0005.png,j,font,DancingScript-Bold
generated/images/DancingScript-Bold/lower/j/0006.png,j,font,DancingScript-Bold
generated/images/DancingScript-Bold/lower/j/0007.png,j,font,DancingScript-Bold
generated/images/DancingScript-Bold/lower/j/0008.png,j,font,DancingScript-Bold
generated/images/DancingScript-Bold/lower/j/0009.png,j,font,DancingScript-Bold
generated/images/DancingScript-Bold/lower/j/0010.png,j,font,DancingScript-Bold
generated/images/DancingScript-Bold/lower/k/0001.png,k,font,DancingScript-Bold
generated/images/DancingScript-Bold/lower/k/0002.png,k,font,DancingScript-Bold
generated/images/DancingScript-Bold/lower/k/0003.png,k,font,DancingScript-Bold
generated/images/DancingScript-Bold/lower/k/0004.png,k,font,DancingScript-Bold
generated/images/DancingScript-Bold/lower/k/0005.png,k,font,DancingScript-Bold
generated/images/DancingScript-Bold/lower/k/0006.png,k,font,DancingScript-Bold
generated/images/DancingScript-Bold/lower/k/0007.png,k,font,DancingScript-Bold
generated/images/DancingScript-Bold/lower/k/0008.png,k,font,DancingScript-Bold
generated/images/DancingScript-Bold/lower/k/0009.png,k,font,DancingScript-Bold
generated/images/DancingScript-Bold/lower/k/0010.png,k,font,DancingScript-Bold
generated/images/DancingScript-Bold/lower/l/0001.png,l,font,DancingScript-Bold
generated/images/DancingScript-Bold/lower/l/0002.png,l,font,DancingScript-Bold
generated/images/DancingScript-Bold/lower/l/0003.png,l,font,DancingScript-Bold
generated/images/DancingScript-Bold/lower/l/0004.png,l,font,DancingScript-Bold
generated/images/DancingScript-Bold/lower/l/0005.png,l,font,DancingScript-Bold
generated/images/DancingScript-Bold/lower/l/0006.png,l,font,DancingScript-Bold
generated/images/DancingScript-Bold/lower/l/0007.png,l,font,DancingScript-Bold
generated/images/DancingScript-Bold/lower/l/0008.png,l,font,DancingScript-Bold
generated/images/DancingScript-Bold/lower/l/0009.png,l,font,DancingScript-Bold
generated/images/DancingScript-Bold/lower/l/0010.png,l,font,DancingScript-Bold
generated/images/DancingScript-Bold/lower/m/0001.png,m,font,DancingScript-Bold
generated/images/DancingScript-Bold/lower/m/0002.png,m,font,DancingScript-Bold
generated/images/DancingScript-Bold/lower/m/0003.png,m,font,DancingScript-Bold
generated/images/DancingScript-Bold/lower/m/0004.png,m,font,DancingScript-Bold
generated/images/DancingScript-Bold/lower/m/0005.png,m,font,DancingScript-Bold
generated/images/DancingScript-Bold/lower/m/0006.png,m,font,DancingScript-Bold
generated/images/DancingScript-Bold/lower/m/0007.png,m,font,DancingScript-Bold
generated/images/DancingScript-Bold/lower/m/0008.png,m,font,DancingScript-Bold
generated/images/DancingScript-Bold/lower/m/0009.png,m,font,DancingScript-Bold
generated/images/DancingScript-Bold/lower/m/0010.png,m,font,DancingScript-Bold
generated/images/DancingScript-Bold/lower/n/0001.png,n,font,DancingScript-Bold
generated/images/DancingScript-Bold/lower/n/0002.png,n,font,DancingScript-Bold
generated/images/DancingScript-Bold/lower/n/0003.png,n,font,DancingScript-Bold
generated/images/DancingScript-Bold/lower/n/0004.png,n,font,DancingScript-Bold
generated/images/DancingScript-Bold/lower/n/0005.png,n,font,DancingScript-Bold
generated/images/DancingScript-Bold/lower/n/0006.png,n,font,DancingScript-Bold
generated/images/DancingScript-Bold/lower/n/0007.png,n,font,DancingScript-Bold
generated/images/DancingScript-Bold/lower/n/0008.png,n,font,DancingScript-Bold
generated/images/DancingScript-Bold/lower/n/0009.png,n,font,DancingScript-Bold
generated/images/DancingScript-Bold/lower/n/0010.png,n,font,DancingScript-Bold
generated/images/DancingScript-Bold/lower/o/0001.png,o,font,DancingScript-Bold
generated/images/DancingScript-Bold/lower/o/0002.png,o,font,DancingScript-Bold
generated/images/DancingScript-Bold/lower/o/0003.png,o,font,DancingScript-Bold
generated/images/DancingScript-Bold/lower/o/0004.png,o,font,DancingScript-Bold
generated/images/DancingScript-Bold/lower/o/0005.png,o,font,DancingScript-Bold
generated/images/DancingScript-Bold/lower/o/0006.png,o,font,DancingScript-Bold
generated/images/DancingScript-Bold/lower/o/0007.png,o,font,DancingScript-Bold
generated/images/DancingScript-Bold/lower/o/0008.png,o,font,DancingScript-Bold
generated/images/DancingScript-Bold/lower/o/0009.png,o,font,DancingScript-Bold
generated/images/DancingScript-Bold/lower/o/0010.png,o,font,DancingScript-Bold
generated/images/DancingScript-Bold/lower/p/0001.png,p,font,DancingScript-Bold
generated/images/DancingScript-Bold/lower/p/0002.png,p,font,DancingScript-Bold
generated/images/DancingScript-Bold/lower/p/0003.png,p,font,DancingScript-Bold
generated/images/DancingScript-Bold/lower/p/0004.png,p,font,DancingScript-Bold
generated/images/DancingScript-Bold/lower/p/0005.png,p,font,DancingScript-Bold
generated/images/DancingScript-Bold/lower/p/0006.png,p,font,DancingScript-Bold
generated/images/DancingScript-Bold/lower/p/0007.png,p,font,DancingScript-Bold
generated/images/DancingScript-Bold/lower/p/0008.png,p,font,DancingScript-Bold
generated/images/DancingScript-Bold/lower/p/0009.png,p,font,DancingScript-Bold
generated/images/DancingScript-Bold/lower/p/0010.png,p,font,DancingScript-Bold
generated/images/DancingScript-Bold/lower/q/0001.png,q,font,DancingScript-Bold
generated/images/DancingScript-Bold/lower/q/0002.png,q,font,DancingScript-Bold
generated/images/DancingScript-Bold/lower/q/0003.png,q,font,DancingScript-Bold
generated/images/DancingScript-Bold/lower/q/0004.png,q,font,DancingScript-Bold
generated/images/DancingScript-Bold/lower/q/0005.png,q,font,DancingScript-Bold
generated/images/DancingScript-Bold/lower/q/0006.png,q,font,DancingScript-Bold
generated/images/DancingScript-Bold/lower/q/0007.png,q,font,DancingScript-Bold
generated/images/DancingScript-Bold/lower/q/0008.png,q,font,DancingScript-Bold
generated/images/DancingScript-Bold/lower/q/0009.png,q,font,DancingScript-Bold
generated/images/DancingScript-Bold/lower/q/0010.png,q,font,DancingScript-Bold
generated/images/DancingScript-Bold/lower/r/0001.png,r,font,DancingScript-Bold
generated/images/DancingScript-Bold/lower/r/0002.png,r,font,DancingScript-Bold
generated/images/DancingScript-Bold/lower/r/0003.png,r,font,DancingScript-Bold
generated/images/DancingScript-Bold/lower/r/0004.png,r,font,DancingScript-Bold
generated/images/DancingScript-Bold/lower/r/0005.png,r,font,DancingScript-Bold
generated/images/DancingScript-Bold/lower/r/0006.png,r,font,DancingScript-Bold
generated/images/DancingScript-Bold/lower/r/0007.png,r,font,DancingScript-Bold
generated/images/DancingScript-Bold/lower/r/0008.png,r,font,DancingScript-Bold
generated/images/DancingScript-Bold/lower/r/0009.png,r,font,DancingScript-Bold
generated/images/DancingScript-Bold/lower/r/0010.png,r,font,DancingScript-Bold
generated/images/DancingScript-Bold/lower/s/0001.png,s,font,DancingScript-Bold
generated/images/DancingScript-Bold/lower/s/0002.png,s,font,DancingScript-Bold
generated/images/DancingScript-Bold/lower/s/0003.png,s,font,DancingScript-Bold
generated/images/DancingScript-Bold/lower/s/0004.png,s,font,DancingScript-Bold
generated/images/DancingScript-Bold/lower/s/0005.png,s,font,DancingScript-Bold
generated/images/DancingScript-Bold/lower/s/0006.png,s,font,DancingScript-Bold
generated/images/DancingScript-Bold/lower/s/0007.png,s,font,DancingScript-Bold
generated/images/DancingScript-Bold/lower/s/0008.png,s,font,DancingScript-Bold
generated/images/DancingScript-Bold/lower/s/0009.png,s,font,DancingScript-Bold
generated/images/DancingScript-Bold/lower/s/0010.png,s,font,DancingScript-Bold
generated/images/DancingScript-Bold/lower/t/0001.png,t,font,DancingScript-Bold
generated/images/DancingScript-Bold/lower/t/0002.png,t,font,DancingScript-Bold
generated/images/DancingScript-Bold/lower/t/0003.png,t,font,DancingScript-Bold
generated/images/DancingScript-Bold/lower/t/0004.png,t,font,DancingScript-Bold
generated/images/DancingScript-Bold/lower/t/0005.png,t,font,DancingScript-Bold
generated/images/DancingScript-Bold/lower/t/0006.png,t,font,DancingScript-Bold
generated/images/DancingScript-Bold/lower/t/0007.png,t,font,DancingScript-Bold
generated/images/DancingScript-Bold/lower/t/0008.png,t,font,DancingScript-Bold
generated/images/DancingScript-Bold/lower/t/0009.png,t,font,DancingScript-Bold
generated/images/DancingScript-Bold/lower/t/0010.png,t,font,DancingScript-Bold
generated/images/DancingScript-Bold/lower/u/0001.png,u,font,DancingScript-Bold
generated/images/DancingScript-Bold/lower/u/0002.png,u,font,DancingScript-Bold
generated/images/DancingScript-Bold/lower/u/0003.png,u,font,DancingScript-Bold
generated/images/DancingScript-Bold/lower/u/0004.png,u,font,DancingScript-Bold
generated/images/DancingScript-Bold/lower/u/0005.png,u,font,DancingScript-Bold
generated/images/DancingScript-Bold/lower/u/0006.png,u,font,DancingScript-Bold
generated/images/DancingScript-Bold/lower/u/0007.png,u,font,DancingScript-Bold
generated/images/DancingScript-Bold/lower/u/0008.png,u,font,DancingScript-Bold
generated/images/DancingScript-Bold/lower/u/0009.png,u,font,DancingScript-Bold
generated/images/DancingScript-Bold/lower/u/0010.png,u,font,DancingScript-Bold
generated/images/DancingScript-Bold/lower/v/0001.png,v,font,DancingScript-Bold
generated/images/DancingScript-Bold/lower/v/0002.png,v,font,DancingScript-Bold
generated/images/DancingScript-Bold/lower/v/0003.png,v,font,DancingScript-Bold
generated/images/DancingScript-Bold/lower/v/0004.png,v,font,DancingScript-Bold
generated/images/DancingScript-Bold/lower/v/0005.png,v,font,DancingScript-Bold
generated/images/DancingScript-Bold/lower/v/0006.png,v,font,DancingScript-Bold
generated/images/DancingScript-Bold/lower/v/0007.png,v,font,DancingScript-Bold
generated/images/DancingScript-Bold/lower/v/0008.png,v,font,DancingScript-Bold
generated/images/DancingScript-Bold/lower/v/0009.png,v,font,DancingScript-Bold
generated/images/DancingScript-Bold/lower/v/0010.png,v,font,DancingScript-Bold
generated/images/DancingScript-Bold/lower/w/0001.png,w,font,DancingScript-Bold
generated/images/DancingScript-Bold/lower/w/0002.png,w,font,DancingScript-Bold
generated/images/DancingScript-Bold/lower/w/0003.png,w,font,DancingScript-Bold
generated/images/DancingScript-Bold/lower/w/0004.png,w,font,DancingScript-Bold
generated/images/DancingScript-Bold/lower/w/0005.png,w,font,DancingScript-Bold
generated/images/DancingScript-Bold/lower/w/0006.png,w,font,DancingScript-Bold
generated/images/DancingScript-Bold/lower/w/0007.png,w,font,DancingScript-Bold
generated/images/DancingScript-Bold/lower/w/0008.png,w,font,DancingScript-Bold
generated/images/DancingScript-Bold/lower/w/0009.png,w,font,DancingScript-Bold
generated/images/DancingScript-Bold/lower/w/0010.png,w,font,DancingScript-Bold
generated/images/DancingScript-Bold/lower/x/0001.png,x,font,DancingScript-Bold
generated/images/DancingScript-Bold/lower/x/0002.png,x,font,DancingScript-Bold
generated/images/DancingScript-Bold/lower/x/0003.png,x,font,DancingScript-Bold
generated/images/DancingScript-Bold/lower/x/0004.png,x,font,DancingScript-Bold
generated/images/DancingScript-Bold/lower/x/0005.png,x,font,DancingScript-Bold
generated/images/DancingScript-Bold/lower/x/0006.png,x,font,DancingScript-Bold
generated/images/DancingScript-Bold/lower/x/0007.png,x,font,DancingScript-Bold
generated/images/DancingScript-Bold/lower/x/0008.png,x,font,DancingScript-Bold
generated/images/DancingScript-Bold/lower/x/0009.png,x,font,DancingScript-Bold
generated/images/DancingScript-Bold/lower/x/0010.png,x,font,DancingScript-Bold
generated/images/DancingScript-Bold/lower/y/0001.png,y,font,DancingScript-Bold
generated/images/DancingScript-Bold/lower/y/0002.png,y,font,DancingScript-Bold
generated/images/DancingScript-Bold/lower/y/0003.png,y,font,DancingScript-Bold
generated/images/DancingScript-Bold/lower/y/0004.png,y,font,DancingScript-Bold
generated/images/DancingScript-Bold/lower/y/0005.png,y,font,DancingScript-Bold
generated/images/DancingScript-Bold/lower/y/0006.png,y,font,DancingScript-Bold
generated/images/DancingScript-Bold/lower/y/0007.png,y,font,DancingScript-Bold
generated/images/DancingScript-Bold/lower/y/0008.png,y,font,DancingScript-Bold
generated/images/DancingScript-Bold/lower/y/0009.png,y,font,DancingScript-Bold
generated/images/DancingScript-Bold/lower/y/0010.png,y,font,DancingScript-Bold
generated/images/DancingScript-Bold/lower/z/0001.png,z,font,DancingScript-Bold
generated/images/DancingScript-Bold/lower/z/0002.png,z,font,DancingScript-Bold
generated/images/DancingScript-Bold/lower/z/0003.png,z,font,DancingScript-Bold
generated/images/DancingScript-Bold/lower/z/0004.png,z,font,DancingScript-Bold
generated/images/DancingScript-Bold/lower/z/0005.png,z,font,DancingScript-Bold
generated/images/DancingScript-Bold/lower/z/0006.png,z,font,DancingScript-Bold
generated/images/DancingScript-Bold/lower/z/0007.png,z,font,DancingScript-Bold
generated/images/DancingScript-Bold/lower/z/0008.png,z,font,DancingScript-Bold
generated/images/DancingScript-Bold/lower/z/0009.png,z,font,DancingScript-Bold
generated/images/DancingScript-Bold/lower/z/0010.png,z,font,DancingScript-Bold
generated/images/DancingScript-Medium/digit/0/0001.png,0,font,DancingScript-Medium
generated/images/DancingScript-Medium/digit/0/0002.png,0,font,DancingScript-Medium
generated/images/DancingScript-Medium/digit/0/0003.png,0,font,DancingScript-Medium
generated/images/DancingScript-Medium/digit/0/0004.png,0,font,DancingScript-Medium
generated/images/DancingScript-Medium/digit/0/0005.png,0,font,DancingScript-Medium
generated/images/DancingScript-Medium/digit/0/0006.png,0,font,DancingScript-Medium
generated/images/DancingScript-Medium/digit/0/0007.png,0,font,DancingScript-Medium
generated/images/DancingScript-Medium/digit/0/0008.png,0,font,DancingScript-Medium
generated/images/DancingScript-Medium/digit/0/0009.png,0,font,DancingScript-Medium
generated/images/DancingScript-Medium/digit/0/0010.png,0,font,DancingScript-Medium
generated/images/DancingScript-Medium/digit/1/0001.png,1,font,DancingScript-Medium
generated/images/DancingScript-Medium/digit/1/0002.png,1,font,DancingScript-Medium
generated/images/DancingScript-Medium/digit/1/0003.png,1,font,DancingScript-Medium
generated/images/DancingScript-Medium/digit/1/0004.png,1,font,DancingScript-Medium
generated/images/DancingScript-Medium/digit/1/0005.png,1,font,DancingScript-Medium
generated/images/DancingScript-Medium/digit/1/0006.png,1,font,DancingScript-Medium
generated/images/DancingScript-Medium/digit/1/0007.png,1,font,DancingScript-Medium
generated/images/DancingScript-Medium/digit/1/0008.png,1,font,DancingScript-Medium
generated/images/DancingScript-Medium/digit/1/0009.png,1,font,DancingScript-Medium
generated/images/DancingScript-Medium/digit/1/0010.png,1,font,DancingScript-Medium
generated/images/DancingScript-Medium/digit/2/0001.png,2,font,DancingScript-Medium
generated/images/DancingScript-Medium/digit/2/0002.png,2,font,DancingScript-Medium
generated/images/DancingScript-Medium/digit/2/0003.png,2,font,DancingScript-Medium
generated/images/DancingScript-Medium/digit/2/0004.png,2,font,DancingScript-Medium
generated/images/DancingScript-Medium/digit/2/0005.png,2,font,DancingScript-Medium
generated/images/DancingScript-Medium/digit/2/0006.png,2,font,DancingScript-Medium
generated/images/DancingScript-Medium/digit/2/0007.png,2,font,DancingScript-Medium
generated/images/DancingScript-Medium/digit/2/0008.png,2,font,DancingScript-Medium
generated/images/DancingScript-Medium/digit/2/0009.png,2,font,DancingScript-Medium
generated/images/DancingScript-Medium/digit/2/0010.png,2,font,DancingScript-Medium
generated/images/DancingScript-Medium/digit/3/0001.png,3,font,DancingScript-Medium
generated/images/DancingScript-Medium/digit/3/0002.png,3,font,DancingScript-Medium
generated/images/DancingScript-Medium/digit/3/0003.png,3,font,DancingScript-Medium
generated/images/DancingScript-Medium/digit/3/0004.png,3,font,DancingScript-Medium
generated/images/DancingScript-Medium/digit/3/0005.png,3,font,DancingScript-Medium
generated/images/DancingScript-Medium/digit/3/0006.png,3,font,DancingScript-Medium
generated/images/DancingScript-Medium/digit/3/0007.png,3,font,DancingScript-Medium
generated/images/DancingScript-Medium/digit/3/0008.png,3,font,DancingScript-Medium
generated/images/DancingScript-Medium/digit/3/0009.png,3,font,DancingScript-Medium
generated/images/DancingScript-Medium/digit/3/0010.png,3,font,DancingScript-Medium
generated/images/DancingScript-Medium/digit/4/0001.png,4,font,DancingScript-Medium
generated/images/DancingScript-Medium/digit/4/0002.png,4,font,DancingScript-Medium
generated/images/DancingScript-Medium/digit/4/0003.png,4,font,DancingScript-Medium
generated/images/DancingScript-Medium/digit/4/0004.png,4,font,DancingScript-Medium
generated/images/DancingScript-Medium/digit/4/0005.png,4,font,DancingScript-Medium
generated/images/DancingScript-Medium/digit/4/0006.png,4,font,DancingScript-Medium
generated/images/DancingScript-Medium/digit/4/0007.png,4,font,DancingScript-Medium
generated/images/DancingScript-Medium/digit/4/0008.png,4,font,DancingScript-Medium
generated/images/DancingScript-Medium/digit/4/0009.png,4,font,DancingScript-Medium
generated/images/DancingScript-Medium/digit/4/0010.png,4,font,DancingScript-Medium
generated/images/DancingScript-Medium/digit/5/0001.png,5,font,DancingScript-Medium
generated/images/DancingScript-Medium/digit/5/0002.png,5,font,DancingScript-Medium
generated/images/DancingScript-Medium/digit/5/0003.png,5,font,DancingScript-Medium
generated/images/DancingScript-Medium/digit/5/0004.png,5,font,DancingScript-Medium
generated/images/DancingScript-Medium/digit/5/0005.png,5,font,DancingScript-Medium
generated/images/DancingScript-Medium/digit/5/0006.png,5,font,DancingScript-Medium
generated/images/DancingScript-Medium/digit/5/0007.png,5,font,DancingScript-Medium
generated/images/DancingScript-Medium/digit/5/0008.png,5,font,DancingScript-Medium
generated/images/DancingScript-Medium/digit/5/0009.png,5,font,DancingScript-Medium
generated/images/DancingScript-Medium/digit/5/0010.png,5,font,DancingScript-Medium
generated/images/DancingScript-Medium/digit/6/0001.png,6,font,DancingScript-Medium
generated/images/DancingScript-Medium/digit/6/0002.png,6,font,DancingScript-Medium
generated/images/DancingScript-Medium/digit/6/0003.png,6,font,DancingScript-Medium
generated/images/DancingScript-Medium/digit/6/0004.png,6,font,DancingScript-Medium
generated/images/DancingScript-Medium/digit/6/0005.png,6,font,DancingScript-Medium
generated/images/DancingScript-Medium/digit/6/0006.png,6,font,DancingScript-Medium
generated/images/DancingScript-Medium/digit/6/0007.png,6,font,DancingScript-Medium
generated/images/DancingScript-Medium/digit/6/0008.png,6,font,DancingScript-Medium
generated/images/DancingScript-Medium/digit/6/0009.png,6,font,DancingScript-Medium
generated/images/DancingScript-Medium/digit/6/0010.png,6,font,DancingScript-Medium
generated/images/DancingScript-Medium/digit/7/0001.png,7,font,DancingScript-Medium
generated/images/DancingScript-Medium/digit/7/0002.png,7,font,DancingScript-Medium
generated/images/DancingScript-Medium/digit/7/0003.png,7,font,DancingScript-Medium
generated/images/DancingScript-Medium/digit/7/0004.png,7,font,DancingScript-Medium
generated/images/DancingScript-Medium/digit/7/0005.png,7,font,DancingScript-Medium
generated/images/DancingScript-Medium/digit/7/0006.png,7,font,DancingScript-Medium
generated/images/DancingScript-Medium/digit/7/0007.png,7,font,DancingScript-Medium
generated/images/DancingScript-Medium/digit/7/0008.png,7,font,DancingScript-Medium
generated/images/DancingScript-Medium/digit/7/0009.png,7,font,DancingScript-Medium
generated/images/DancingScript-Medium/digit/7/0010.png,7,font,DancingScript-Medium
generated/images/DancingScript-Medium/digit/8/0001.png,8,font,DancingScript-Medium
generated/images/DancingScript-Medium/digit/8/0002.png,8,font,DancingScript-Medium
generated/images/DancingScript-Medium/digit/8/0003.png,8,font,DancingScript-Medium
generated/images/DancingScript-Medium/digit/8/0004.png,8,font,DancingScript-Medium
generated/images/DancingScript-Medium/digit/8/0005.png,8,font,DancingScript-Medium
generated/images/DancingScript-Medium/digit/8/0006.png,8,font,DancingScript-Medium
generated/images/DancingScript-Medium/digit/8/0007.png,8,font,DancingScript-Medium
generated/images/DancingScript-Medium/digit/8/0008.png,8,font,DancingScript-Medium
generated/images/DancingScript-Medium/digit/8/0009.png,8,font,DancingScript-Medium
generated/images/DancingScript-Medium/digit/8/0010.png,8,font,DancingScript-Medium
generated/images/DancingScript-Medium/digit/9/0001.png,9,font,DancingScript-Medium
generated/images/DancingScript-Medium/digit/9/0002.png,9,font,DancingScript-Medium
generated/images/DancingScript-Medium/digit/9/0003.png,9,font,DancingScript-Medium
generated/images/DancingScript-Medium/digit/9/0004.png,9,font,DancingScript-Medium
generated/images/DancingScript-Medium/digit/9/0005.png,9,font,DancingScript-Medium
generated/images/DancingScript-Medium/digit/9/0006.png,9,font,DancingScript-Medium
generated/images/DancingScript-Medium/digit/9/0007.png,9,font,DancingScript-Medium
generated/images/DancingScript-Medium/digit/9/0008.png,9,font,DancingScript-Medium
generated/images/DancingScript-Medium/digit/9/0009.png,9,font,DancingScript-Medium
generated/images/DancingScript-Medium/digit/9/0010.png,9,font,DancingScript-Medium
generated/images/DancingScript-Medium/upper/A/0001.png,A,font,DancingScript-Medium
generated/images/DancingScript-Medium/upper/A/0002.png,A,font,DancingScript-Medium
generated/images/DancingScript-Medium/upper/A/0003.png,A,font,DancingScript-Medium
generated/images/DancingScript-Medium/upper/A/0004.png,A,font,DancingScript-Medium
generated/images/DancingScript-Medium/upper/A/0005.png,A,font,DancingScript-Medium
generated/images/DancingScript-Medium/upper/A/0006.png,A,font,DancingScript-Medium
generated/images/DancingScript-Medium/upper/A/0007.png,A,font,DancingScript-Medium
generated/images/DancingScript-Medium/upper/A/0008.png,A,font,DancingScript-Medium
generated/images/DancingScript-Medium/upper/A/0009.png,A,font,DancingScript-Medium
generated/images/DancingScript-Medium/upper/A/0010.png,A,font,DancingScript-Medium
generated/images/DancingScript-Medium/upper/B/0001.png,B,font,DancingScript-Medium
generated/images/DancingScript-Medium/upper/B/0002.png,B,font,DancingScript-Medium
generated/images/DancingScript-Medium/upper/B/0003.png,B,font,DancingScript-Medium
generated/images/DancingScript-Medium/upper/B/0004.png,B,font,DancingScript-Medium
generated/images/DancingScript-Medium/upper/B/0005.png,B,font,DancingScript-Medium
generated/images/DancingScript-Medium/upper/B/0006.png,B,font,DancingScript-Medium
generated/images/DancingScript-Medium/upper/B/0007.png,B,font,DancingScript-Medium
generated/images/DancingScript-Medium/upper/B/0008.png,B,font,DancingScript-Medium
generated/images/DancingScript-Medium/upper/B/0009.png,B,font,DancingScript-Medium
generated/images/DancingScript-Medium/upper/B/0010.png,B,font,DancingScript-Medium
generated/images/DancingScript-Medium/upper/C/0001.png,C,font,DancingScript-Medium
generated/images/DancingScript-Medium/upper/C/0002.png,C,font,DancingScript-Medium
generated/images/DancingScript-Medium/upper/C/0003.png,C,font,DancingScript-Medium
generated/images/DancingScript-Medium/upper/C/0004.png,C,font,DancingScript-Medium
generated/images/DancingScript-Medium/upper/C/0005.png,C,font,DancingScript-Medium
generated/images/DancingScript-Medium/upper/C/0006.png,C,font,DancingScript-Medium
generated/images/DancingScript-Medium/upper/C/0007.png,C,font,DancingScript-Medium
generated/images/DancingScript-Medium/upper/C/0008.png,C,font,DancingScript-Medium
generated/images/DancingScript-Medium/upper/C/0009.png,C,font,DancingScript-Medium
generated/images/DancingScript-Medium/upper/C/0010.png,C,font,DancingScript-Medium
generated/images/DancingScript-Medium/upper/D/0001.png,D,font,DancingScript-Medium
generated/images/DancingScript-Medium/upper/D/0002.png,D,font,DancingScript-Medium
generated/images/DancingScript-Medium/upper/D/0003.png,D,font,DancingScript-Medium
generated/images/DancingScript-Medium/upper/D/0004.png,D,font,DancingScript-Medium
generated/images/DancingScript-Medium/upper/D/0005.png,D,font,DancingScript-Medium
generated/images/DancingScript-Medium/upper/D/0006.png,D,font,DancingScript-Medium
generated/images/DancingScript-Medium/upper/D/0007.png,D,font,DancingScript-Medium
generated/images/DancingScript-Medium/upper/D/0008.png,D,font,DancingScript-Medium
generated/images/DancingScript-Medium/upper/D/0009.png,D,font,DancingScript-Medium
generated/images/DancingScript-Medium/upper/D/0010.png,D,font,DancingScript-Medium
generated/images/DancingScript-Medium/upper/E/0001.png,E,font,DancingScript-Medium
generated/images/DancingScript-Medium/upper/E/0002.png,E,font,DancingScript-Medium
generated/images/DancingScript-Medium/upper/E/0003.png,E,font,DancingScript-Medium
generated/images/DancingScript-Medium/upper/E/0004.png,E,font,DancingScript-Medium
generated/images/DancingScript-Medium/upper/E/0005.png,E,font,DancingScript-Medium
generated/images/DancingScript-Medium/upper/E/0006.png,E,font,DancingScript-Medium
generated/images/DancingScript-Medium/upper/E/0007.png,E,font,DancingScript-Medium
generated/images/DancingScript-Medium/upper/E/0008.png,E,font,DancingScript-Medium
generated/images/DancingScript-Medium/upper/E/0009.png,E,font,DancingScript-Medium
generated/images/DancingScript-Medium/upper/E/0010.png,E,font,DancingScript-Medium
generated/images/DancingScript-Medium/upper/F/0001.png,F,font,DancingScript-Medium
generated/images/DancingScript-Medium/upper/F/0002.png,F,font,DancingScript-Medium
generated/images/DancingScript-Medium/upper/F/0003.png,F,font,DancingScript-Medium
generated/images/DancingScript-Medium/upper/F/0004.png,F,font,DancingScript-Medium
generated/images/DancingScript-Medium/upper/F/0005.png,F,font,DancingScript-Medium
generated/images/DancingScript-Medium/upper/F/0006.png,F,font,DancingScript-Medium
generated/images/DancingScript-Medium/upper/F/0007.png,F,font,DancingScript-Medium
generated/images/DancingScript-Medium/upper/F/0008.png,F,font,DancingScript-Medium
generated/images/DancingScript-Medium/upper/F/0009.png,F,font,DancingScript-Medium
generated/images/DancingScript-Medium/upper/F/0010.png,F,font,DancingScript-Medium
generated/images/DancingScript-Medium/upper/G/0001.png,G,font,DancingScript-Medium
generated/images/DancingScript-Medium/upper/G/0002.png,G,font,DancingScript-Medium
generated/images/DancingScript-Medium/upper/G/0003.png,G,font,DancingScript-Medium
generated/images/DancingScript-Medium/upper/G/0004.png,G,font,DancingScript-Medium
generated/images/DancingScript-Medium/upper/G/0005.png,G,font,DancingScript-Medium
generated/images/DancingScript-Medium/upper/G/0006.png,G,font,DancingScript-Medium
generated/images/DancingScript-Medium/upper/G/0007.png,G,font,DancingScript-Medium
generated/images/DancingScript-Medium/upper/G/0008.png,G,font,DancingScript-Medium
generated/images/DancingScript-Medium/upper/G/0009.png,G,font,DancingScript-Medium
generated/images/DancingScript-Medium/upper/G/0010.png,G,font,DancingScript-Medium
generated/images/DancingScript-Medium/upper/H/0001.png,H,font,DancingScript-Medium
generated/images/DancingScript-Medium/upper/H/0002.png,H,font,DancingScript-Medium
generated/images/DancingScript-Medium/upper/H/0003.png,H,font,DancingScript-Medium
generated/images/DancingScript-Medium/upper/H/0004.png,H,font,DancingScript-Medium
generated/images/DancingScript-Medium/upper/H/0005.png,H,font,DancingScript-Medium
generated/images/DancingScript-Medium/upper/H/0006.png,H,font,DancingScript-Medium
generated/images/DancingScript-Medium/upper/H/0007.png,H,font,DancingScript-Medium
generated/images/DancingScript-Medium/upper/H/0008.png,H,font,DancingScript-Medium
generated/images/DancingScript-Medium/upper/H/0009.png,H,font,DancingScript-Medium
generated/images/DancingScript-Medium/upper/H/0010.png,H,font,DancingScript-Medium
generated/images/DancingScript-Medium/upper/I/0001.png,I,font,DancingScript-Medium
generated/images/DancingScript-Medium/upper/I/0002.png,I,font,DancingScript-Medium
generated/images/DancingScript-Medium/upper/I/0003.png,I,font,DancingScript-Medium
generated/images/DancingScript-Medium/upper/I/0004.png,I,font,DancingScript-Medium
generated/images/DancingScript-Medium/upper/I/0005.png,I,font,DancingScript-Medium
generated/images/DancingScript-Medium/upper/I/0006.png,I,font,DancingScript-Medium
generated/images/DancingScript-Medium/upper/I/0007.png,I,font,DancingScript-Medium
generated/images/DancingScript-Medium/upper/I/0008.png,I,font,DancingScript-Medium
generated/images/DancingScript-Medium/upper/I/0009.png,I,font,DancingScript-Medium
generated/images/DancingScript-Medium/upper/I/0010.png,I,font,DancingScript-Medium
generated/images/DancingScript-Medium/upper/J/0001.png,J,font,DancingScript-Medium
generated/images/DancingScript-Medium/upper/J/0002.png,J,font,DancingScript-Medium
generated/images/DancingScript-Medium/upper/J/0003.png,J,font,DancingScript-Medium
generated/images/DancingScript-Medium/upper/J/0004.png,J,font,DancingScript-Medium
generated/images/DancingScript-Medium/upper/J/0005.png,J,font,DancingScript-Medium
generated/images/DancingScript-Medium/upper/J/0006.png,J,font,DancingScript-Medium
generated/images/DancingScript-Medium/upper/J/0007.png,J,font,DancingScript-Medium
generated/images/DancingScript-Medium/upper/J/0008.png,J,font,DancingScript-Medium
generated/images/DancingScript-Medium/upper/J/0009.png,J,font,DancingScript-Medium
generated/images/DancingScript-Medium/upper/J/0010.png,J,font,DancingScript-Medium
generated/images/DancingScript-Medium/upper/K/0001.png,K,font,DancingScript-Medium
generated/images/DancingScript-Medium/upper/K/0002.png,K,font,DancingScript-Medium
generated/images/DancingScript-Medium/upper/K/0003.png,K,font,DancingScript-Medium
generated/images/DancingScript-Medium/upper/K/0004.png,K,font,DancingScript-Medium
generated/images/DancingScript-Medium/upper/K/0005.png,K,font,DancingScript-Medium
generated/images/DancingScript-Medium/upper/K/0006.png,K,font,DancingScript-Medium
generated/images/DancingScript-Medium/upper/K/0007.png,K,font,DancingScript-Medium
generated/images/DancingScript-Medium/upper/K/0008.png,K,font,DancingScript-Medium
generated/images/DancingScript-Medium/upper/K/0009.png,K,font,DancingScript-Medium
generated/images/DancingScript-Medium/upper/K/0010.png,K,font,DancingScript-Medium
generated/images/DancingScript-Medium/upper/L/0001.png,L,font,DancingScript-Medium
generated/images/DancingScript-Medium/upper/L/0002.png,L,font,DancingScript-Medium
generated/images/DancingScript-Medium/upper/L/0003.png,L,font,DancingScript-Medium
generated/images/DancingScript-Medium/upper/L/0004.png,L,font,DancingScript-Medium
generated/images/DancingScript-Medium/upper/L/0005.png,L,font,DancingScript-Medium
generated/images/DancingScript-Medium/upper/L/0006.png,L,font,DancingScript-Medium
generated/images/DancingScript-Medium/upper/L/0007.png,L,font,DancingScript-Medium
generated/images/DancingScript-Medium/upper/L/0008.png,L,font,DancingScript-Medium
generated/images/DancingScript-Medium/upper/L/0009.png,L,font,DancingScript-Medium
generated/images/DancingScript-Medium/upper/L/0010.png,L,font,DancingScript-Medium
generated/images/DancingScript-Medium/upper/M/0001.png,M,font,DancingScript-Medium
generated/images/DancingScript-Medium/upper/M/0002.png,M,font,DancingScript-Medium
generated/images/DancingScript-Medium/upper/M/0003.png,M,font,DancingScript-Medium
generated/images/DancingScript-Medium/upper/M/0004.png,M,font,DancingScript-Medium
generated/images/DancingScript-Medium/upper/M/0005.png,M,font,DancingScript-Medium
generated/images/DancingScript-Medium/upper/M/0006.png,M,font,DancingScript-Medium
generated/images/DancingScript-Medium/upper/M/0007.png,M,font,DancingScript-Medium
generated/images/DancingScript-Medium/upper/M/0008.png,M,font,DancingScript-Medium
generated/images/DancingScript-Medium/upper/M/0009.png,M,font,DancingScript-Medium
generated/images/DancingScript-Medium/upper/M/0010.png,M,font,DancingScript-Medium
generated/images/DancingScript-Medium/upper/N/0001.png,N,font,DancingScript-Medium
generated/images/DancingScript-Medium/upper/N/0002.png,N,font,DancingScript-Medium
generated/images/DancingScript-Medium/upper/N/0003.png,N,font,DancingScript-Medium
generated/images/DancingScript-Medium/upper/N/0004.png,N,font,DancingScript-Medium
generated/images/DancingScript-Medium/upper/N/0005.png,N,font,DancingScript-Medium
generated/images/DancingScript-Medium/upper/N/0006.png,N,font,DancingScript-Medium
generated/images/DancingScript-Medium/upper/N/0007.png,N,font,DancingScript-Medium
generated/images/DancingScript-Medium/upper/N/0008.png,N,font,DancingScript-Medium
generated/images/DancingScript-Medium/upper/N/0009.png,N,font,DancingScript-Medium
generated/images/DancingScript-Medium/upper/N/0010.png,N,font,DancingScript-Medium
generated/images/DancingScript-Medium/upper/O/0001.png,O,font,DancingScript-Medium
generated/images/DancingScript-Medium/upper/O/0002.png,O,font,DancingScript-Medium
generated/images/DancingScript-Medium/upper/O/0003.png,O,font,DancingScript-Medium
generated/images/DancingScript-Medium/upper/O/0004.png,O,font,DancingScript-Medium
generated/images/DancingScript-Medium/upper/O/0005.png,O,font,DancingScript-Medium
generated/images/DancingScript-Medium/upper/O/0006.png,O,font,DancingScript-Medium
generated/images/DancingScript-Medium/upper/O/0007.png,O,font,DancingScript-Medium
generated/images/DancingScript-Medium/upper/O/0008.png,O,font,DancingScript-Medium
generated/images/DancingScript-Medium/upper/O/0009.png,O,font,DancingScript-Medium
generated/images/DancingScript-Medium/upper/O/0010.png,O,font,DancingScript-Medium
generated/images/DancingScript-Medium/upper/P/0001.png,P,font,DancingScript-Medium
generated/images/DancingScript-Medium/upper/P/0002.png,P,font,DancingScript-Medium
generated/images/DancingScript-Medium/upper/P/0003.png,P,font,DancingScript-Medium
generated/images/DancingScript-Medium/upper/P/0004.png,P,font,DancingScript-Medium
generated/images/DancingScript-Medium/upper/P/0005.png,P,font,DancingScript-Medium
generated/images/DancingScript-Medium/upper/P/0006.png,P,font,DancingScript-Medium
generated/images/DancingScript-Medium/upper/P/0007.png,P,font,DancingScript-Medium
generated/images/DancingScript-Medium/upper/P/0008.png,P,font,DancingScript-Medium
generated/images/DancingScript-Medium/upper/P/0009.png,P,font,DancingScript-Medium
generated/images/DancingScript-Medium/upper/P/0010.png,P,font,DancingScript-Medium
generated/images/DancingScript-Medium/upper/Q/0001.png,Q,font,DancingScript-Medium
generated/images/DancingScript-Medium/upper/Q/0002.png,Q,font,DancingScript-Medium
generated/images/DancingScript-Medium/upper/Q/0003.png,Q,font,DancingScript-Medium
generated/images/DancingScript-Medium/upper/Q/0004.png,Q,font,DancingScript-Medium
generated/images/DancingScript-Medium/upper/Q/0005.png,Q,font,DancingScript-Medium
generated/images/DancingScript-Medium/upper/Q/0006.png,Q,font,DancingScript-Medium
generated/images/DancingScript-Medium/upper/Q/0007.png,Q,font,DancingScript-Medium
generated/images/DancingScript-Medium/upper/Q/0008.png,Q,font,DancingScript-Medium
generated/images/DancingScript-Medium/upper/Q/0009.png,Q,font,DancingScript-Medium
generated/images/DancingScript-Medium/upper/Q/0010.png,Q,font,DancingScript-Medium
generated/images/DancingScript-Medium/upper/R/0001.png,R,font,DancingScript-Medium
generated/images/DancingScript-Medium/upper/R/0002.png,R,font,DancingScript-Medium
generated/images/DancingScript-Medium/upper/R/0003.png,R,font,DancingScript-Medium
generated/images/DancingScript-Medium/upper/R/0004.png,R,font,DancingScript-Medium
generated/images/DancingScript-Medium/upper/R/0005.png,R,font,DancingScript-Medium
generated/images/DancingScript-Medium/upper/R/0006.png,R,font,DancingScript-Medium
generated/images/DancingScript-Medium/upper/R/0007.png,R,font,DancingScript-Medium
generated/images/DancingScript-Medium/upper/R/0008.png,R,font,DancingScript-Medium
generated/images/DancingScript-Medium/upper/R/0009.png,R,font,DancingScript-Medium
generated/images/DancingScript-Medium/upper/R/0010.png,R,font,DancingScript-Medium
generated/images/DancingScript-Medium/upper/S/0001.png,S,font,DancingScript-Medium
generated/images/DancingScript-Medium/upper/S/0002.png,S,font,DancingScript-Medium
generated/images/DancingScript-Medium/upper/S/0003.png,S,font,DancingScript-Medium
generated/images/DancingScript-Medium/upper/S/0004.png,S,font,DancingScript-Medium
generated/images/DancingScript-Medium/upper/S/0005.png,S,font,DancingScript-Medium
generated/images/DancingScript-Medium/upper/S/0006.png,S,font,DancingScript-Medium
generated/images/DancingScript-Medium/upper/S/0007.png,S,font,DancingScript-Medium
generated/images/DancingScript-Medium/upper/S/0008.png,S,font,DancingScript-Medium
generated/images/DancingScript-Medium/upper/S/0009.png,S,font,DancingScript-Medium
generated/images/DancingScript-Medium/upper/S/0010.png,S,font,DancingScript-Medium
generated/images/DancingScript-Medium/upper/T/0001.png,T,font,DancingScript-Medium
generated/images/DancingScript-Medium/upper/T/0002.png,T,font,DancingScript-Medium
generated/images/DancingScript-Medium/upper/T/0003.png,T,font,DancingScript-Medium
generated/images/DancingScript-Medium/upper/T/0004.png,T,font,DancingScript-Medium
generated/images/DancingScript-Medium/upper/T/0005.png,T,font,DancingScript-Medium
generated/images/DancingScript-Medium/upper/T/0006.png,T,font,DancingScript-Medium
generated/images/DancingScript-Medium/upper/T/0007.png,T,font,DancingScript-Medium
generated/images/DancingScript-Medium/upper/T/0008.png,T,font,DancingScript-Medium
generated/images/DancingScript-Medium/upper/T/0009.png,T,font,DancingScript-Medium
generated/images/DancingScript-Medium/upper/T/0010.png,T,font,DancingScript-Medium
generated/images/DancingScript-Medium/upper/U/0001.png,U,font,DancingScript-Medium
generated/images/DancingScript-Medium/upper/U/0002.png,U,font,DancingScript-Medium
generated/images/DancingScript-Medium/upper/U/0003.png,U,font,DancingScript-Medium
generated/images/DancingScript-Medium/upper/U/0004.png,U,font,DancingScript-Medium
generated/images/DancingScript-Medium/upper/U/0005.png,U,font,DancingScript-Medium
generated/images/DancingScript-Medium/upper/U/0006.png,U,font,DancingScript-Medium
generated/images/DancingScript-Medium/upper/U/0007.png,U,font,DancingScript-Medium
generated/images/DancingScript-Medium/upper/U/0008.png,U,font,DancingScript-Medium
generated/images/DancingScript-Medium/upper/U/0009.png,U,font,DancingScript-Medium
generated/images/DancingScript-Medium/upper/U/0010.png,U,font,DancingScript-Medium
generated/images/DancingScript-Medium/upper/V/0001.png,V,font,DancingScript-Medium
generated/images/DancingScript-Medium/upper/V/0002.png,V,font,DancingScript-Medium
generated/images/DancingScript-Medium/upper/V/0003.png,V,font,DancingScript-Medium
generated/images/DancingScript-Medium/upper/V/0004.png,V,font,DancingScript-Medium
generated/images/DancingScript-Medium/upper/V/0005.png,V,font,DancingScript-Medium
generated/images/DancingScript-Medium/upper/V/0006.png,V,font,DancingScript-Medium
generated/images/DancingScript-Medium/upper/V/0007.png,V,font,DancingScript-Medium
generated/images/DancingScript-Medium/upper/V/0008.png,V,font,DancingScript-Medium
generated/images/DancingScript-Medium/upper/V/0009.png,V,font,DancingScript-Medium
generated/images/DancingScript-Medium/upper/V/0010.png,V,font,DancingScript-Medium
generated/images/DancingScript-Medium/upper/W/0001.png,W,font,DancingScript-Medium
generated/images/DancingScript-Medium/upper/W/0002.png,W,font,DancingScript-Medium
generated/images/DancingScript-Medium/upper/W/0003.png,W,font,DancingScript-Medium
generated/images/DancingScript-Medium/upper/W/0004.png,W,font,DancingScript-Medium
generated/images/DancingScript-Medium/upper/W/0005.png,W,font,DancingScript-Medium
generated/images/DancingScript-Medium/upper/W/0006.png,W,font,DancingScript-Medium
generated/images/DancingScript-Medium/upper/W/0007.png,W,font,DancingScript-Medium
generated/images/DancingScript-Medium/upper/W/0008.png,W,font,DancingScript-Medium
generated/images/DancingScript-Medium/upper/W/0009.png,W,font,DancingScript-Medium
generated/images/DancingScript-Medium/upper/W/0010.png,W,font,DancingScript-Medium
generated/images/DancingScript-Medium/upper/X/0001.png,X,font,DancingScript-Medium
generated/images/DancingScript-Medium/upper/X/0002.png,X,font,DancingScript-Medium
generated/images/DancingScript-Medium/upper/X/0003.png,X,font,DancingScript-Medium
generated/images/DancingScript-Medium/upper/X/0004.png,X,font,DancingScript-Medium
generated/images/DancingScript-Medium/upper/X/0005.png,X,font,DancingScript-Medium
generated/images/DancingScript-Medium/upper/X/0006.png,X,font,DancingScript-Medium
generated/images/DancingScript-Medium/upper/X/0007.png,X,font,DancingScript-Medium
generated/images/DancingScript-Medium/upper/X/0008.png,X,font,DancingScript-Medium
generated/images/DancingScript-Medium/upper/X/0009.png,X,font,DancingScript-Medium
generated/images/DancingScript-Medium/upper/X/0010.png,X,font,DancingScript-Medium
generated/images/DancingScript-Medium/upper/Y/0001.png,Y,font,DancingScript-Medium
generated/images/DancingScript-Medium/upper/Y/0002.png,Y,font,DancingScript-Medium
generated/images/DancingScript-Medium/upper/Y/0003.png,Y,font,DancingScript-Medium
generated/images/DancingScript-Medium/upper/Y/0004.png,Y,font,DancingScript-Medium
generated/images/DancingScript-Medium/upper/Y/0005.png,Y,font,DancingScript-Medium
generated/images/DancingScript-Medium/upper/Y/0006.png,Y,font,DancingScript-Medium
generated/images/DancingScript-Medium/upper/Y/0007.png,Y,font,DancingScript-Medium
generated/images/DancingScript-Medium/upper/Y/0008.png,Y,font,DancingScript-Medium
generated/images/DancingScript-Medium/upper/Y/0009.png,Y,font,DancingScript-Medium
generated/images/DancingScript-Medium/upper/Y/0010.png,Y,font,DancingScript-Medium
generated/images/DancingScript-Medium/upper/Z/0001.png,Z,font,DancingScript-Medium
generated/images/DancingScript-Medium/upper/Z/0002.png,Z,font,DancingScript-Medium
generated/images/DancingScript-Medium/upper/Z/0003.png,Z,font,DancingScript-Medium
generated/images/DancingScript-Medium/upper/Z/0004.png,Z,font,DancingScript-Medium
generated/images/DancingScript-Medium/upper/Z/0005.png,Z,font,DancingScript-Medium
generated/images/DancingScript-Medium/upper/Z/0006.png,Z,font,DancingScript-Medium
generated/images/DancingScript-Medium/upper/Z/0007.png,Z,font,DancingScript-Medium
generated/images/DancingScript-Medium/upper/Z/0008.png,Z,font,DancingScript-Medium
generated/images/DancingScript-Medium/upper/Z/0009.png,Z,font,DancingScript-Medium
generated/images/DancingScript-Medium/upper/Z/0010.png,Z,font,DancingScript-Medium
generated/images/DancingScript-Medium/lower/a/0001.png,a,font,DancingScript-Medium
generated/images/DancingScript-Medium/lower/a/0002.png,a,font,DancingScript-Medium
generated/images/DancingScript-Medium/lower/a/0003.png,a,font,DancingScript-Medium
generated/images/DancingScript-Medium/lower/a/0004.png,a,font,DancingScript-Medium
generated/images/DancingScript-Medium/lower/a/0005.png,a,font,DancingScript-Medium
generated/images/DancingScript-Medium/lower/a/0006.png,a,font,DancingScript-Medium
generated/images/DancingScript-Medium/lower/a/0007.png,a,font,DancingScript-Medium
generated/images/DancingScript-Medium/lower/a/0008.png,a,font,DancingScript-Medium
generated/images/DancingScript-Medium/lower/a/0009.png,a,font,DancingScript-Medium
generated/images/DancingScript-Medium/lower/a/0010.png,a,font,DancingScript-Medium
generated/images/DancingScript-Medium/lower/b/0001.png,b,font,DancingScript-Medium
generated/images/DancingScript-Medium/lower/b/0002.png,b,font,DancingScript-Medium
generated/images/DancingScript-Medium/lower/b/0003.png,b,font,DancingScript-Medium
generated/images/DancingScript-Medium/lower/b/0004.png,b,font,DancingScript-Medium
generated/images/DancingScript-Medium/lower/b/0005.png,b,font,DancingScript-Medium
generated/images/DancingScript-Medium/lower/b/0006.png,b,font,DancingScript-Medium
generated/images/DancingScript-Medium/lower/b/0007.png,b,font,DancingScript-Medium
generated/images/DancingScript-Medium/lower/b/0008.png,b,font,DancingScript-Medium
generated/images/DancingScript-Medium/lower/b/0009.png,b,font,DancingScript-Medium
generated/images/DancingScript-Medium/lower/b/0010.png,b,font,DancingScript-Medium
generated/images/DancingScript-Medium/lower/c/0001.png,c,font,DancingScript-Medium
generated/images/DancingScript-Medium/lower/c/0002.png,c,font,DancingScript-Medium
generated/images/DancingScript-Medium/lower/c/0003.png,c,font,DancingScript-Medium
generated/images/DancingScript-Medium/lower/c/0004.png,c,font,DancingScript-Medium
generated/images/DancingScript-Medium/lower/c/0005.png,c,font,DancingScript-Medium
generated/images/DancingScript-Medium/lower/c/0006.png,c,font,DancingScript-Medium
generated/images/DancingScript-Medium/lower/c/0007.png,c,font,DancingScript-Medium
generated/images/DancingScript-Medium/lower/c/0008.png,c,font,DancingScript-Medium
generated/images/DancingScript-Medium/lower/c/0009.png,c,font,DancingScript-Medium
generated/images/DancingScript-Medium/lower/c/0010.png,c,font,DancingScript-Medium
generated/images/DancingScript-Medium/lower/d/0001.png,d,font,DancingScript-Medium
generated/images/DancingScript-Medium/lower/d/0002.png,d,font,DancingScript-Medium
generated/images/DancingScript-Medium/lower/d/0003.png,d,font,DancingScript-Medium
generated/images/DancingScript-Medium/lower/d/0004.png,d,font,DancingScript-Medium
generated/images/DancingScript-Medium/lower/d/0005.png,d,font,DancingScript-Medium
generated/images/DancingScript-Medium/lower/d/0006.png,d,font,DancingScript-Medium
generated/images/DancingScript-Medium/lower/d/0007.png,d,font,DancingScript-Medium
generated/images/DancingScript-Medium/lower/d/0008.png,d,font,DancingScript-Medium
generated/images/DancingScript-Medium/lower/d/0009.png,d,font,DancingScript-Medium
generated/images/DancingScript-Medium/lower/d/0010.png,d,font,DancingScript-Medium
generated/images/DancingScript-Medium/lower/e/0001.png,e,font,DancingScript-Medium
generated/images/DancingScript-Medium/lower/e/0002.png,e,font,DancingScript-Medium
generated/images/DancingScript-Medium/lower/e/0003.png,e,font,DancingScript-Medium
generated/images/DancingScript-Medium/lower/e/0004.png,e,font,DancingScript-Medium
generated/images/DancingScript-Medium/lower/e/0005.png,e,font,DancingScript-Medium
generated/images/DancingScript-Medium/lower/e/0006.png,e,font,DancingScript-Medium
generated/images/DancingScript-Medium/lower/e/0007.png,e,font,DancingScript-Medium
generated/images/DancingScript-Medium/lower/e/0008.png,e,font,DancingScript-Medium
generated/images/DancingScript-Medium/lower/e/0009.png,e,font,DancingScript-Medium
generated/images/DancingScript-Medium/lower/e/0010.png,e,font,DancingScript-Medium
generated/images/DancingScript-Medium/lower/f/0001.png,f,font,DancingScript-Medium
generated/images/DancingScript-Medium/lower/f/0002.png,f,font,DancingScript-Medium
generated/images/DancingScript-Medium/lower/f/0003.png,f,font,DancingScript-Medium
generated/images/DancingScript-Medium/lower/f/0004.png,f,font,DancingScript-Medium
generated/images/DancingScript-Medium/lower/f/0005.png,f,font,DancingScript-Medium
generated/images/DancingScript-Medium/lower/f/0006.png,f,font,DancingScript-Medium
generated/images/DancingScript-Medium/lower/f/0007.png,f,font,DancingScript-Medium
generated/images/DancingScript-Medium/lower/f/0008.png,f,font,DancingScript-Medium
generated/images/DancingScript-Medium/lower/f/0009.png,f,font,DancingScript-Medium
generated/images/DancingScript-Medium/lower/f/0010.png,f,font,DancingScript-Medium
generated/images/DancingScript-Medium/lower/g/0001.png,g,font,DancingScript-Medium
generated/images/DancingScript-Medium/lower/g/0002.png,g,font,DancingScript-Medium
generated/images/DancingScript-Medium/lower/g/0003.png,g,font,DancingScript-Medium
generated/images/DancingScript-Medium/lower/g/0004.png,g,font,DancingScript-Medium
generated/images/DancingScript-Medium/lower/g/0005.png,g,font,DancingScript-Medium
generated/images/DancingScript-Medium/lower/g/0006.png,g,font,DancingScript-Medium
generated/images/DancingScript-Medium/lower/g/0007.png,g,font,DancingScript-Medium
generated/images/DancingScript-Medium/lower/g/0008.png,g,font,DancingScript-Medium
generated/images/DancingScript-Medium/lower/g/0009.png,g,font,DancingScript-Medium
generated/images/DancingScript-Medium/lower/g/0010.png,g,font,DancingScript-Medium
generated/images/DancingScript-Medium/lower/h/0001.png,h,font,DancingScript-Medium
generated/images/DancingScript-Medium/lower/h/0002.png,h,font,DancingScript-Medium
generated/images/DancingScript-Medium/lower/h/0003.png,h,font,DancingScript-Medium
generated/images/DancingScript-Medium/lower/h/0004.png,h,font,DancingScript-Medium
generated/images/DancingScript-Medium/lower/h/0005.png,h,font,DancingScript-Medium
generated/images/DancingScript-Medium/lower/h/0006.png,h,font,DancingScript-Medium
generated/images/DancingScript-Medium/lower/h/0007.png,h,font,DancingScript-Medium
generated/images/DancingScript-Medium/lower/h/0008.png,h,font,DancingScript-Medium
generated/images/DancingScript-Medium/lower/h/0009.png,h,font,DancingScript-Medium
generated/images/DancingScript-Medium/lower/h/0010.png,h,font,DancingScript-Medium
generated/images/DancingScript-Medium/lower/i/0001.png,i,font,DancingScript-Medium
generated/images/DancingScript-Medium/lower/i/0002.png,i,font,DancingScript-Medium
generated/images/DancingScript-Medium/lower/i/0003.png,i,font,DancingScript-Medium
generated/images/DancingScript-Medium/lower/i/0004.png,i,font,DancingScript-Medium
generated/images/DancingScript-Medium/lower/i/0005.png,i,font,DancingScript-Medium
generated/images/DancingScript-Medium/lower/i/0006.png,i,font,DancingScript-Medium
generated/images/DancingScript-Medium/lower/i/0007.png,i,font,DancingScript-Medium
generated/images/DancingScript-Medium/lower/i/0008.png,i,font,DancingScript-Medium
generated/images/DancingScript-Medium/lower/i/0009.png,i,font,DancingScript-Medium
generated/images/DancingScript-Medium/lower/i/0010.png,i,font,DancingScript-Medium
generated/images/DancingScript-Medium/lower/j/0001.png,j,font,DancingScript-Medium
generated/images/DancingScript-Medium/lower/j/0002.png,j,font,DancingScript-Medium
generated/images/DancingScript-Medium/lower/j/0003.png,j,font,DancingScript-Medium
generated/images/DancingScript-Medium/lower/j/0004.png,j,font,DancingScript-Medium
generated/images/DancingScript-Medium/lower/j/0005.png,j,font,DancingScript-Medium
generated/images/DancingScript-Medium/lower/j/0006.png,j,font,DancingScript-Medium
generated/images/DancingScript-Medium/lower/j/0007.png,j,font,DancingScript-Medium
generated/images/DancingScript-Medium/lower/j/0008.png,j,font,DancingScript-Medium
generated/images/DancingScript-Medium/lower/j/0009.png,j,font,DancingScript-Medium
generated/images/DancingScript-Medium/lower/j/0010.png,j,font,DancingScript-Medium
generated/images/DancingScript-Medium/lower/k/0001.png,k,font,DancingScript-Medium
generated/images/DancingScript-Medium/lower/k/0002.png,k,font,DancingScript-Medium
generated/images/DancingScript-Medium/lower/k/0003.png,k,font,DancingScript-Medium
generated/images/DancingScript-Medium/lower/k/0004.png,k,font,DancingScript-Medium
generated/images/DancingScript-Medium/lower/k/0005.png,k,font,DancingScript-Medium
generated/images/DancingScript-Medium/lower/k/0006.png,k,font,DancingScript-Medium
generated/images/DancingScript-Medium/lower/k/0007.png,k,font,DancingScript-Medium
generated/images/DancingScript-Medium/lower/k/0008.png,k,font,DancingScript-Medium
generated/images/DancingScript-Medium/lower/k/0009.png,k,font,DancingScript-Medium
generated/images/DancingScript-Medium/lower/k/0010.png,k,font,DancingScript-Medium
generated/images/DancingScript-Medium/lower/l/0001.png,l,font,DancingScript-Medium
generated/images/DancingScript-Medium/lower/l/0002.png,l,font,DancingScript-Medium
generated/images/DancingScript-Medium/lower/l/0003.png,l,font,DancingScript-Medium
generated/images/DancingScript-Medium/lower/l/0004.png,l,font,DancingScript-Medium
generated/images/DancingScript-Medium/lower/l/0005.png,l,font,DancingScript-Medium
generated/images/DancingScript-Medium/lower/l/0006.png,l,font,DancingScript-Medium
generated/images/DancingScript-Medium/lower/l/0007.png,l,font,DancingScript-Medium
generated/images/DancingScript-Medium/lower/l/0008.png,l,font,DancingScript-Medium
generated/images/DancingScript-Medium/lower/l/0009.png,l,font,DancingScript-Medium
generated/images/DancingScript-Medium/lower/l/0010.png,l,font,DancingScript-Medium
generated/images/DancingScript-Medium/lower/m/0001.png,m,font,DancingScript-Medium
generated/images/DancingScript-Medium/lower/m/0002.png,m,font,DancingScript-Medium
generated/images/DancingScript-Medium/lower/m/0003.png,m,font,DancingScript-Medium
generated/images/DancingScript-Medium/lower/m/0004.png,m,font,DancingScript-Medium
generated/images/DancingScript-Medium/lower/m/0005.png,m,font,DancingScript-Medium
generated/images/DancingScript-Medium/lower/m/0006.png,m,font,DancingScript-Medium
generated/images/DancingScript-Medium/lower/m/0007.png,m,font,DancingScript-Medium
generated/images/DancingScript-Medium/lower/m/0008.png,m,font,DancingScript-Medium
generated/images/DancingScript-Medium/lower/m/0009.png,m,font,DancingScript-Medium
generated/images/DancingScript-Medium/lower/m/0010.png,m,font,DancingScript-Medium
generated/images/DancingScript-Medium/lower/n/0001.png,n,font,DancingScript-Medium
generated/images/DancingScript-Medium/lower/n/0002.png,n,font,DancingScript-Medium
generated/images/DancingScript-Medium/lower/n/0003.png,n,font,DancingScript-Medium
generated/images/DancingScript-Medium/lower/n/0004.png,n,font,DancingScript-Medium
generated/images/DancingScript-Medium/lower/n/0005.png,n,font,DancingScript-Medium
generated/images/DancingScript-Medium/lower/n/0006.png,n,font,DancingScript-Medium
generated/images/DancingScript-Medium/lower/n/0007.png,n,font,DancingScript-Medium
generated/images/DancingScript-Medium/lower/n/0008.png,n,font,DancingScript-Medium
generated/images/DancingScript-Medium/lower/n/0009.png,n,font,DancingScript-Medium
generated/images/DancingScript-Medium/lower/n/0010.png,n,font,DancingScript-Medium
generated/images/DancingScript-Medium/lower/o/0001.png,o,font,DancingScript-Medium
generated/images/DancingScript-Medium/lower/o/0002.png,o,font,DancingScript-Medium
generated/images/DancingScript-Medium/lower/o/0003.png,o,font,DancingScript-Medium
generated/images/DancingScript-Medium/lower/o/0004.png,o,font,DancingScript-Medium
generated/images/DancingScript-Medium/lower/o/0005.png,o,font,DancingScript-Medium
generated/images/DancingScript-Medium/lower/o/0006.png,o,font,DancingScript-Medium
generated/images/DancingScript-Medium/lower/o/0007.png,o,font,DancingScript-Medium
generated/images/DancingScript-Medium/lower/o/0008.png,o,font,DancingScript-Medium
generated/images/DancingScript-Medium/lower/o/0009.png,o,font,DancingScript-Medium
generated/images/DancingScript-Medium/lower/o/0010.png,o,font,DancingScript-Medium
generated/images/DancingScript-Medium/lower/p/0001.png,p,font,DancingScript-Medium
generated/images/DancingScript-Medium/lower/p/0002.png,p,font,DancingScript-Medium
generated/images/DancingScript-Medium/lower/p/0003.png,p,font,DancingScript-Medium
generated/images/DancingScript-Medium/lower/p/0004.png,p,font,DancingScript-Medium
generated/images/DancingScript-Medium/lower/p/0005.png,p,font,DancingScript-Medium
generated/images/DancingScript-Medium/lower/p/0006.png,p,font,DancingScript-Medium
generated/images/DancingScript-Medium/lower/p/0007.png,p,font,DancingScript-Medium
generated/images/DancingScript-Medium/lower/p/0008.png,p,font,DancingScript-Medium
generated/images/DancingScript-Medium/lower/p/0009.png,p,font,DancingScript-Medium
generated/images/DancingScript-Medium/lower/p/0010.png,p,font,DancingScript-Medium
generated/images/DancingScript-Medium/lower/q/0001.png,q,font,DancingScript-Medium
generated/images/DancingScript-Medium/lower/q/0002.png,q,font,DancingScript-Medium
generated/images/DancingScript-Medium/lower/q/0003.png,q,font,DancingScript-Medium
generated/images/DancingScript-Medium/lower/q/0004.png,q,font,DancingScript-Medium
generated/images/DancingScript-Medium/lower/q/0005.png,q,font,DancingScript-Medium
generated/images/DancingScript-Medium/lower/q/0006.png,q,font,DancingScript-Medium
generated/images/DancingScript-Medium/lower/q/0007.png,q,font,DancingScript-Medium
generated/images/DancingScript-Medium/lower/q/0008.png,q,font,DancingScript-Medium
generated/images/DancingScript-Medium/lower/q/0009.png,q,font,DancingScript-Medium
generated/images/DancingScript-Medium/lower/q/0010.png,q,font,DancingScript-Medium
generated/images/DancingScript-Medium/lower/r/0001.png,r,font,DancingScript-Medium
generated/images/DancingScript-Medium/lower/r/0002.png,r,font,DancingScript-Medium
generated/images/DancingScript-Medium/lower/r/0003.png,r,font,DancingScript-Medium
generated/images/DancingScript-Medium/lower/r/0004.png,r,font,DancingScript-Medium
generated/images/DancingScript-Medium/lower/r/0005.png,r,font,DancingScript-Medium
generated/images/DancingScript-Medium/lower/r/0006.png,r,font,DancingScript-Medium
generated/images/DancingScript-Medium/lower/r/0007.png,r,font,DancingScript-Medium
generated/images/DancingScript-Medium/lower/r/0008.png,r,font,DancingScript-Medium
generated/images/DancingScript-Medium/lower/r/0009.png,r,font,DancingScript-Medium
generated/images/DancingScript-Medium/lower/r/0010.png,r,font,DancingScript-Medium
generated/images/DancingScript-Medium/lower/s/0001.png,s,font,DancingScript-Medium
generated/images/DancingScript-Medium/lower/s/0002.png,s,font,DancingScript-Medium
generated/images/DancingScript-Medium/lower/s/0003.png,s,font,DancingScript-Medium
generated/images/DancingScript-Medium/lower/s/0004.png,s,font,DancingScript-Medium
generated/images/DancingScript-Medium/lower/s/0005.png,s,font,DancingScript-Medium
generated/images/DancingScript-Medium/lower/s/0006.png,s,font,DancingScript-Medium
generated/images/DancingScript-Medium/lower/s/0007.png,s,font,DancingScript-Medium
generated/images/DancingScript-Medium/lower/s/0008.png,s,font,DancingScript-Medium
generated/images/DancingScript-Medium/lower/s/0009.png,s,font,DancingScript-Medium
generated/images/DancingScript-Medium/lower/s/0010.png,s,font,DancingScript-Medium
generated/images/DancingScript-Medium/lower/t/0001.png,t,font,DancingScript-Medium
generated/images/DancingScript-Medium/lower/t/0002.png,t,font,DancingScript-Medium
generated/images/DancingScript-Medium/lower/t/0003.png,t,font,DancingScript-Medium
generated/images/DancingScript-Medium/lower/t/0004.png,t,font,DancingScript-Medium
generated/images/DancingScript-Medium/lower/t/0005.png,t,font,DancingScript-Medium
generated/images/DancingScript-Medium/lower/t/0006.png,t,font,DancingScript-Medium
generated/images/DancingScript-Medium/lower/t/0007.png,t,font,DancingScript-Medium
generated/images/DancingScript-Medium/lower/t/0008.png,t,font,DancingScript-Medium
generated/images/DancingScript-Medium/lower/t/0009.png,t,font,DancingScript-Medium
generated/images/DancingScript-Medium/lower/t/0010.png,t,font,DancingScript-Medium
generated/images/DancingScript-Medium/lower/u/0001.png,u,font,DancingScript-Medium
generated/images/DancingScript-Medium/lower/u/0002.png,u,font,DancingScript-Medium
generated/images/DancingScript-Medium/lower/u/0003.png,u,font,DancingScript-Medium
generated/images/DancingScript-Medium/lower/u/0004.png,u,font,DancingScript-Medium
generated/images/DancingScript-Medium/lower/u/0005.png,u,font,DancingScript-Medium
generated/images/DancingScript-Medium/lower/u/0006.png,u,font,DancingScript-Medium
generated/images/DancingScript-Medium/lower/u/0007.png,u,font,DancingScript-Medium
generated/images/DancingScript-Medium/lower/u/0008.png,u,font,DancingScript-Medium
generated/images/DancingScript-Medium/lower/u/0009.png,u,font,DancingScript-Medium
generated/images/DancingScript-Medium/lower/u/0010.png,u,font,DancingScript-Medium
generated/images/DancingScript-Medium/lower/v/0001.png,v,font,DancingScript-Medium
generated/images/DancingScript-Medium/lower/v/0002.png,v,font,DancingScript-Medium
generated/images/DancingScript-Medium/lower/v/0003.png,v,font,DancingScript-Medium
generated/images/DancingScript-Medium/lower/v/0004.png,v,font,DancingScript-Medium
generated/images/DancingScript-Medium/lower/v/0005.png,v,font,DancingScript-Medium
generated/images/DancingScript-Medium/lower/v/0006.png,v,font,DancingScript-Medium
generated/images/DancingScript-Medium/lower/v/0007.png,v,font,DancingScript-Medium
generated/images/DancingScript-Medium/lower/v/0008.png,v,font,DancingScript-Medium
generated/images/DancingScript-Medium/lower/v/0009.png,v,font,DancingScript-Medium
generated/images/DancingScript-Medium/lower/v/0010.png,v,font,DancingScript-Medium
generated/images/DancingScript-Medium/lower/w/0001.png,w,font,DancingScript-Medium
generated/images/DancingScript-Medium/lower/w/0002.png,w,font,DancingScript-Medium
generated/images/DancingScript-Medium/lower/w/0003.png,w,font,DancingScript-Medium
generated/images/DancingScript-Medium/lower/w/0004.png,w,font,DancingScript-Medium
generated/images/DancingScript-Medium/lower/w/0005.png,w,font,DancingScript-Medium
generated/images/DancingScript-Medium/lower/w/0006.png,w,font,DancingScript-Medium
generated/images/DancingScript-Medium/lower/w/0007.png,w,font,DancingScript-Medium
generated/images/DancingScript-Medium/lower/w/0008.png,w,font,DancingScript-Medium
generated/images/DancingScript-Medium/lower/w/0009.png,w,font,DancingScript-Medium
generated/images/DancingScript-Medium/lower/w/0010.png,w,font,DancingScript-Medium
generated/images/DancingScript-Medium/lower/x/0001.png,x,font,DancingScript-Medium
generated/images/DancingScript-Medium/lower/x/0002.png,x,font,DancingScript-Medium
generated/images/DancingScript-Medium/lower/x/0003.png,x,font,DancingScript-Medium
generated/images/DancingScript-Medium/lower/x/0004.png,x,font,DancingScript-Medium
generated/images/DancingScript-Medium/lower/x/0005.png,x,font,DancingScript-Medium
generated/images/DancingScript-Medium/lower/x/0006.png,x,font,DancingScript-Medium
generated/images/DancingScript-Medium/lower/x/0007.png,x,font,DancingScript-Medium
generated/images/DancingScript-Medium/lower/x/0008.png,x,font,DancingScript-Medium
generated/images/DancingScript-Medium/lower/x/0009.png,x,font,DancingScript-Medium
generated/images/DancingScript-Medium/lower/x/0010.png,x,font,DancingScript-Medium
generated/images/DancingScript-Medium/lower/y/0001.png,y,font,DancingScript-Medium
generated/images/DancingScript-Medium/lower/y/0002.png,y,font,DancingScript-Medium
generated/images/DancingScript-Medium/lower/y/0003.png,y,font,DancingScript-Medium
generated/images/DancingScript-Medium/lower/y/0004.png,y,font,DancingScript-Medium
generated/images/DancingScript-Medium/lower/y/0005.png,y,font,DancingScript-Medium
generated/images/DancingScript-Medium/lower/y/0006.png,y,font,DancingScript-Medium
generated/images/DancingScript-Medium/lower/y/0007.png,y,font,DancingScript-Medium
generated/images/DancingScript-Medium/lower/y/0008.png,y,font,DancingScript-Medium
generated/images/DancingScript-Medium/lower/y/0009.png,y,font,DancingScript-Medium
generated/images/DancingScript-Medium/lower/y/0010.png,y,font,DancingScript-Medium
generated/images/DancingScript-Medium/lower/z/0001.png,z,font,DancingScript-Medium
generated/images/DancingScript-Medium/lower/z/0002.png,z,font,DancingScript-Medium
generated/images/DancingScript-Medium/lower/z/0003.png,z,font,DancingScript-Medium
generated/images/DancingScript-Medium/lower/z/0004.png,z,font,DancingScript-Medium
generated/images/DancingScript-Medium/lower/z/0005.png,z,font,DancingScript-Medium
generated/images/DancingScript-Medium/lower/z/0006.png,z,font,DancingScript-Medium
generated/images/DancingScript-Medium/lower/z/0007.png,z,font,DancingScript-Medium
generated/images/DancingScript-Medium/lower/z/0008.png,z,font,DancingScript-Medium
generated/images/DancingScript-Medium/lower/z/0009.png,z,font,DancingScript-Medium
generated/images/DancingScript-Medium/lower/z/0010.png,z,font,DancingScript-Medium
generated/images/DancingScript-Regular/digit/0/0001.png,0,font,DancingScript-Regular
generated/images/DancingScript-Regular/digit/0/0002.png,0,font,DancingScript-Regular
generated/images/DancingScript-Regular/digit/0/0003.png,0,font,DancingScript-Regular
generated/images/DancingScript-Regular/digit/0/0004.png,0,font,DancingScript-Regular
generated/images/DancingScript-Regular/digit/0/0005.png,0,font,DancingScript-Regular
generated/images/DancingScript-Regular/digit/0/0006.png,0,font,DancingScript-Regular
generated/images/DancingScript-Regular/digit/0/0007.png,0,font,DancingScript-Regular
generated/images/DancingScript-Regular/digit/0/0008.png,0,font,DancingScript-Regular
generated/images/DancingScript-Regular/digit/0/0009.png,0,font,DancingScript-Regular
generated/images/DancingScript-Regular/digit/0/0010.png,0,font,DancingScript-Regular
generated/images/DancingScript-Regular/digit/1/0001.png,1,font,DancingScript-Regular
generated/images/DancingScript-Regular/digit/1/0002.png,1,font,DancingScript-Regular
generated/images/DancingScript-Regular/digit/1/0003.png,1,font,DancingScript-Regular
generated/images/DancingScript-Regular/digit/1/0004.png,1,font,DancingScript-Regular
generated/images/DancingScript-Regular/digit/1/0005.png,1,font,DancingScript-Regular
generated/images/DancingScript-Regular/digit/1/0006.png,1,font,DancingScript-Regular
generated/images/DancingScript-Regular/digit/1/0007.png,1,font,DancingScript-Regular
generated/images/DancingScript-Regular/digit/1/0008.png,1,font,DancingScript-Regular
generated/images/DancingScript-Regular/digit/1/0009.png,1,font,DancingScript-Regular
generated/images/DancingScript-Regular/digit/1/0010.png,1,font,DancingScript-Regular
generated/images/DancingScript-Regular/digit/2/0001.png,2,font,DancingScript-Regular
generated/images/DancingScript-Regular/digit/2/0002.png,2,font,DancingScript-Regular
generated/images/DancingScript-Regular/digit/2/0003.png,2,font,DancingScript-Regular
generated/images/DancingScript-Regular/digit/2/0004.png,2,font,DancingScript-Regular
generated/images/DancingScript-Regular/digit/2/0005.png,2,font,DancingScript-Regular
generated/images/DancingScript-Regular/digit/2/0006.png,2,font,DancingScript-Regular
generated/images/DancingScript-Regular/digit/2/0007.png,2,font,DancingScript-Regular
generated/images/DancingScript-Regular/digit/2/0008.png,2,font,DancingScript-Regular
generated/images/DancingScript-Regular/digit/2/0009.png,2,font,DancingScript-Regular
generated/images/DancingScript-Regular/digit/2/0010.png,2,font,DancingScript-Regular
generated/images/DancingScript-Regular/digit/3/0001.png,3,font,DancingScript-Regular
generated/images/DancingScript-Regular/digit/3/0002.png,3,font,DancingScript-Regular
generated/images/DancingScript-Regular/digit/3/0003.png,3,font,DancingScript-Regular
generated/images/DancingScript-Regular/digit/3/0004.png,3,font,DancingScript-Regular
generated/images/DancingScript-Regular/digit/3/0005.png,3,font,DancingScript-Regular
generated/images/DancingScript-Regular/digit/3/0006.png,3,font,DancingScript-Regular
generated/images/DancingScript-Regular/digit/3/0007.png,3,font,DancingScript-Regular
generated/images/DancingScript-Regular/digit/3/0008.png,3,font,DancingScript-Regular
generated/images/DancingScript-Regular/digit/3/0009.png,3,font,DancingScript-Regular
generated/images/DancingScript-Regular/digit/3/0010.png,3,font,DancingScript-Regular
generated/images/DancingScript-Regular/digit/4/0001.png,4,font,DancingScript-Regular
generated/images/DancingScript-Regular/digit/4/0002.png,4,font,DancingScript-Regular
generated/images/DancingScript-Regular/digit/4/0003.png,4,font,DancingScript-Regular
generated/images/DancingScript-Regular/digit/4/0004.png,4,font,DancingScript-Regular
generated/images/DancingScript-Regular/digit/4/0005.png,4,font,DancingScript-Regular
generated/images/DancingScript-Regular/digit/4/0006.png,4,font,DancingScript-Regular
generated/images/DancingScript-Regular/digit/4/0007.png,4,font,DancingScript-Regular
generated/images/DancingScript-Regular/digit/4/0008.png,4,font,DancingScript-Regular
generated/images/DancingScript-Regular/digit/4/0009.png,4,font,DancingScript-Regular
generated/images/DancingScript-Regular/digit/4/0010.png,4,font,DancingScript-Regular
generated/images/DancingScript-Regular/digit/5/0001.png,5,font,DancingScript-Regular
generated/images/DancingScript-Regular/digit/5/0002.png,5,font,DancingScript-Regular
generated/images/DancingScript-Regular/digit/5/0003.png,5,font,DancingScript-Regular
generated/images/DancingScript-Regular/digit/5/0004.png,5,font,DancingScript-Regular
generated/images/DancingScript-Regular/digit/5/0005.png,5,font,DancingScript-Regular
generated/images/DancingScript-Regular/digit/5/0006.png,5,font,DancingScript-Regular
generated/images/DancingScript-Regular/digit/5/0007.png,5,font,DancingScript-Regular
generated/images/DancingScript-Regular/digit/5/0008.png,5,font,DancingScript-Regular
generated/images/DancingScript-Regular/digit/5/0009.png,5,font,DancingScript-Regular
generated/images/DancingScript-Regular/digit/5/0010.png,5,font,DancingScript-Regular
generated/images/DancingScript-Regular/digit/6/0001.png,6,font,DancingScript-Regular
generated/images/DancingScript-Regular/digit/6/0002.png,6,font,DancingScript-Regular
generated/images/DancingScript-Regular/digit/6/0003.png,6,font,DancingScript-Regular
generated/images/DancingScript-Regular/digit/6/0004.png,6,font,DancingScript-Regular
generated/images/DancingScript-Regular/digit/6/0005.png,6,font,DancingScript-Regular
generated/images/DancingScript-Regular/digit/6/0006.png,6,font,DancingScript-Regular
generated/images/DancingScript-Regular/digit/6/0007.png,6,font,DancingScript-Regular
generated/images/DancingScript-Regular/digit/6/0008.png,6,font,DancingScript-Regular
generated/images/DancingScript-Regular/digit/6/0009.png,6,font,DancingScript-Regular
generated/images/DancingScript-Regular/digit/6/0010.png,6,font,DancingScript-Regular
generated/images/DancingScript-Regular/digit/7/0001.png,7,font,DancingScript-Regular
generated/images/DancingScript-Regular/digit/7/0002.png,7,font,DancingScript-Regular
generated/images/DancingScript-Regular/digit/7/0003.png,7,font,DancingScript-Regular
generated/images/DancingScript-Regular/digit/7/0004.png,7,font,DancingScript-Regular
generated/images/DancingScript-Regular/digit/7/0005.png,7,font,DancingScript-Regular
generated/images/DancingScript-Regular/digit/7/0006.png,7,font,DancingScript-Regular
generated/images/DancingScript-Regular/digit/7/0007.png,7,font,DancingScript-Regular
generated/images/DancingScript-Regular/digit/7/0008.png,7,font,DancingScript-Regular
generated/images/DancingScript-Regular/digit/7/0009.png,7,font,DancingScript-Regular
generated/images/DancingScript-Regular/digit/7/0010.png,7,font,DancingScript-Regular
generated/images/DancingScript-Regular/digit/8/0001.png,8,font,DancingScript-Regular
generated/images/DancingScript-Regular/digit/8/0002.png,8,font,DancingScript-Regular
generated/images/DancingScript-Regular/digit/8/0003.png,8,font,DancingScript-Regular
generated/images/DancingScript-Regular/digit/8/0004.png,8,font,DancingScript-Regular
generated/images/DancingScript-Regular/digit/8/0005.png,8,font,DancingScript-Regular
generated/images/DancingScript-Regular/digit/8/0006.png,8,font,DancingScript-Regular
generated/images/DancingScript-Regular/digit/8/0007.png,8,font,DancingScript-Regular
generated/images/DancingScript-Regular/digit/8/0008.png,8,font,DancingScript-Regular
generated/images/DancingScript-Regular/digit/8/0009.png,8,font,DancingScript-Regular
generated/images/DancingScript-Regular/digit/8/0010.png,8,font,DancingScript-Regular
generated/images/DancingScript-Regular/digit/9/0001.png,9,font,DancingScript-Regular
generated/images/DancingScript-Regular/digit/9/0002.png,9,font,DancingScript-Regular
generated/images/DancingScript-Regular/digit/9/0003.png,9,font,DancingScript-Regular
generated/images/DancingScript-Regular/digit/9/0004.png,9,font,DancingScript-Regular
generated/images/DancingScript-Regular/digit/9/0005.png,9,font,DancingScript-Regular
generated/images/DancingScript-Regular/digit/9/0006.png,9,font,DancingScript-Regular
generated/images/DancingScript-Regular/digit/9/0007.png,9,font,DancingScript-Regular
generated/images/DancingScript-Regular/digit/9/0008.png,9,font,DancingScript-Regular
generated/images/DancingScript-Regular/digit/9/0009.png,9,font,DancingScript-Regular
generated/images/DancingScript-Regular/digit/9/0010.png,9,font,DancingScript-Regular
generated/images/DancingScript-Regular/upper/A/0001.png,A,font,DancingScript-Regular
generated/images/DancingScript-Regular/upper/A/0002.png,A,font,DancingScript-Regular
generated/images/DancingScript-Regular/upper/A/0003.png,A,font,DancingScript-Regular
generated/images/DancingScript-Regular/upper/A/0004.png,A,font,DancingScript-Regular
generated/images/DancingScript-Regular/upper/A/0005.png,A,font,DancingScript-Regular
generated/images/DancingScript-Regular/upper/A/0006.png,A,font,DancingScript-Regular
generated/images/DancingScript-Regular/upper/A/0007.png,A,font,DancingScript-Regular
generated/images/DancingScript-Regular/upper/A/0008.png,A,font,DancingScript-Regular
generated/images/DancingScript-Regular/upper/A/0009.png,A,font,DancingScript-Regular
generated/images/DancingScript-Regular/upper/A/0010.png,A,font,DancingScript-Regular
generated/images/DancingScript-Regular/upper/B/0001.png,B,font,DancingScript-Regular
generated/images/DancingScript-Regular/upper/B/0002.png,B,font,DancingScript-Regular
generated/images/DancingScript-Regular/upper/B/0003.png,B,font,DancingScript-Regular
generated/images/DancingScript-Regular/upper/B/0004.png,B,font,DancingScript-Regular
generated/images/DancingScript-Regular/upper/B/0005.png,B,font,DancingScript-Regular
generated/images/DancingScript-Regular/upper/B/0006.png,B,font,DancingScript-Regular
generated/images/DancingScript-Regular/upper/B/0007.png,B,font,DancingScript-Regular
generated/images/DancingScript-Regular/upper/B/0008.png,B,font,DancingScript-Regular
generated/images/DancingScript-Regular/upper/B/0009.png,B,font,DancingScript-Regular
generated/images/DancingScript-Regular/upper/B/0010.png,B,font,DancingScript-Regular
generated/images/DancingScript-Regular/upper/C/0001.png,C,font,DancingScript-Regular
generated/images/DancingScript-Regular/upper/C/0002.png,C,font,DancingScript-Regular
generated/images/DancingScript-Regular/upper/C/0003.png,C,font,DancingScript-Regular
generated/images/DancingScript-Regular/upper/C/0004.png,C,font,DancingScript-Regular
generated/images/DancingScript-Regular/upper/C/0005.png,C,font,DancingScript-Regular
generated/images/DancingScript-Regular/upper/C/0006.png,C,font,DancingScript-Regular
generated/images/DancingScript-Regular/upper/C/0007.png,C,font,DancingScript-Regular
generated/images/DancingScript-Regular/upper/C/0008.png,C,font,DancingScript-Regular
generated/images/DancingScript-Regular/upper/C/0009.png,C,font,DancingScript-Regular
generated/images/DancingScript-Regular/upper/C/0010.png,C,font,DancingScript-Regular
generated/images/DancingScript-Regular/upper/D/0001.png,D,font,DancingScript-Regular
generated/images/DancingScript-Regular/upper/D/0002.png,D,font,DancingScript-Regular
generated/images/DancingScript-Regular/upper/D/0003.png,D,font,DancingScript-Regular
generated/images/DancingScript-Regular/upper/D/0004.png,D,font,DancingScript-Regular
generated/images/DancingScript-Regular/upper/D/0005.png,D,font,DancingScript-Regular
generated/images/DancingScript-Regular/upper/D/0006.png,D,font,DancingScript-Regular
generated/images/DancingScript-Regular/upper/D/0007.png,D,font,DancingScript-Regular
generated/images/DancingScript-Regular/upper/D/0008.png,D,font,DancingScript-Regular
generated/images/DancingScript-Regular/upper/D/0009.png,D,font,DancingScript-Regular
generated/images/DancingScript-Regular/upper/D/0010.png,D,font,DancingScript-Regular
generated/images/DancingScript-Regular/upper/E/0001.png,E,font,DancingScript-Regular
generated/images/DancingScript-Regular/upper/E/0002.png,E,font,DancingScript-Regular
generated/images/DancingScript-Regular/upper/E/0003.png,E,font,DancingScript-Regular
generated/images/DancingScript-Regular/upper/E/0004.png,E,font,DancingScript-Regular
generated/images/DancingScript-Regular/upper/E/0005.png,E,font,DancingScript-Regular
generated/images/DancingScript-Regular/upper/E/0006.png,E,font,DancingScript-Regular
generated/images/DancingScript-Regular/upper/E/0007.png,E,font,DancingScript-Regular
generated/images/DancingScript-Regular/upper/E/0008.png,E,font,DancingScript-Regular
generated/images/DancingScript-Regular/upper/E/0009.png,E,font,DancingScript-Regular
generated/images/DancingScript-Regular/upper/E/0010.png,E,font,DancingScript-Regular
generated/images/DancingScript-Regular/upper/F/0001.png,F,font,DancingScript-Regular
generated/images/DancingScript-Regular/upper/F/0002.png,F,font,DancingScript-Regular
generated/images/DancingScript-Regular/upper/F/0003.png,F,font,DancingScript-Regular
generated/images/DancingScript-Regular/upper/F/0004.png,F,font,DancingScript-Regular
generated/images/DancingScript-Regular/upper/F/0005.png,F,font,DancingScript-Regular
generated/images/DancingScript-Regular/upper/F/0006.png,F,font,DancingScript-Regular
generated/images/DancingScript-Regular/upper/F/0007.png,F,font,DancingScript-Regular
generated/images/DancingScript-Regular/upper/F/0008.png,F,font,DancingScript-Regular
generated/images/DancingScript-Regular/upper/F/0009.png,F,font,DancingScript-Regular
generated/images/DancingScript-Regular/upper/F/0010.png,F,font,DancingScript-Regular
generated/images/DancingScript-Regular/upper/G/0001.png,G,font,DancingScript-Regular
generated/images/DancingScript-Regular/upper/G/0002.png,G,font,DancingScript-Regular
generated/images/DancingScript-Regular/upper/G/0003.png,G,font,DancingScript-Regular
generated/images/DancingScript-Regular/upper/G/0004.png,G,font,DancingScript-Regular
generated/images/DancingScript-Regular/upper/G/0005.png,G,font,DancingScript-Regular
generated/images/DancingScript-Regular/upper/G/0006.png,G,font,DancingScript-Regular
generated/images/DancingScript-Regular/upper/G/0007.png,G,font,DancingScript-Regular
generated/images/DancingScript-Regular/upper/G/0008.png,G,font,DancingScript-Regular
generated/images/DancingScript-Regular/upper/G/0009.png,G,font,DancingScript-Regular
generated/images/DancingScript-Regular/upper/G/0010.png,G,font,DancingScript-Regular
generated/images/DancingScript-Regular/upper/H/0001.png,H,font,DancingScript-Regular
generated/images/DancingScript-Regular/upper/H/0002.png,H,font,DancingScript-Regular
generated/images/DancingScript-Regular/upper/H/0003.png,H,font,DancingScript-Regular
generated/images/DancingScript-Regular/upper/H/0004.png,H,font,DancingScript-Regular
generated/images/DancingScript-Regular/upper/H/0005.png,H,font,DancingScript-Regular
generated/images/DancingScript-Regular/upper/H/0006.png,H,font,DancingScript-Regular
generated/images/DancingScript-Regular/upper/H/0007.png,H,font,DancingScript-Regular
generated/images/DancingScript-Regular/upper/H/0008.png,H,font,DancingScript-Regular
generated/images/DancingScript-Regular/upper/H/0009.png,H,font,DancingScript-Regular
generated/images/DancingScript-Regular/upper/H/0010.png,H,font,DancingScript-Regular
generated/images/DancingScript-Regular/upper/I/0001.png,I,font,DancingScript-Regular
generated/images/DancingScript-Regular/upper/I/0002.png,I,font,DancingScript-Regular
generated/images/DancingScript-Regular/upper/I/0003.png,I,font,DancingScript-Regular
generated/images/DancingScript-Regular/upper/I/0004.png,I,font,DancingScript-Regular
generated/images/DancingScript-Regular/upper/I/0005.png,I,font,DancingScript-Regular
generated/images/DancingScript-Regular/upper/I/0006.png,I,font,DancingScript-Regular
generated/images/DancingScript-Regular/upper/I/0007.png,I,font,DancingScript-Regular
generated/images/DancingScript-Regular/upper/I/0008.png,I,font,DancingScript-Regular
generated/images/DancingScript-Regular/upper/I/0009.png,I,font,DancingScript-Regular
generated/images/DancingScript-Regular/upper/I/0010.png,I,font,DancingScript-Regular
generated/images/DancingScript-Regular/upper/J/0001.png,J,font,DancingScript-Regular
generated/images/DancingScript-Regular/upper/J/0002.png,J,font,DancingScript-Regular
generated/images/DancingScript-Regular/upper/J/0003.png,J,font,DancingScript-Regular
generated/images/DancingScript-Regular/upper/J/0004.png,J,font,DancingScript-Regular
generated/images/DancingScript-Regular/upper/J/0005.png,J,font,DancingScript-Regular
generated/images/DancingScript-Regular/upper/J/0006.png,J,font,DancingScript-Regular
generated/images/DancingScript-Regular/upper/J/0007.png,J,font,DancingScript-Regular
generated/images/DancingScript-Regular/upper/J/0008.png,J,font,DancingScript-Regular
generated/images/DancingScript-Regular/upper/J/0009.png,J,font,DancingScript-Regular
generated/images/DancingScript-Regular/upper/J/0010.png,J,font,DancingScript-Regular
generated/images/DancingScript-Regular/upper/K/0001.png,K,font,DancingScript-Regular
generated/images/DancingScript-Regular/upper/K/0002.png,K,font,DancingScript-Regular
generated/images/DancingScript-Regular/upper/K/0003.png,K,font,DancingScript-Regular
generated/images/DancingScript-Regular/upper/K/0004.png,K,font,DancingScript-Regular
generated/images/DancingScript-Regular/upper/K/0005.png,K,font,DancingScript-Regular
generated/images/DancingScript-Regular/upper/K/0006.png,K,font,DancingScript-Regular
generated/images/DancingScript-Regular/upper/K/0007.png,K,font,DancingScript-Regular
generated/images/DancingScript-Regular/upper/K/0008.png,K,font,DancingScript-Regular
generated/images/DancingScript-Regular/upper/K/0009.png,K,font,DancingScript-Regular
generated/images/DancingScript-Regular/upper/K/0010.png,K,font,DancingScript-Regular
generated/images/DancingScript-Regular/upper/L/0001.png,L,font,DancingScript-Regular
generated/images/DancingScript-Regular/upper/L/0002.png,L,font,DancingScript-Regular
generated/images/DancingScript-Regular/upper/L/0003.png,L,font,DancingScript-Regular
generated/images/DancingScript-Regular/upper/L/0004.png,L,font,DancingScript-Regular
generated/images/DancingScript-Regular/upper/L/0005.png,L,font,DancingScript-Regular
generated/images/DancingScript-Regular/upper/L/0006.png,L,font,DancingScript-Regular
generated/images/DancingScript-Regular/upper/L/0007.png,L,font,DancingScript-Regular
generated/images/DancingScript-Regular/upper/L/0008.png,L,font,DancingScript-Regular
generated/images/DancingScript-Regular/upper/L/0009.png,L,font,DancingScript-Regular
generated/images/DancingScript-Regular/upper/L/0010.png,L,font,DancingScript-Regular
generated/images/DancingScript-Regular/upper/M/0001.png,M,font,DancingScript-Regular
generated/images/DancingScript-Regular/upper/M/0002.png,M,font,DancingScript-Regular
generated/images/DancingScript-Regular/upper/M/0003.png,M,font,DancingScript-Regular
generated/images/DancingScript-Regular/upper/M/0004.png,M,font,DancingScript-Regular
generated/images/DancingScript-Regular/upper/M/0005.png,M,font,DancingScript-Regular
generated/images/DancingScript-Regular/upper/M/0006.png,M,font,DancingScript-Regular
generated/images/DancingScript-Regular/upper/M/0007.png,M,font,DancingScript-Regular
generated/images/DancingScript-Regular/upper/M/0008.png,M,font,DancingScript-Regular
generated/images/DancingScript-Regular/upper/M/0009.png,M,font,DancingScript-Regular
generated/images/DancingScript-Regular/upper/M/0010.png,M,font,DancingScript-Regular
generated/images/DancingScript-Regular/upper/N/0001.png,N,font,DancingScript-Regular
generated/images/DancingScript-Regular/upper/N/0002.png,N,font,DancingScript-Regular
generated/images/DancingScript-Regular/upper/N/0003.png,N,font,DancingScript-Regular
generated/images/DancingScript-Regular/upper/N/0004.png,N,font,DancingScript-Regular
generated/images/DancingScript-Regular/upper/N/0005.png,N,font,DancingScript-Regular
generated/images/DancingScript-Regular/upper/N/0006.png,N,font,DancingScript-Regular
generated/images/DancingScript-Regular/upper/N/0007.png,N,font,DancingScript-Regular
generated/images/DancingScript-Regular/upper/N/0008.png,N,font,DancingScript-Regular
generated/images/DancingScript-Regular/upper/N/0009.png,N,font,DancingScript-Regular
generated/images/DancingScript-Regular/upper/N/0010.png,N,font,DancingScript-Regular
generated/images/DancingScript-Regular/upper/O/0001.png,O,font,DancingScript-Regular
generated/images/DancingScript-Regular/upper/O/0002.png,O,font,DancingScript-Regular
generated/images/DancingScript-Regular/upper/O/0003.png,O,font,DancingScript-Regular
generated/images/DancingScript-Regular/upper/O/0004.png,O,font,DancingScript-Regular
generated/images/DancingScript-Regular/upper/O/0005.png,O,font,DancingScript-Regular
generated/images/DancingScript-Regular/upper/O/0006.png,O,font,DancingScript-Regular
generated/images/DancingScript-Regular/upper/O/0007.png,O,font,DancingScript-Regular
generated/images/DancingScript-Regular/upper/O/0008.png,O,font,DancingScript-Regular
generated/images/DancingScript-Regular/upper/O/0009.png,O,font,DancingScript-Regular
generated/images/DancingScript-Regular/upper/O/0010.png,O,font,DancingScript-Regular
generated/images/DancingScript-Regular/upper/P/0001.png,P,font,DancingScript-Regular
generated/images/DancingScript-Regular/upper/P/0002.png,P,font,DancingScript-Regular
generated/images/DancingScript-Regular/upper/P/0003.png,P,font,DancingScript-Regular
generated/images/DancingScript-Regular/upper/P/0004.png,P,font,DancingScript-Regular
generated/images/DancingScript-Regular/upper/P/0005.png,P,font,DancingScript-Regular
generated/images/DancingScript-Regular/upper/P/0006.png,P,font,DancingScript-Regular
generated/images/DancingScript-Regular/upper/P/0007.png,P,font,DancingScript-Regular
generated/images/DancingScript-Regular/upper/P/0008.png,P,font,DancingScript-Regular
generated/images/DancingScript-Regular/upper/P/0009.png,P,font,DancingScript-Regular
generated/images/DancingScript-Regular/upper/P/0010.png,P,font,DancingScript-Regular
generated/images/DancingScript-Regular/upper/Q/0001.png,Q,font,DancingScript-Regular
generated/images/DancingScript-Regular/upper/Q/0002.png,Q,font,DancingScript-Regular
generated/images/DancingScript-Regular/upper/Q/0003.png,Q,font,DancingScript-Regular
generated/images/DancingScript-Regular/upper/Q/0004.png,Q,font,DancingScript-Regular
generated/images/DancingScript-Regular/upper/Q/0005.png,Q,font,DancingScript-Regular
generated/images/DancingScript-Regular/upper/Q/0006.png,Q,font,DancingScript-Regular
generated/images/DancingScript-Regular/upper/Q/0007.png,Q,font,DancingScript-Regular
generated/images/DancingScript-Regular/upper/Q/0008.png,Q,font,DancingScript-Regular
generated/images/DancingScript-Regular/upper/Q/0009.png,Q,font,DancingScript-Regular
generated/images/DancingScript-Regular/upper/Q/0010.png,Q,font,DancingScript-Regular
generated/images/DancingScript-Regular/upper/R/0001.png,R,font,DancingScript-Regular
generated/images/DancingScript-Regular/upper/R/0002.png,R,font,DancingScript-Regular
generated/images/DancingScript-Regular/upper/R/0003.png,R,font,DancingScript-Regular
generated/images/DancingScript-Regular/upper/R/0004.png,R,font,DancingScript-Regular
generated/images/DancingScript-Regular/upper/R/0005.png,R,font,DancingScript-Regular
generated/images/DancingScript-Regular/upper/R/0006.png,R,font,DancingScript-Regular
generated/images/DancingScript-Regular/upper/R/0007.png,R,font,DancingScript-Regular
generated/images/DancingScript-Regular/upper/R/0008.png,R,font,DancingScript-Regular
generated/images/DancingScript-Regular/upper/R/0009.png,R,font,DancingScript-Regular
generated/images/DancingScript-Regular/upper/R/0010.png,R,font,DancingScript-Regular
generated/images/DancingScript-Regular/upper/S/0001.png,S,font,DancingScript-Regular
generated/images/DancingScript-Regular/upper/S/0002.png,S,font,DancingScript-Regular
generated/images/DancingScript-Regular/upper/S/0003.png,S,font,DancingScript-Regular
generated/images/DancingScript-Regular/upper/S/0004.png,S,font,DancingScript-Regular
generated/images/DancingScript-Regular/upper/S/0005.png,S,font,DancingScript-Regular
generated/images/DancingScript-Regular/upper/S/0006.png,S,font,DancingScript-Regular
generated/images/DancingScript-Regular/upper/S/0007.png,S,font,DancingScript-Regular
generated/images/DancingScript-Regular/upper/S/0008.png,S,font,DancingScript-Regular
generated/images/DancingScript-Regular/upper/S/0009.png,S,font,DancingScript-Regular
generated/images/DancingScript-Regular/upper/S/0010.png,S,font,DancingScript-Regular
generated/images/DancingScript-Regular/upper/T/0001.png,T,font,DancingScript-Regular
generated/images/DancingScript-Regular/upper/T/0002.png,T,font,DancingScript-Regular
generated/images/DancingScript-Regular/upper/T/0003.png,T,font,DancingScript-Regular
generated/images/DancingScript-Regular/upper/T/0004.png,T,font,DancingScript-Regular
generated/images/DancingScript-Regular/upper/T/0005.png,T,font,DancingScript-Regular
generated/images/DancingScript-Regular/upper/T/0006.png,T,font,DancingScript-Regular
generated/images/DancingScript-Regular/upper/T/0007.png,T,font,DancingScript-Regular
generated/images/DancingScript-Regular/upper/T/0008.png,T,font,DancingScript-Regular
generated/images/DancingScript-Regular/upper/T/0009.png,T,font,DancingScript-Regular
generated/images/DancingScript-Regular/upper/T/0010.png,T,font,DancingScript-Regular
generated/images/DancingScript-Regular/upper/U/0001.png,U,font,DancingScript-Regular
generated/images/DancingScript-Regular/upper/U/0002.png,U,font,DancingScript-Regular
generated/images/DancingScript-Regular/upper/U/0003.png,U,font,DancingScript-Regular
generated/images/DancingScript-Regular/upper/U/0004.png,U,font,DancingScript-Regular
generated/images/DancingScript-Regular/upper/U/0005.png,U,font,DancingScript-Regular
generated/images/DancingScript-Regular/upper/U/0006.png,U,font,DancingScript-Regular
generated/images/DancingScript-Regular/upper/U/0007.png,U,font,DancingScript-Regular
generated/images/DancingScript-Regular/upper/U/0008.png,U,font,DancingScript-Regular
generated/images/DancingScript-Regular/upper/U/0009.png,U,font,DancingScript-Regular
generated/images/DancingScript-Regular/upper/U/0010.png,U,font,DancingScript-Regular
generated/images/DancingScript-Regular/upper/V/0001.png,V,font,DancingScript-Regular
generated/images/DancingScript-Regular/upper/V/0002.png,V,font,DancingScript-Regular
generated/images/DancingScript-Regular/upper/V/0003.png,V,font,DancingScript-Regular
generated/images/DancingScript-Regular/upper/V/0004.png,V,font,DancingScript-Regular
generated/images/DancingScript-Regular/upper/V/0005.png,V,font,DancingScript-Regular
generated/images/DancingScript-Regular/upper/V/0006.png,V,font,DancingScript-Regular
generated/images/DancingScript-Regular/upper/V/0007.png,V,font,DancingScript-Regular
generated/images/DancingScript-Regular/upper/V/0008.png,V,font,DancingScript-Regular
generated/images/DancingScript-Regular/upper/V/0009.png,V,font,DancingScript-Regular
generated/images/DancingScript-Regular/upper/V/0010.png,V,font,DancingScript-Regular
generated/images/DancingScript-Regular/upper/W/0001.png,W,font,DancingScript-Regular
generated/images/DancingScript-Regular/upper/W/0002.png,W,font,DancingScript-Regular
generated/images/DancingScript-Regular/upper/W/0003.png,W,font,DancingScript-Regular
generated/images/DancingScript-Regular/upper/W/0004.png,W,font,DancingScript-Regular
generated/images/DancingScript-Regular/upper/W/0005.png,W,font,DancingScript-Regular
generated/images/DancingScript-Regular/upper/W/0006.png,W,font,DancingScript-Regular
generated/images/DancingScript-Regular/upper/W/0007.png,W,font,DancingScript-Regular
generated/images/DancingScript-Regular/upper/W/0008.png,W,font,DancingScript-Regular
generated/images/DancingScript-Regular/upper/W/0009.png,W,font,DancingScript-Regular
generated/images/DancingScript-Regular/upper/W/0010.png,W,font,DancingScript-Regular
generated/images/DancingScript-Regular/upper/X/0001.png,X,font,DancingScript-Regular
generated/images/DancingScript-Regular/upper/X/0002.png,X,font,DancingScript-Regular
generated/images/DancingScript-Regular/upper/X/0003.png,X,font,DancingScript-Regular
generated/images/DancingScript-Regular/upper/X/0004.png,X,font,DancingScript-Regular
generated/images/DancingScript-Regular/upper/X/0005.png,X,font,DancingScript-Regular
generated/images/DancingScript-Regular/upper/X/0006.png,X,font,DancingScript-Regular
generated/images/DancingScript-Regular/upper/X/0007.png,X,font,DancingScript-Regular
generated/images/DancingScript-Regular/upper/X/0008.png,X,font,DancingScript-Regular
generated/images/DancingScript-Regular/upper/X/0009.png,X,font,DancingScript-Regular
generated/images/DancingScript-Regular/upper/X/0010.png,X,font,DancingScript-Regular
generated/images/DancingScript-Regular/upper/Y/0001.png,Y,font,DancingScript-Regular
generated/images/DancingScript-Regular/upper/Y/0002.png,Y,font,DancingScript-Regular
generated/images/DancingScript-Regular/upper/Y/0003.png,Y,font,DancingScript-Regular
generated/images/DancingScript-Regular/upper/Y/0004.png,Y,font,DancingScript-Regular
generated/images/DancingScript-Regular/upper/Y/0005.png,Y,font,DancingScript-Regular
generated/images/DancingScript-Regular/upper/Y/0006.png,Y,font,DancingScript-Regular
generated/images/DancingScript-Regular/upper/Y/0007.png,Y,font,DancingScript-Regular
generated/images/DancingScript-Regular/upper/Y/0008.png,Y,font,DancingScript-Regular
generated/images/DancingScript-Regular/upper/Y/0009.png,Y,font,DancingScript-Regular
generated/images/DancingScript-Regular/upper/Y/0010.png,Y,font,DancingScript-Regular
generated/images/DancingScript-Regular/upper/Z/0001.png,Z,font,DancingScript-Regular
generated/images/DancingScript-Regular/upper/Z/0002.png,Z,font,DancingScript-Regular
generated/images/DancingScript-Regular/upper/Z/0003.png,Z,font,DancingScript-Regular
generated/images/DancingScript-Regular/upper/Z/0004.png,Z,font,DancingScript-Regular
generated/images/DancingScript-Regular/upper/Z/0005.png,Z,font,DancingScript-Regular
generated/images/DancingScript-Regular/upper/Z/0006.png,Z,font,DancingScript-Regular
generated/images/DancingScript-Regular/upper/Z/0007.png,Z,font,DancingScript-Regular
generated/images/DancingScript-Regular/upper/Z/0008.png,Z,font,DancingScript-Regular
generated/images/DancingScript-Regular/upper/Z/0009.png,Z,font,DancingScript-Regular
generated/images/DancingScript-Regular/upper/Z/0010.png,Z,font,DancingScript-Regular
generated/images/DancingScript-Regular/lower/a/0001.png,a,font,DancingScript-Regular
generated/images/DancingScript-Regular/lower/a/0002.png,a,font,DancingScript-Regular
generated/images/DancingScript-Regular/lower/a/0003.png,a,font,DancingScript-Regular
generated/images/DancingScript-Regular/lower/a/0004.png,a,font,DancingScript-Regular
generated/images/DancingScript-Regular/lower/a/0005.png,a,font,DancingScript-Regular
generated/images/DancingScript-Regular/lower/a/0006.png,a,font,DancingScript-Regular
generated/images/DancingScript-Regular/lower/a/0007.png,a,font,DancingScript-Regular
generated/images/DancingScript-Regular/lower/a/0008.png,a,font,DancingScript-Regular
generated/images/DancingScript-Regular/lower/a/0009.png,a,font,DancingScript-Regular
generated/images/DancingScript-Regular/lower/a/0010.png,a,font,DancingScript-Regular
generated/images/DancingScript-Regular/lower/b/0001.png,b,font,DancingScript-Regular
generated/images/DancingScript-Regular/lower/b/0002.png,b,font,DancingScript-Regular
generated/images/DancingScript-Regular/lower/b/0003.png,b,font,DancingScript-Regular
generated/images/DancingScript-Regular/lower/b/0004.png,b,font,DancingScript-Regular
generated/images/DancingScript-Regular/lower/b/0005.png,b,font,DancingScript-Regular
generated/images/DancingScript-Regular/lower/b/0006.png,b,font,DancingScript-Regular
generated/images/DancingScript-Regular/lower/b/0007.png,b,font,DancingScript-Regular
generated/images/DancingScript-Regular/lower/b/0008.png,b,font,DancingScript-Regular
generated/images/DancingScript-Regular/lower/b/0009.png,b,font,DancingScript-Regular
generated/images/DancingScript-Regular/lower/b/0010.png,b,font,DancingScript-Regular
generated/images/DancingScript-Regular/lower/c/0001.png,c,font,DancingScript-Regular
generated/images/DancingScript-Regular/lower/c/0002.png,c,font,DancingScript-Regular
generated/images/DancingScript-Regular/lower/c/0003.png,c,font,DancingScript-Regular
generated/images/DancingScript-Regular/lower/c/0004.png,c,font,DancingScript-Regular
generated/images/DancingScript-Regular/lower/c/0005.png,c,font,DancingScript-Regular
generated/images/DancingScript-Regular/lower/c/0006.png,c,font,DancingScript-Regular
generated/images/DancingScript-Regular/lower/c/0007.png,c,font,DancingScript-Regular
generated/images/DancingScript-Regular/lower/c/0008.png,c,font,DancingScript-Regular
generated/images/DancingScript-Regular/lower/c/0009.png,c,font,DancingScript-Regular
generated/images/DancingScript-Regular/lower/c/0010.png,c,font,DancingScript-Regular
generated/images/DancingScript-Regular/lower/d/0001.png,d,font,DancingScript-Regular
generated/images/DancingScript-Regular/lower/d/0002.png,d,font,DancingScript-Regular
generated/images/DancingScript-Regular/lower/d/0003.png,d,font,DancingScript-Regular
generated/images/DancingScript-Regular/lower/d/0004.png,d,font,DancingScript-Regular
generated/images/DancingScript-Regular/lower/d/0005.png,d,font,DancingScript-Regular
generated/images/DancingScript-Regular/lower/d/0006.png,d,font,DancingScript-Regular
generated/images/DancingScript-Regular/lower/d/0007.png,d,font,DancingScript-Regular
generated/images/DancingScript-Regular/lower/d/0008.png,d,font,DancingScript-Regular
generated/images/DancingScript-Regular/lower/d/0009.png,d,font,DancingScript-Regular
generated/images/DancingScript-Regular/lower/d/0010.png,d,font,DancingScript-Regular
generated/images/DancingScript-Regular/lower/e/0001.png,e,font,DancingScript-Regular
generated/images/DancingScript-Regular/lower/e/0002.png,e,font,DancingScript-Regular
generated/images/DancingScript-Regular/lower/e/0003.png,e,font,DancingScript-Regular
generated/images/DancingScript-Regular/lower/e/0004.png,e,font,DancingScript-Regular
generated/images/DancingScript-Regular/lower/e/0005.png,e,font,DancingScript-Regular
generated/images/DancingScript-Regular/lower/e/0006.png,e,font,DancingScript-Regular
generated/images/DancingScript-Regular/lower/e/0007.png,e,font,DancingScript-Regular
generated/images/DancingScript-Regular/lower/e/0008.png,e,font,DancingScript-Regular
generated/images/DancingScript-Regular/lower/e/0009.png,e,font,DancingScript-Regular
generated/images/DancingScript-Regular/lower/e/0010.png,e,font,DancingScript-Regular
generated/images/DancingScript-Regular/lower/f/0001.png,f,font,DancingScript-Regular
generated/images/DancingScript-Regular/lower/f/0002.png,f,font,DancingScript-Regular
generated/images/DancingScript-Regular/lower/f/0003.png,f,font,DancingScript-Regular
generated/images/DancingScript-Regular/lower/f/0004.png,f,font,DancingScript-Regular
generated/images/DancingScript-Regular/lower/f/0005.png,f,font,DancingScript-Regular
generated/images/DancingScript-Regular/lower/f/0006.png,f,font,DancingScript-Regular
generated/images/DancingScript-Regular/lower/f/0007.png,f,font,DancingScript-Regular
generated/images/DancingScript-Regular/lower/f/0008.png,f,font,DancingScript-Regular
generated/images/DancingScript-Regular/lower/f/0009.png,f,font,DancingScript-Regular
generated/images/DancingScript-Regular/lower/f/0010.png,f,font,DancingScript-Regular
generated/images/DancingScript-Regular/lower/g/0001.png,g,font,DancingScript-Regular
generated/images/DancingScript-Regular/lower/g/0002.png,g,font,DancingScript-Regular
generated/images/DancingScript-Regular/lower/g/0003.png,g,font,DancingScript-Regular
generated/images/DancingScript-Regular/lower/g/0004.png,g,font,DancingScript-Regular
generated/images/DancingScript-Regular/lower/g/0005.png,g,font,DancingScript-Regular
generated/images/DancingScript-Regular/lower/g/0006.png,g,font,DancingScript-Regular
generated/images/DancingScript-Regular/lower/g/0007.png,g,font,DancingScript-Regular
generated/images/DancingScript-Regular/lower/g/0008.png,g,font,DancingScript-Regular
generated/images/DancingScript-Regular/lower/g/0009.png,g,font,DancingScript-Regular
generated/images/DancingScript-Regular/lower/g/0010.png,g,font,DancingScript-Regular
generated/images/DancingScript-Regular/lower/h/0001.png,h,font,DancingScript-Regular
generated/images/DancingScript-Regular/lower/h/0002.png,h,font,DancingScript-Regular
generated/images/DancingScript-Regular/lower/h/0003.png,h,font,DancingScript-Regular
generated/images/DancingScript-Regular/lower/h/0004.png,h,font,DancingScript-Regular
generated/images/DancingScript-Regular/lower/h/0005.png,h,font,DancingScript-Regular
generated/images/DancingScript-Regular/lower/h/0006.png,h,font,DancingScript-Regular
generated/images/DancingScript-Regular/lower/h/0007.png,h,font,DancingScript-Regular
generated/images/DancingScript-Regular/lower/h/0008.png,h,font,DancingScript-Regular
generated/images/DancingScript-Regular/lower/h/0009.png,h,font,DancingScript-Regular
generated/images/DancingScript-Regular/lower/h/0010.png,h,font,DancingScript-Regular
generated/images/DancingScript-Regular/lower/i/0001.png,i,font,DancingScript-Regular
generated/images/DancingScript-Regular/lower/i/0002.png,i,font,DancingScript-Regular
generated/images/DancingScript-Regular/lower/i/0003.png,i,font,DancingScript-Regular
generated/images/DancingScript-Regular/lower/i/0004.png,i,font,DancingScript-Regular
generated/images/DancingScript-Regular/lower/i/0005.png,i,font,DancingScript-Regular
generated/images/DancingScript-Regular/lower/i/0006.png,i,font,DancingScript-Regular
generated/images/DancingScript-Regular/lower/i/0007.png,i,font,DancingScript-Regular
generated/images/DancingScript-Regular/lower/i/0008.png,i,font,DancingScript-Regular
generated/images/DancingScript-Regular/lower/i/0009.png,i,font,DancingScript-Regular
generated/images/DancingScript-Regular/lower/i/0010.png,i,font,DancingScript-Regular
generated/images/DancingScript-Regular/lower/j/0001.png,j,font,DancingScript-Regular
generated/images/DancingScript-Regular/lower/j/0002.png,j,font,DancingScript-Regular
generated/images/DancingScript-Regular/lower/j/0003.png,j,font,DancingScript-Regular
generated/images/DancingScript-Regular/lower/j/0004.png,j,font,DancingScript-Regular
generated/images/DancingScript-Regular/lower/j/0005.png,j,font,DancingScript-Regular
generated/images/DancingScript-Regular/lower/j/0006.png,j,font,DancingScript-Regular
generated/images/DancingScript-Regular/lower/j/0007.png,j,font,DancingScript-Regular
generated/images/DancingScript-Regular/lower/j/0008.png,j,font,DancingScript-Regular
generated/images/DancingScript-Regular/lower/j/0009.png,j,font,DancingScript-Regular
generated/images/DancingScript-Regular/lower/j/0010.png,j,font,DancingScript-Regular
generated/images/DancingScript-Regular/lower/k/0001.png,k,font,DancingScript-Regular
generated/images/DancingScript-Regular/lower/k/0002.png,k,font,DancingScript-Regular
generated/images/DancingScript-Regular/lower/k/0003.png,k,font,DancingScript-Regular
generated/images/DancingScript-Regular/lower/k/0004.png,k,font,DancingScript-Regular
generated/images/DancingScript-Regular/lower/k/0005.png,k,font,DancingScript-Regular
generated/images/DancingScript-Regular/lower/k/0006.png,k,font,DancingScript-Regular
generated/images/DancingScript-Regular/lower/k/0007.png,k,font,DancingScript-Regular
generated/images/DancingScript-Regular/lower/k/0008.png,k,font,DancingScript-Regular
generated/images/DancingScript-Regular/lower/k/0009.png,k,font,DancingScript-Regular
generated/images/DancingScript-Regular/lower/k/0010.png,k,font,DancingScript-Regular
generated/images/DancingScript-Regular/lower/l/0001.png,l,font,DancingScript-Regular
generated/images/DancingScript-Regular/lower/l/0002.png,l,font,DancingScript-Regular
generated/images/DancingScript-Regular/lower/l/0003.png,l,font,DancingScript-Regular
generated/images/DancingScript-Regular/lower/l/0004.png,l,font,DancingScript-Regular
generated/images/DancingScript-Regular/lower/l/0005.png,l,font,DancingScript-Regular
generated/images/DancingScript-Regular/lower/l/0006.png,l,font,DancingScript-Regular
generated/images/DancingScript-Regular/lower/l/0007.png,l,font,DancingScript-Regular
generated/images/DancingScript-Regular/lower/l/0008.png,l,font,DancingScript-Regular
generated/images/DancingScript-Regular/lower/l/0009.png,l,font,DancingScript-Regular
generated/images/DancingScript-Regular/lower/l/0010.png,l,font,DancingScript-Regular
generated/images/DancingScript-Regular/lower/m/0001.png,m,font,DancingScript-Regular
generated/images/DancingScript-Regular/lower/m/0002.png,m,font,DancingScript-Regular
generated/images/DancingScript-Regular/lower/m/0003.png,m,font,DancingScript-Regular
generated/images/DancingScript-Regular/lower/m/0004.png,m,font,DancingScript-Regular
generated/images/DancingScript-Regular/lower/m/0005.png,m,font,DancingScript-Regular
generated/images/DancingScript-Regular/lower/m/0006.png,m,font,DancingScript-Regular
generated/images/DancingScript-Regular/lower/m/0007.png,m,font,DancingScript-Regular
generated/images/DancingScript-Regular/lower/m/0008.png,m,font,DancingScript-Regular
generated/images/DancingScript-Regular/lower/m/0009.png,m,font,DancingScript-Regular
generated/images/DancingScript-Regular/lower/m/0010.png,m,font,DancingScript-Regular
generated/images/DancingScript-Regular/lower/n/0001.png,n,font,DancingScript-Regular
generated/images/DancingScript-Regular/lower/n/0002.png,n,font,DancingScript-Regular
generated/images/DancingScript-Regular/lower/n/0003.png,n,font,DancingScript-Regular
generated/images/DancingScript-Regular/lower/n/0004.png,n,font,DancingScript-Regular
generated/images/DancingScript-Regular/lower/n/0005.png,n,font,DancingScript-Regular
generated/images/DancingScript-Regular/lower/n/0006.png,n,font,DancingScript-Regular
generated/images/DancingScript-Regular/lower/n/0007.png,n,font,DancingScript-Regular
generated/images/DancingScript-Regular/lower/n/0008.png,n,font,DancingScript-Regular
generated/images/DancingScript-Regular/lower/n/0009.png,n,font,DancingScript-Regular
generated/images/DancingScript-Regular/lower/n/0010.png,n,font,DancingScript-Regular
generated/images/DancingScript-Regular/lower/o/0001.png,o,font,DancingScript-Regular
generated/images/DancingScript-Regular/lower/o/0002.png,o,font,DancingScript-Regular
generated/images/DancingScript-Regular/lower/o/0003.png,o,font,DancingScript-Regular
generated/images/DancingScript-Regular/lower/o/0004.png,o,font,DancingScript-Regular
generated/images/DancingScript-Regular/lower/o/0005.png,o,font,DancingScript-Regular
generated/images/DancingScript-Regular/lower/o/0006.png,o,font,DancingScript-Regular
generated/images/DancingScript-Regular/lower/o/0007.png,o,font,DancingScript-Regular
generated/images/DancingScript-Regular/lower/o/0008.png,o,font,DancingScript-Regular
generated/images/DancingScript-Regular/lower/o/0009.png,o,font,DancingScript-Regular
generated/images/DancingScript-Regular/lower/o/0010.png,o,font,DancingScript-Regular
generated/images/DancingScript-Regular/lower/p/0001.png,p,font,DancingScript-Regular
generated/images/DancingScript-Regular/lower/p/0002.png,p,font,DancingScript-Regular
generated/images/DancingScript-Regular/lower/p/0003.png,p,font,DancingScript-Regular
generated/images/DancingScript-Regular/lower/p/0004.png,p,font,DancingScript-Regular
generated/images/DancingScript-Regular/lower/p/0005.png,p,font,DancingScript-Regular
generated/images/DancingScript-Regular/lower/p/0006.png,p,font,DancingScript-Regular
generated/images/DancingScript-Regular/lower/p/0007.png,p,font,DancingScript-Regular
generated/images/DancingScript-Regular/lower/p/0008.png,p,font,DancingScript-Regular
generated/images/DancingScript-Regular/lower/p/0009.png,p,font,DancingScript-Regular
generated/images/DancingScript-Regular/lower/p/0010.png,p,font,DancingScript-Regular
generated/images/DancingScript-Regular/lower/q/0001.png,q,font,DancingScript-Regular
generated/images/DancingScript-Regular/lower/q/0002.png,q,font,DancingScript-Regular
generated/images/DancingScript-Regular/lower/q/0003.png,q,font,DancingScript-Regular
generated/images/DancingScript-Regular/lower/q/0004.png,q,font,DancingScript-Regular
generated/images/DancingScript-Regular/lower/q/0005.png,q,font,DancingScript-Regular
generated/images/DancingScript-Regular/lower/q/0006.png,q,font,DancingScript-Regular
generated/images/DancingScript-Regular/lower/q/0007.png,q,font,DancingScript-Regular
generated/images/DancingScript-Regular/lower/q/0008.png,q,font,DancingScript-Regular
generated/images/DancingScript-Regular/lower/q/0009.png,q,font,DancingScript-Regular
generated/images/DancingScript-Regular/lower/q/0010.png,q,font,DancingScript-Regular
generated/images/DancingScript-Regular/lower/r/0001.png,r,font,DancingScript-Regular
generated/images/DancingScript-Regular/lower/r/0002.png,r,font,DancingScript-Regular
generated/images/DancingScript-Regular/lower/r/0003.png,r,font,DancingScript-Regular
generated/images/DancingScript-Regular/lower/r/0004.png,r,font,DancingScript-Regular
generated/images/DancingScript-Regular/lower/r/0005.png,r,font,DancingScript-Regular
generated/images/DancingScript-Regular/lower/r/0006.png,r,font,DancingScript-Regular
generated/images/DancingScript-Regular/lower/r/0007.png,r,font,DancingScript-Regular
generated/images/DancingScript-Regular/lower/r/0008.png,r,font,DancingScript-Regular
generated/images/DancingScript-Regular/lower/r/0009.png,r,font,DancingScript-Regular
generated/images/DancingScript-Regular/lower/r/0010.png,r,font,DancingScript-Regular
generated/images/DancingScript-Regular/lower/s/0001.png,s,font,DancingScript-Regular
generated/images/DancingScript-Regular/lower/s/0002.png,s,font,DancingScript-Regular
generated/images/DancingScript-Regular/lower/s/0003.png,s,font,DancingScript-Regular
generated/images/DancingScript-Regular/lower/s/0004.png,s,font,DancingScript-Regular
generated/images/DancingScript-Regular/lower/s/0005.png,s,font,DancingScript-Regular
generated/images/DancingScript-Regular/lower/s/0006.png,s,font,DancingScript-Regular
generated/images/DancingScript-Regular/lower/s/0007.png,s,font,DancingScript-Regular
generated/images/DancingScript-Regular/lower/s/0008.png,s,font,DancingScript-Regular
generated/images/DancingScript-Regular/lower/s/0009.png,s,font,DancingScript-Regular
generated/images/DancingScript-Regular/lower/s/0010.png,s,font,DancingScript-Regular
generated/images/DancingScript-Regular/lower/t/0001.png,t,font,DancingScript-Regular
generated/images/DancingScript-Regular/lower/t/0002.png,t,font,DancingScript-Regular
generated/images/DancingScript-Regular/lower/t/0003.png,t,font,DancingScript-Regular
generated/images/DancingScript-Regular/lower/t/0004.png,t,font,DancingScript-Regular
generated/images/DancingScript-Regular/lower/t/0005.png,t,font,DancingScript-Regular
generated/images/DancingScript-Regular/lower/t/0006.png,t,font,DancingScript-Regular
generated/images/DancingScript-Regular/lower/t/0007.png,t,font,DancingScript-Regular
generated/images/DancingScript-Regular/lower/t/0008.png,t,font,DancingScript-Regular
generated/images/DancingScript-Regular/lower/t/0009.png,t,font,DancingScript-Regular
generated/images/DancingScript-Regular/lower/t/0010.png,t,font,DancingScript-Regular
generated/images/DancingScript-Regular/lower/u/0001.png,u,font,DancingScript-Regular
generated/images/DancingScript-Regular/lower/u/0002.png,u,font,DancingScript-Regular
generated/images/DancingScript-Regular/lower/u/0003.png,u,font,DancingScript-Regular
generated/images/DancingScript-Regular/lower/u/0004.png,u,font,DancingScript-Regular
generated/images/DancingScript-Regular/lower/u/0005.png,u,font,DancingScript-Regular
generated/images/DancingScript-Regular/lower/u/0006.png,u,font,DancingScript-Regular
generated/images/DancingScript-Regular/lower/u/0007.png,u,font,DancingScript-Regular
generated/images/DancingScript-Regular/lower/u/0008.png,u,font,DancingScript-Regular
generated/images/DancingScript-Regular/lower/u/0009.png,u,font,DancingScript-Regular
generated/images/DancingScript-Regular/lower/u/0010.png,u,font,DancingScript-Regular
generated/images/DancingScript-Regular/lower/v/0001.png,v,font,DancingScript-Regular
generated/images/DancingScript-Regular/lower/v/0002.png,v,font,DancingScript-Regular
generated/images/DancingScript-Regular/lower/v/0003.png,v,font,DancingScript-Regular
generated/images/DancingScript-Regular/lower/v/0004.png,v,font,DancingScript-Regular
generated/images/DancingScript-Regular/lower/v/0005.png,v,font,DancingScript-Regular
generated/images/DancingScript-Regular/lower/v/0006.png,v,font,DancingScript-Regular
generated/images/DancingScript-Regular/lower/v/0007.png,v,font,DancingScript-Regular
generated/images/DancingScript-Regular/lower/v/0008.png,v,font,DancingScript-Regular
generated/images/DancingScript-Regular/lower/v/0009.png,v,font,DancingScript-Regular
generated/images/DancingScript-Regular/lower/v/0010.png,v,font,DancingScript-Regular
generated/images/DancingScript-Regular/lower/w/0001.png,w,font,DancingScript-Regular
generated/images/DancingScript-Regular/lower/w/0002.png,w,font,DancingScript-Regular
generated/images/DancingScript-Regular/lower/w/0003.png,w,font,DancingScript-Regular
generated/images/DancingScript-Regular/lower/w/0004.png,w,font,DancingScript-Regular
generated/images/DancingScript-Regular/lower/w/0005.png,w,font,DancingScript-Regular
generated/images/DancingScript-Regular/lower/w/0006.png,w,font,DancingScript-Regular
generated/images/DancingScript-Regular/lower/w/0007.png,w,font,DancingScript-Regular
generated/images/DancingScript-Regular/lower/w/0008.png,w,font,DancingScript-Regular
generated/images/DancingScript-Regular/lower/w/0009.png,w,font,DancingScript-Regular
generated/images/DancingScript-Regular/lower/w/0010.png,w,font,DancingScript-Regular
generated/images/DancingScript-Regular/lower/x/0001.png,x,font,DancingScript-Regular
generated/images/DancingScript-Regular/lower/x/0002.png,x,font,DancingScript-Regular
generated/images/DancingScript-Regular/lower/x/0003.png,x,font,DancingScript-Regular
generated/images/DancingScript-Regular/lower/x/0004.png,x,font,DancingScript-Regular
generated/images/DancingScript-Regular/lower/x/0005.png,x,font,DancingScript-Regular
generated/images/DancingScript-Regular/lower/x/0006.png,x,font,DancingScript-Regular
generated/images/DancingScript-Regular/lower/x/0007.png,x,font,DancingScript-Regular
generated/images/DancingScript-Regular/lower/x/0008.png,x,font,DancingScript-Regular
generated/images/DancingScript-Regular/lower/x/0009.png,x,font,DancingScript-Regular
generated/images/DancingScript-Regular/lower/x/0010.png,x,font,DancingScript-Regular
generated/images/DancingScript-Regular/lower/y/0001.png,y,font,DancingScript-Regular
generated/images/DancingScript-Regular/lower/y/0002.png,y,font,DancingScript-Regular
generated/images/DancingScript-Regular/lower/y/0003.png,y,font,DancingScript-Regular
generated/images/DancingScript-Regular/lower/y/0004.png,y,font,DancingScript-Regular
generated/images/DancingScript-Regular/lower/y/0005.png,y,font,DancingScript-Regular
generated/images/DancingScript-Regular/lower/y/0006.png,y,font,DancingScript-Regular
generated/images/DancingScript-Regular/lower/y/0007.png,y,font,DancingScript-Regular
generated/images/DancingScript-Regular/lower/y/0008.png,y,font,DancingScript-Regular
generated/images/DancingScript-Regular/lower/y/0009.png,y,font,DancingScript-Regular
generated/images/DancingScript-Regular/lower/y/0010.png,y,font,DancingScript-Regular
generated/images/DancingScript-Regular/lower/z/0001.png,z,font,DancingScript-Regular
generated/images/DancingScript-Regular/lower/z/0002.png,z,font,DancingScript-Regular
generated/images/DancingScript-Regular/lower/z/0003.png,z,font,DancingScript-Regular
generated/images/DancingScript-Regular/lower/z/0004.png,z,font,DancingScript-Regular
generated/images/DancingScript-Regular/lower/z/0005.png,z,font,DancingScript-Regular
generated/images/DancingScript-Regular/lower/z/0006.png,z,font,DancingScript-Regular
generated/images/DancingScript-Regular/lower/z/0007.png,z,font,DancingScript-Regular
generated/images/DancingScript-Regular/lower/z/0008.png,z,font,DancingScript-Regular
generated/images/DancingScript-Regular/lower/z/0009.png,z,font,DancingScript-Regular
generated/images/DancingScript-Regular/lower/z/0010.png,z,font,DancingScript-Regular
generated/images/DancingScript-SemiBold/digit/0/0001.png,0,font,DancingScript-SemiBold
generated/images/DancingScript-SemiBold/digit/0/0002.png,0,font,DancingScript-SemiBold
generated/images/DancingScript-SemiBold/digit/0/0003.png,0,font,DancingScript-SemiBold
generated/images/DancingScript-SemiBold/digit/0/0004.png,0,font,DancingScript-SemiBold
generated/images/DancingScript-SemiBold/digit/0/0005.png,0,font,DancingScript-SemiBold
generated/images/DancingScript-SemiBold/digit/0/0006.png,0,font,DancingScript-SemiBold
generated/images/DancingScript-SemiBold/digit/0/0007.png,0,font,DancingScript-SemiBold
generated/images/DancingScript-SemiBold/digit/0/0008.png,0,font,DancingScript-SemiBold
generated/images/DancingScript-SemiBold/digit/0/0009.png,0,font,DancingScript-SemiBold
generated/images/DancingScript-SemiBold/digit/0/0010.png,0,font,DancingScript-SemiBold
generated/images/DancingScript-SemiBold/digit/1/0001.png,1,font,DancingScript-SemiBold
generated/images/DancingScript-SemiBold/digit/1/0002.png,1,font,DancingScript-SemiBold
generated/images/DancingScript-SemiBold/digit/1/0003.png,1,font,DancingScript-SemiBold
generated/images/DancingScript-SemiBold/digit/1/0004.png,1,font,DancingScript-SemiBold
generated/images/DancingScript-SemiBold/digit/1/0005.png,1,font,DancingScript-SemiBold
generated/images/DancingScript-SemiBold/digit/1/0006.png,1,font,DancingScript-SemiBold
generated/images/DancingScript-SemiBold/digit/1/0007.png,1,font,DancingScript-SemiBold
generated/images/DancingScript-SemiBold/digit/1/0008.png,1,font,DancingScript-SemiBold
generated/images/DancingScript-SemiBold/digit/1/0009.png,1,font,DancingScript-SemiBold
generated/images/DancingScript-SemiBold/digit/1/0010.png,1,font,DancingScript-SemiBold
generated/images/DancingScript-SemiBold/digit/2/0001.png,2,font,DancingScript-SemiBold
generated/images/DancingScript-SemiBold/digit/2/0002.png,2,font,DancingScript-SemiBold
generated/images/DancingScript-SemiBold/digit/2/0003.png,2,font,DancingScript-SemiBold
generated/images/DancingScript-SemiBold/digit/2/0004.png,2,font,DancingScript-SemiBold
generated/images/DancingScript-SemiBold/digit/2/0005.png,2,font,DancingScript-SemiBold
generated/images/DancingScript-SemiBold/digit/2/0006.png,2,font,DancingScript-SemiBold
generated/images/DancingScript-SemiBold/digit/2/0007.png,2,font,DancingScript-SemiBold
generated/images/DancingScript-SemiBold/digit/2/0008.png,2,font,DancingScript-SemiBold
generated/images/DancingScript-SemiBold/digit/2/0009.png,2,font,DancingScript-SemiBold
generated/images/DancingScript-SemiBold/digit/2/0010.png,2,font,DancingScript-SemiBold
generated/images/DancingScript-SemiBold/digit/3/0001.png,3,font,DancingScript-SemiBold
generated/images/DancingScript-SemiBold/digit/3/0002.png,3,font,DancingScript-SemiBold
generated/images/DancingScript-SemiBold/digit/3/0003.png,3,font,DancingScript-SemiBold
generated/images/DancingScript-SemiBold/digit/3/0004.png,3,font,DancingScript-SemiBold
generated/images/DancingScript-SemiBold/digit/3/0005.png,3,font,DancingScript-SemiBold
generated/images/DancingScript-SemiBold/digit/3/0006.png,3,font,DancingScript-SemiBold
generated/images/DancingScript-SemiBold/digit/3/0007.png,3,font,DancingScript-SemiBold
generated/images/DancingScript-SemiBold/digit/3/0008.png,3,font,DancingScript-SemiBold
generated/images/DancingScript-SemiBold/digit/3/0009.png,3,font,DancingScript-SemiBold
generated/images/DancingScript-SemiBold/digit/3/0010.png,3,font,DancingScript-SemiBold
generated/images/DancingScript-SemiBold/digit/4/0001.png,4,font,DancingScript-SemiBold
generated/images/DancingScript-SemiBold/digit/4/0002.png,4,font,DancingScript-SemiBold
generated/images/DancingScript-SemiBold/digit/4/0003.png,4,font,DancingScript-SemiBold
generated/images/DancingScript-SemiBold/digit/4/0004.png,4,font,DancingScript-SemiBold
generated/images/DancingScript-SemiBold/digit/4/0005.png,4,font,DancingScript-SemiBold
generated/images/DancingScript-SemiBold/digit/4/0006.png,4,font,DancingScript-SemiBold
generated/images/DancingScript-SemiBold/digit/4/0007.png,4,font,DancingScript-SemiBold
generated/images/DancingScript-SemiBold/digit/4/0008.png,4,font,DancingScript-SemiBold
generated/images/DancingScript-SemiBold/digit/4/0009.png,4,font,DancingScript-SemiBold
generated/images/DancingScript-SemiBold/digit/4/0010.png,4,font,DancingScript-SemiBold
generated/images/DancingScript-SemiBold/digit/5/0001.png,5,font,DancingScript-SemiBold
generated/images/DancingScript-SemiBold/digit/5/0002.png,5,font,DancingScript-SemiBold
generated/images/DancingScript-SemiBold/digit/5/0003.png,5,font,DancingScript-SemiBold
generated/images/DancingScript-SemiBold/digit/5/0004.png,5,font,DancingScript-SemiBold
generated/images/DancingScript-SemiBold/digit/5/0005.png,5,font,DancingScript-SemiBold
generated/images/DancingScript-SemiBold/digit/5/0006.png,5,font,DancingScript-SemiBold
generated/images/DancingScript-SemiBold/digit/5/0007.png,5,font,DancingScript-SemiBold
generated/images/DancingScript-SemiBold/digit/5/0008.png,5,font,DancingScript-SemiBold
generated/images/DancingScript-SemiBold/digit/5/0009.png,5,font,DancingScript-SemiBold
generated/images/DancingScript-SemiBold/digit/5/0010.png,5,font,DancingScript-SemiBold
generated/images/DancingScript-SemiBold/digit/6/0001.png,6,font,DancingScript-SemiBold
generated/images/DancingScript-SemiBold/digit/6/0002.png,6,font,DancingScript-SemiBold
generated/images/DancingScript-SemiBold/digit/6/0003.png,6,font,DancingScript-SemiBold
generated/images/DancingScript-SemiBold/digit/6/0004.png,6,font,DancingScript-SemiBold
generated/images/DancingScript-SemiBold/digit/6/0005.png,6,font,DancingScript-SemiBold
generated/images/DancingScript-SemiBold/digit/6/0006.png,6,font,DancingScript-SemiBold
generated/images/DancingScript-SemiBold/digit/6/0007.png,6,font,DancingScript-SemiBold
generated/images/DancingScript-SemiBold/digit/6/0008.png,6,font,DancingScript-SemiBold
generated/images/DancingScript-SemiBold/digit/6/0009.png,6,font,DancingScript-SemiBold
generated/images/DancingScript-SemiBold/digit/6/0010.png,6,font,DancingScript-SemiBold
generated/images/DancingScript-SemiBold/digit/7/0001.png,7,font,DancingScript-SemiBold
generated/images/DancingScript-SemiBold/digit/7/0002.png,7,font,DancingScript-SemiBold
generated/images/DancingScript-SemiBold/digit/7/0003.png,7,font,DancingScript-SemiBold
generated/images/DancingScript-SemiBold/digit/7/0004.png,7,font,DancingScript-SemiBold
generated/images/DancingScript-SemiBold/digit/7/0005.png,7,font,DancingScript-SemiBold
generated/images/DancingScript-SemiBold/digit/7/0006.png,7,font,DancingScript-SemiBold
generated/images/DancingScript-SemiBold/digit/7/0007.png,7,font,DancingScript-SemiBold
generated/images/DancingScript-SemiBold/digit/7/0008.png,7,font,DancingScript-SemiBold
generated/images/DancingScript-SemiBold/digit/7/0009.png,7,font,DancingScript-SemiBold
generated/images/DancingScript-SemiBold/digit/7/0010.png,7,font,DancingScript-SemiBold
generated/images/DancingScript-SemiBold/digit/8/0001.png,8,font,DancingScript-SemiBold
generated/images/DancingScript-SemiBold/digit/8/0002.png,8,font,DancingScript-SemiBold
generated/images/DancingScript-SemiBold/digit/8/0003.png,8,font,DancingScript-SemiBold
generated/images/DancingScript-SemiBold/digit/8/0004.png,8,font,DancingScript-SemiBold
generated/images/DancingScript-SemiBold/digit/8/0005.png,8,font,DancingScript-SemiBold
generated/images/DancingScript-SemiBold/digit/8/0006.png,8,font,DancingScript-SemiBold
generated/images/DancingScript-SemiBold/digit/8/0007.png,8,font,DancingScript-SemiBold
generated/images/DancingScript-SemiBold/digit/8/0008.png,8,font,DancingScript-SemiBold
generated/images/DancingScript-SemiBold/digit/8/0009.png,8,font,DancingScript-SemiBold
generated/images/DancingScript-SemiBold/digit/8/0010.png,8,font,DancingScript-SemiBold
generated/images/DancingScript-SemiBold/digit/9/0001.png,9,font,DancingScript-SemiBold
generated/images/DancingScript-SemiBold/digit/9/0002.png,9,font,DancingScript-SemiBold
generated/images/DancingScript-SemiBold/digit/9/0003.png,9,font,DancingScript-SemiBold
generated/images/DancingScript-SemiBold/digit/9/0004.png,9,font,DancingScript-SemiBold
generated/images/DancingScript-SemiBold/digit/9/0005.png,9,font,DancingScript-SemiBold
generated/images/DancingScript-SemiBold/digit/9/0006.png,9,font,DancingScript-SemiBold
generated/images/DancingScript-SemiBold/digit/9/0007.png,9,font,DancingScript-SemiBold
generated/images/DancingScript-SemiBold/digit/9/0008.png,9,font,DancingScript-SemiBold
generated/images/DancingScript-SemiBold/digit/9/0009.png,9,font,DancingScript-SemiBold
generated/images/DancingScript-SemiBold/digit/9/0010.png,9,font,DancingScript-SemiBold
generated/images/DancingScript-SemiBold/upper/A/0001.png,A,font,DancingScript-SemiBold
generated/images/DancingScript-SemiBold/upper/A/0002.png,A,font,DancingScript-SemiBold
generated/images/DancingScript-SemiBold/upper/A/0003.png,A,font,DancingScript-SemiBold
generated/images/DancingScript-SemiBold/upper/A/0004.png,A,font,DancingScript-SemiBold
generated/images/DancingScript-SemiBold/upper/A/0005.png,A,font,DancingScript-SemiBold
generated/images/DancingScript-SemiBold/upper/A/0006.png,A,font,DancingScript-SemiBold
generated/images/DancingScript-SemiBold/upper/A/0007.png,A,font,DancingScript-SemiBold
generated/images/DancingScript-SemiBold/upper/A/0008.png,A,font,DancingScript-SemiBold
generated/images/DancingScript-SemiBold/upper/A/0009.png,A,font,DancingScript-SemiBold
generated/images/DancingScript-SemiBold/upper/A/0010.png,A,font,DancingScript-SemiBold
generated/images/DancingScript-SemiBold/upper/B/0001.png,B,font,DancingScript-SemiBold
generated/images/DancingScript-SemiBold/upper/B/0002.png,B,font,DancingScript-SemiBold
generated/images/DancingScript-SemiBold/upper/B/0003.png,B,font,DancingScript-SemiBold
generated/images/DancingScript-SemiBold/upper/B/0004.png,B,font,DancingScript-SemiBold
generated/images/DancingScript-SemiBold/upper/B/0005.png,B,font,DancingScript-SemiBold
generated/images/DancingScript-SemiBold/upper/B/0006.png,B,font,DancingScript-SemiBold
generated/images/DancingScript-SemiBold/upper/B/0007.png,B,font,DancingScript-SemiBold
generated/images/DancingScript-SemiBold/upper/B/0008.png,B,font,DancingScript-SemiBold
generated/images/DancingScript-SemiBold/upper/B/0009.png,B,font,DancingScript-SemiBold
generated/images/DancingScript-SemiBold/upper/B/0010.png,B,font,DancingScript-SemiBold
generated/images/DancingScript-SemiBold/upper/C/0001.png,C,font,DancingScript-SemiBold
generated/images/DancingScript-SemiBold/upper/C/0002.png,C,font,DancingScript-SemiBold
generated/images/DancingScript-SemiBold/upper/C/0003.png,C,font,DancingScript-SemiBold
generated/images/DancingScript-SemiBold/upper/C/0004.png,C,font,DancingScript-SemiBold
generated/images/DancingScript-SemiBold/upper/C/0005.png,C,font,DancingScript-SemiBold
generated/images/DancingScript-SemiBold/upper/C/0006.png,C,font,DancingScript-SemiBold
generated/images/DancingScript-SemiBold/upper/C/0007.png,C,font,DancingScript-SemiBold
generated/images/DancingScript-SemiBold/upper/C/0008.png,C,font,DancingScript-SemiBold
generated/images/DancingScript-SemiBold/upper/C/0009.png,C,font,DancingScript-SemiBold
generated/images/DancingScript-SemiBold/upper/C/0010.png,C,font,DancingScript-SemiBold
generated/images/DancingScript-SemiBold/upper/D/0001.png,D,font,DancingScript-SemiBold
generated/images/DancingScript-SemiBold/upper/D/0002.png,D,font,DancingScript-SemiBold
generated/images/DancingScript-SemiBold/upper/D/0003.png,D,font,DancingScript-SemiBold
generated/images/DancingScript-SemiBold/upper/D/0004.png,D,font,DancingScript-SemiBold
generated/images/DancingScript-SemiBold/upper/D/0005.png,D,font,DancingScript-SemiBold
generated/images/DancingScript-SemiBold/upper/D/0006.png,D,font,DancingScript-SemiBold
generated/images/DancingScript-SemiBold/upper/D/0007.png,D,font,DancingScript-SemiBold
generated/images/DancingScript-SemiBold/upper/D/0008.png,D,font,DancingScript-SemiBold
generated/images/DancingScript-SemiBold/upper/D/0009.png,D,font,DancingScript-SemiBold
generated/images/DancingScript-SemiBold/upper/D/0010.png,D,font,DancingScript-SemiBold
generated/images/DancingScript-SemiBold/upper/E/0001.png,E,font,DancingScript-SemiBold
generated/images/DancingScript-SemiBold/upper/E/0002.png,E,font,DancingScript-SemiBold
generated/images/DancingScript-SemiBold/upper/E/0003.png,E,font,DancingScript-SemiBold
generated/images/DancingScript-SemiBold/upper/E/0004.png,E,font,DancingScript-SemiBold
generated/images/DancingScript-SemiBold/upper/E/0005.png,E,font,DancingScript-SemiBold
generated/images/DancingScript-SemiBold/upper/E/0006.png,E,font,DancingScript-SemiBold
generated/images/DancingScript-SemiBold/upper/E/0007.png,E,font,DancingScript-SemiBold
generated/images/DancingScript-SemiBold/upper/E/0008.png,E,font,DancingScript-SemiBold
generated/images/DancingScript-SemiBold/upper/E/0009.png,E,font,DancingScript-SemiBold
generated/images/DancingScript-SemiBold/upper/E/0010.png,E,font,DancingScript-SemiBold
generated/images/DancingScript-SemiBold/upper/F/0001.png,F,font,DancingScript-SemiBold
generated/images/DancingScript-SemiBold/upper/F/0002.png,F,font,DancingScript-SemiBold
generated/images/DancingScript-SemiBold/upper/F/0003.png,F,font,DancingScript-SemiBold
generated/images/DancingScript-SemiBold/upper/F/0004.png,F,font,DancingScript-SemiBold
generated/images/DancingScript-SemiBold/upper/F/0005.png,F,font,DancingScript-SemiBold
generated/images/DancingScript-SemiBold/upper/F/0006.png,F,font,DancingScript-SemiBold
generated/images/DancingScript-SemiBold/upper/F/0007.png,F,font,DancingScript-SemiBold
generated/images/DancingScript-SemiBold/upper/F/0008.png,F,font,DancingScript-SemiBold
generated/images/DancingScript-SemiBold/upper/F/0009.png,F,font,DancingScript-SemiBold
generated/images/DancingScript-SemiBold/upper/F/0010.png,F,font,DancingScript-SemiBold
generated/images/DancingScript-SemiBold/upper/G/0001.png,G,font,DancingScript-SemiBold
generated/images/DancingScript-SemiBold/upper/G/0002.png,G,font,DancingScript-SemiBold
generated/images/DancingScript-SemiBold/upper/G/0003.png,G,font,DancingScript-SemiBold
generated/images/DancingScript-SemiBold/upper/G/0004.png,G,font,DancingScript-SemiBold
generated/images/DancingScript-SemiBold/upper/G/0005.png,G,font,DancingScript-SemiBold
generated/images/DancingScript-SemiBold/upper/G/0006.png,G,font,DancingScript-SemiBold
generated/images/DancingScript-SemiBold/upper/G/0007.png,G,font,DancingScript-SemiBold
generated/images/DancingScript-SemiBold/upper/G/0008.png,G,font,DancingScript-SemiBold
generated/images/DancingScript-SemiBold/upper/G/0009.png,G,font,DancingScript-SemiBold
generated/images/DancingScript-SemiBold/upper/G/0010.png,G,font,DancingScript-SemiBold
generated/images/DancingScript-SemiBold/upper/H/0001.png,H,font,DancingScript-SemiBold
generated/images/DancingScript-SemiBold/upper/H/0002.png,H,font,DancingScript-SemiBold
generated/images/DancingScript-SemiBold/upper/H/0003.png,H,font,DancingScript-SemiBold
generated/images/DancingScript-SemiBold/upper/H/0004.png,H,font,DancingScript-SemiBold
generated/images/DancingScript-SemiBold/upper/H/0005.png,H,font,DancingScript-SemiBold
generated/images/DancingScript-SemiBold/upper/H/0006.png,H,font,DancingScript-SemiBold
generated/images/DancingScript-SemiBold/upper/H/0007.png,H,font,DancingScript-SemiBold
generated/images/DancingScript-SemiBold/upper/H/0008.png,H,font,DancingScript-SemiBold
generated/images/DancingScript-SemiBold/upper/H/0009.png,H,font,DancingScript-SemiBold
generated/images/DancingScript-SemiBold/upper/H/0010.png,H,font,DancingScript-SemiBold
generated/images/DancingScript-SemiBold/upper/I/0001.png,I,font,DancingScript-SemiBold
generated/images/DancingScript-SemiBold/upper/I/0002.png,I,font,DancingScript-SemiBold
generated/images/DancingScript-SemiBold/upper/I/0003.png,I,font,DancingScript-SemiBold
generated/images/DancingScript-SemiBold/upper/I/0004.png,I,font,DancingScript-SemiBold
generated/images/DancingScript-SemiBold/upper/I/0005.png,I,font,DancingScript-SemiBold
generated/images/DancingScript-SemiBold/upper/I/0006.png,I,font,DancingScript-SemiBold
generated/images/DancingScript-SemiBold/upper/I/0007.png,I,font,DancingScript-SemiBold
generated/images/DancingScript-SemiBold/upper/I/0008.png,I,font,DancingScript-SemiBold
generated/images/DancingScript-SemiBold/upper/I/0009.png,I,font,DancingScript-SemiBold
generated/images/DancingScript-SemiBold/upper/I/0010.png,I,font,DancingScript-SemiBold
generated/images/DancingScript-SemiBold/upper/J/0001.png,J,font,DancingScript-SemiBold
generated/images/DancingScript-SemiBold/upper/J/0002.png,J,font,DancingScript-SemiBold
generated/images/DancingScript-SemiBold/upper/J/0003.png,J,font,DancingScript-SemiBold
generated/images/DancingScript-SemiBold/upper/J/0004.png,J,font,DancingScript-SemiBold
generated/images/DancingScript-SemiBold/upper/J/0005.png,J,font,DancingScript-SemiBold
generated/images/DancingScript-SemiBold/upper/J/0006.png,J,font,DancingScript-SemiBold
generated/images/DancingScript-SemiBold/upper/J/0007.png,J,font,DancingScript-SemiBold
generated/images/DancingScript-SemiBold/upper/J/0008.png,J,font,DancingScript-SemiBold
generated/images/DancingScript-SemiBold/upper/J/0009.png,J,font,DancingScript-SemiBold
generated/images/DancingScript-SemiBold/upper/J/0010.png,J,font,DancingScript-SemiBold
generated/images/DancingScript-SemiBold/upper/K/0001.png,K,font,DancingScript-SemiBold
generated/images/DancingScript-SemiBold/upper/K/0002.png,K,font,DancingScript-SemiBold
generated/images/DancingScript-SemiBold/upper/K/0003.png,K,font,DancingScript-SemiBold
generated/images/DancingScript-SemiBold/upper/K/0004.png,K,font,DancingScript-SemiBold
generated/images/DancingScript-SemiBold/upper/K/0005.png,K,font,DancingScript-SemiBold
generated/images/DancingScript-SemiBold/upper/K/0006.png,K,font,DancingScript-SemiBold
generated/images/DancingScript-SemiBold/upper/K/0007.png,K,font,DancingScript-SemiBold
generated/images/DancingScript-SemiBold/upper/K/0008.png,K,font,DancingScript-SemiBold
generated/images/DancingScript-SemiBold/upper/K/0009.png,K,font,DancingScript-SemiBold
generated/images/DancingScript-SemiBold/upper/K/0010.png,K,font,DancingScript-SemiBold
generated/images/DancingScript-SemiBold/upper/L/0001.png,L,font,DancingScript-SemiBold
generated/images/DancingScript-SemiBold/upper/L/0002.png,L,font,DancingScript-SemiBold
generated/images/DancingScript-SemiBold/upper/L/0003.png,L,font,DancingScript-SemiBold
generated/images/DancingScript-SemiBold/upper/L/0004.png,L,font,DancingScript-SemiBold
generated/images/DancingScript-SemiBold/upper/L/0005.png,L,font,DancingScript-SemiBold
generated/images/DancingScript-SemiBold/upper/L/0006.png,L,font,DancingScript-SemiBold
generated/images/DancingScript-SemiBold/upper/L/0007.png,L,font,DancingScript-SemiBold
generated/images/DancingScript-SemiBold/upper/L/0008.png,L,font,DancingScript-SemiBold
generated/images/DancingScript-SemiBold/upper/L/0009.png,L,font,DancingScript-SemiBold
generated/images/DancingScript-SemiBold/upper/L/0010.png,L,font,DancingScript-SemiBold
generated/images/DancingScript-SemiBold/upper/M/0001.png,M,font,DancingScript-SemiBold
generated/images/DancingScript-SemiBold/upper/M/0002.png,M,font,DancingScript-SemiBold
generated/images/DancingScript-SemiBold/upper/M/0003.png,M,font,DancingScript-SemiBold
generated/images/DancingScript-SemiBold/upper/M/0004.png,M,font,DancingScript-SemiBold
generated/images/DancingScript-SemiBold/upper/M/0005.png,M,font,DancingScript-SemiBold
generated/images/DancingScript-SemiBold/upper/M/0006.png,M,font,DancingScript-SemiBold
generated/images/DancingScript-SemiBold/upper/M/0007.png,M,font,DancingScript-SemiBold
generated/images/DancingScript-SemiBold/upper/M/0008.png,M,font,DancingScript-SemiBold
generated/images/DancingScript-SemiBold/upper/M/0009.png,M,font,DancingScript-SemiBold
generated/images/DancingScript-SemiBold/upper/M/0010.png,M,font,DancingScript-SemiBold
generated/images/DancingScript-SemiBold/upper/N/0001.png,N,font,DancingScript-SemiBold
generated/images/DancingScript-SemiBold/upper/N/0002.png,N,font,DancingScript-SemiBold
generated/images/DancingScript-SemiBold/upper/N/0003.png,N,font,DancingScript-SemiBold
generated/images/DancingScript-SemiBold/upper/N/0004.png,N,font,DancingScript-SemiBold
generated/images/DancingScript-SemiBold/upper/N/0005.png,N,font,DancingScript-SemiBold
generated/images/DancingScript-SemiBold/upper/N/0006.png,N,font,DancingScript-SemiBold
generated/images/DancingScript-SemiBold/upper/N/0007.png,N,font,DancingScript-SemiBold
generated/images/DancingScript-SemiBold/upper/N/0008.png,N,font,DancingScript-SemiBold
generated/images/DancingScript-SemiBold/upper/N/0009.png,N,font,DancingScript-SemiBold
generated/images/DancingScript-SemiBold/upper/N/0010.png,N,font,DancingScript-SemiBold
generated/images/DancingScript-SemiBold/upper/O/0001.png,O,font,DancingScript-SemiBold
generated/images/DancingScript-SemiBold/upper/O/0002.png,O,font,DancingScript-SemiBold
generated/images/DancingScript-SemiBold/upper/O/0003.png,O,font,DancingScript-SemiBold
generated/images/DancingScript-SemiBold/upper/O/0004.png,O,font,DancingScript-SemiBold
generated/images/DancingScript-SemiBold/upper/O/0005.png,O,font,DancingScript-SemiBold
generated/images/DancingScript-SemiBold/upper/O/0006.png,O,font,DancingScript-SemiBold
generated/images/DancingScript-SemiBold/upper/O/0007.png,O,font,DancingScript-SemiBold
generated/images/DancingScript-SemiBold/upper/O/0008.png,O,font,DancingScript-SemiBold
generated/images/DancingScript-SemiBold/upper/O/0009.png,O,font,DancingScript-SemiBold
generated/images/DancingScript-SemiBold/upper/O/0010.png,O,font,DancingScript-SemiBold
generated/images/DancingScript-SemiBold/upper/P/0001.png,P,font,DancingScript-SemiBold
generated/images/DancingScript-SemiBold/upper/P/0002.png,P,font,DancingScript-SemiBold
generated/images/DancingScript-SemiBold/upper/P/0003.png,P,font,DancingScript-SemiBold
generated/images/DancingScript-SemiBold/upper/P/0004.png,P,font,DancingScript-SemiBold
generated/images/DancingScript-SemiBold/upper/P/0005.png,P,font,DancingScript-SemiBold
generated/images/DancingScript-SemiBold/upper/P/0006.png,P,font,DancingScript-SemiBold
generated/images/DancingScript-SemiBold/upper/P/0007.png,P,font,DancingScript-SemiBold
generated/images/DancingScript-SemiBold/upper/P/0008.png,P,font,DancingScript-SemiBold
generated/images/DancingScript-SemiBold/upper/P/0009.png,P,font,DancingScript-SemiBold
generated/images/DancingScript-SemiBold/upper/P/0010.png,P,font,DancingScript-SemiBold
generated/images/DancingScript-SemiBold/upper/Q/0001.png,Q,font,DancingScript-SemiBold
generated/images/DancingScript-SemiBold/upper/Q/0002.png,Q,font,DancingScript-SemiBold
generated/images/DancingScript-SemiBold/upper/Q/0003.png,Q,font,DancingScript-SemiBold
generated/images/DancingScript-SemiBold/upper/Q/0004.png,Q,font,DancingScript-SemiBold
generated/images/DancingScript-SemiBold/upper/Q/0005.png,Q,font,DancingScript-SemiBold
generated/images/DancingScript-SemiBold/upper/Q/0006.png,Q,font,DancingScript-SemiBold
generated/images/DancingScript-SemiBold/upper/Q/0007.png,Q,font,DancingScript-SemiBold
generated/images/DancingScript-SemiBold/upper/Q/0008.png,Q,font,DancingScript-SemiBold
generated/images/DancingScript-SemiBold/upper/Q/0009.png,Q,font,DancingScript-SemiBold
generated/images/DancingScript-SemiBold/upper/Q/0010.png,Q,font,DancingScript-SemiBold
generated/images/DancingScript-SemiBold/upper/R/0001.png,R,font,DancingScript-SemiBold
generated/images/DancingScript-SemiBold/upper/R/0002.png,R,font,DancingScript-SemiBold
generated/images/DancingScript-SemiBold/upper/R/0003.png,R,font,DancingScript-SemiBold
generated/images/DancingScript-SemiBold/upper/R/0004.png,R,font,DancingScript-SemiBold
generated/images/DancingScript-SemiBold/upper/R/0005.png,R,font,DancingScript-SemiBold
generated/images/DancingScript-SemiBold/upper/R/0006.png,R,font,DancingScript-SemiBold
generated/images/DancingScript-SemiBold/upper/R/0007.png,R,font,DancingScript-SemiBold
generated/images/DancingScript-SemiBold/upper/R/0008.png,R,font,DancingScript-SemiBold
generated/images/DancingScript-SemiBold/upper/R/0009.png,R,font,DancingScript-SemiBold
generated/images/DancingScript-SemiBold/upper/R/0010.png,R,font,DancingScript-SemiBold
generated/images/DancingScript-SemiBold/upper/S/0001.png,S,font,DancingScript-SemiBold
generated/images/DancingScript-SemiBold/upper/S/0002.png,S,font,DancingScript-SemiBold
generated/images/DancingScript-SemiBold/upper/S/0003.png,S,font,DancingScript-SemiBold
generated/images/DancingScript-SemiBold/upper/S/0004.png,S,font,DancingScript-SemiBold
generated/images/DancingScript-SemiBold/upper/S/0005.png,S,font,DancingScript-SemiBold
generated/images/DancingScript-SemiBold/upper/S/0006.png,S,font,DancingScript-SemiBold
generated/images/DancingScript-SemiBold/upper/S/0007.png,S,font,DancingScript-SemiBold
generated/images/DancingScript-SemiBold/upper/S/0008.png,S,font,DancingScript-SemiBold
generated/images/DancingScript-SemiBold/upper/S/0009.png,S,font,DancingScript-SemiBold
generated/images/DancingScript-SemiBold/upper/S/0010.png,S,font,DancingScript-SemiBold
generated/images/DancingScript-SemiBold/upper/T/0001.png,T,font,DancingScript-SemiBold
generated/images/DancingScript-SemiBold/upper/T/0002.png,T,font,DancingScript-SemiBold
generated/images/DancingScript-SemiBold/upper/T/0003.png,T,font,DancingScript-SemiBold
generated/images/DancingScript-SemiBold/upper/T/0004.png,T,font,DancingScript-SemiBold
generated/images/DancingScript-SemiBold/upper/T/0005.png,T,font,DancingScript-SemiBold
generated/images/DancingScript-SemiBold/upper/T/0006.png,T,font,DancingScript-SemiBold
generated/images/DancingScript-SemiBold/upper/T/0007.png,T,font,DancingScript-SemiBold
generated/images/DancingScript-SemiBold/upper/T/0008.png,T,font,DancingScript-SemiBold
generated/images/DancingScript-SemiBold/upper/T/0009.png,T,font,DancingScript-SemiBold
generated/images/DancingScript-SemiBold/upper/T/0010.png,T,font,DancingScript-SemiBold
generated/images/DancingScript-SemiBold/upper/U/0001.png,U,font,DancingScript-SemiBold
generated/images/DancingScript-SemiBold/upper/U/0002.png,U,font,DancingScript-SemiBold
generated/images/DancingScript-SemiBold/upper/U/0003.png,U,font,DancingScript-SemiBold
generated/images/DancingScript-SemiBold/upper/U/0004.png,U,font,DancingScript-SemiBold
generated/images/DancingScript-SemiBold/upper/U/0005.png,U,font,DancingScript-SemiBold
generated/images/DancingScript-SemiBold/upper/U/0006.png,U,font,DancingScript-SemiBold
generated/images/DancingScript-SemiBold/upper/U/0007.png,U,font,DancingScript-SemiBold
generated/images/DancingScript-SemiBold/upper/U/0008.png,U,font,DancingScript-SemiBold
generated/images/DancingScript-SemiBold/upper/U/0009.png,U,font,DancingScript-SemiBold
generated/images/DancingScript-SemiBold/upper/U/0010.png,U,font,DancingScript-SemiBold
generated/images/DancingScript-SemiBold/upper/V/0001.png,V,font,DancingScript-SemiBold
generated/images/DancingScript-SemiBold/upper/V/0002.png,V,font,DancingScript-SemiBold
generated/images/DancingScript-SemiBold/upper/V/0003.png,V,font,DancingScript-SemiBold
generated/images/DancingScript-SemiBold/upper/V/0004.png,V,font,DancingScript-SemiBold
generated/images/DancingScript-SemiBold/upper/V/0005.png,V,font,DancingScript-SemiBold
generated/images/DancingScript-SemiBold/upper/V/0006.png,V,font,DancingScript-SemiBold
generated/images/DancingScript-SemiBold/upper/V/0007.png,V,font,DancingScript-SemiBold
generated/images/DancingScript-SemiBold/upper/V/0008.png,V,font,DancingScript-SemiBold
generated/images/DancingScript-SemiBold/upper/V/0009.png,V,font,DancingScript-SemiBold
generated/images/DancingScript-SemiBold/upper/V/0010.png,V,font,DancingScript-SemiBold
generated/images/DancingScript-SemiBold/upper/W/0001.png,W,font,DancingScript-SemiBold
generated/images/DancingScript-SemiBold/upper/W/0002.png,W,font,DancingScript-SemiBold
generated/images/DancingScript-SemiBold/upper/W/0003.png,W,font,DancingScript-SemiBold
generated/images/DancingScript-SemiBold/upper/W/0004.png,W,font,DancingScript-SemiBold
generated/images/DancingScript-SemiBold/upper/W/0005.png,W,font,DancingScript-SemiBold
generated/images/DancingScript-SemiBold/upper/W/0006.png,W,font,DancingScript-SemiBold
generated/images/DancingScript-SemiBold/upper/W/0007.png,W,font,DancingScript-SemiBold
generated/images/DancingScript-SemiBold/upper/W/0008.png,W,font,DancingScript-SemiBold
generated/images/DancingScript-SemiBold/upper/W/0009.png,W,font,DancingScript-SemiBold
generated/images/DancingScript-SemiBold/upper/W/0010.png,W,font,DancingScript-SemiBold
generated/images/DancingScript-SemiBold/upper/X/0001.png,X,font,DancingScript-SemiBold
generated/images/DancingScript-SemiBold/upper/X/0002.png,X,font,DancingScript-SemiBold
generated/images/DancingScript-SemiBold/upper/X/0003.png,X,font,DancingScript-SemiBold
generated/images/DancingScript-SemiBold/upper/X/0004.png,X,font,DancingScript-SemiBold
generated/images/DancingScript-SemiBold/upper/X/0005.png,X,font,DancingScript-SemiBold
generated/images/DancingScript-SemiBold/upper/X/0006.png,X,font,DancingScript-SemiBold
generated/images/DancingScript-SemiBold/upper/X/0007.png,X,font,DancingScript-SemiBold
generated/images/DancingScript-SemiBold/upper/X/0008.png,X,font,DancingScript-SemiBold
generated/images/DancingScript-SemiBold/upper/X/0009.png,X,font,DancingScript-SemiBold
generated/images/DancingScript-SemiBold/upper/X/0010.png,X,font,DancingScript-SemiBold
generated/images/DancingScript-SemiBold/upper/Y/0001.png,Y,font,DancingScript-SemiBold
generated/images/DancingScript-SemiBold/upper/Y/0002.png,Y,font,DancingScript-SemiBold
generated/images/DancingScript-SemiBold/upper/Y/0003.png,Y,font,DancingScript-SemiBold
generated/images/DancingScript-SemiBold/upper/Y/0004.png,Y,font,DancingScript-SemiBold
generated/images/DancingScript-SemiBold/upper/Y/0005.png,Y,font,DancingScript-SemiBold
generated/images/DancingScript-SemiBold/upper/Y/0006.png,Y,font,DancingScript-SemiBold
generated/images/DancingScript-SemiBold/upper/Y/0007.png,Y,font,DancingScript-SemiBold
generated/images/DancingScript-SemiBold/upper/Y/0008.png,Y,font,DancingScript-SemiBold
generated/images/DancingScript-SemiBold/upper/Y/0009.png,Y,font,DancingScript-SemiBold
generated/images/DancingScript-SemiBold/upper/Y/0010.png,Y,font,DancingScript-SemiBold
generated/images/DancingScript-SemiBold/upper/Z/0001.png,Z,font,DancingScript-SemiBold
generated/images/DancingScript-SemiBold/upper/Z/0002.png,Z,font,DancingScript-SemiBold
generated/images/DancingScript-SemiBold/upper/Z/0003.png,Z,font,DancingScript-SemiBold
generated/images/DancingScript-SemiBold/upper/Z/0004.png,Z,font,DancingScript-SemiBold
generated/images/DancingScript-SemiBold/upper/Z/0005.png,Z,font,DancingScript-SemiBold
generated/images/DancingScript-SemiBold/upper/Z/0006.png,Z,font,DancingScript-SemiBold
generated/images/DancingScript-SemiBold/upper/Z/0007.png,Z,font,DancingScript-SemiBold
generated/images/DancingScript-SemiBold/upper/Z/0008.png,Z,font,DancingScript-SemiBold
generated/images/DancingScript-SemiBold/upper/Z/0009.png,Z,font,DancingScript-SemiBold
generated/images/DancingScript-SemiBold/upper/Z/0010.png,Z,font,DancingScript-SemiBold
generated/images/DancingScript-SemiBold/lower/a/0001.png,a,font,DancingScript-SemiBold
generated/images/DancingScript-SemiBold/lower/a/0002.png,a,font,DancingScript-SemiBold
generated/images/DancingScript-SemiBold/lower/a/0003.png,a,font,DancingScript-SemiBold
generated/images/DancingScript-SemiBold/lower/a/0004.png,a,font,DancingScript-SemiBold
generated/images/DancingScript-SemiBold/lower/a/0005.png,a,font,DancingScript-SemiBold
generated/images/DancingScript-SemiBold/lower/a/0006.png,a,font,DancingScript-SemiBold
generated/images/DancingScript-SemiBold/lower/a/0007.png,a,font,DancingScript-SemiBold
generated/images/DancingScript-SemiBold/lower/a/0008.png,a,font,DancingScript-SemiBold
generated/images/DancingScript-SemiBold/lower/a/0009.png,a,font,DancingScript-SemiBold
generated/images/DancingScript-SemiBold/lower/a/0010.png,a,font,DancingScript-SemiBold
generated/images/DancingScript-SemiBold/lower/b/0001.png,b,font,DancingScript-SemiBold
generated/images/DancingScript-SemiBold/lower/b/0002.png,b,font,DancingScript-SemiBold
generated/images/DancingScript-SemiBold/lower/b/0003.png,b,font,DancingScript-SemiBold
generated/images/DancingScript-SemiBold/lower/b/0004.png,b,font,DancingScript-SemiBold
generated/images/DancingScript-SemiBold/lower/b/0005.png,b,font,DancingScript-SemiBold
generated/images/DancingScript-SemiBold/lower/b/0006.png,b,font,DancingScript-SemiBold
generated/images/DancingScript-SemiBold/lower/b/0007.png,b,font,DancingScript-SemiBold
generated/images/DancingScript-SemiBold/lower/b/0008.png,b,font,DancingScript-SemiBold
generated/images/DancingScript-SemiBold/lower/b/0009.png,b,font,DancingScript-SemiBold
generated/images/DancingScript-SemiBold/lower/b/0010.png,b,font,DancingScript-SemiBold
generated/images/DancingScript-SemiBold/lower/c/0001.png,c,font,DancingScript-SemiBold
generated/images/DancingScript-SemiBold/lower/c/0002.png,c,font,DancingScript-SemiBold
generated/images/DancingScript-SemiBold/lower/c/0003.png,c,font,DancingScript-SemiBold
generated/images/DancingScript-SemiBold/lower/c/0004.png,c,font,DancingScript-SemiBold
generated/images/DancingScript-SemiBold/lower/c/0005.png,c,font,DancingScript-SemiBold
generated/images/DancingScript-SemiBold/lower/c/0006.png,c,font,DancingScript-SemiBold
generated/images/DancingScript-SemiBold/lower/c/0007.png,c,font,DancingScript-SemiBold
generated/images/DancingScript-SemiBold/lower/c/0008.png,c,font,DancingScript-SemiBold
generated/images/DancingScript-SemiBold/lower/c/0009.png,c,font,DancingScript-SemiBold
generated/images/DancingScript-SemiBold/lower/c/0010.png,c,font,DancingScript-SemiBold
generated/images/DancingScript-SemiBold/lower/d/0001.png,d,font,DancingScript-SemiBold
generated/images/DancingScript-SemiBold/lower/d/0002.png,d,font,DancingScript-SemiBold
generated/images/DancingScript-SemiBold/lower/d/0003.png,d,font,DancingScript-SemiBold
generated/images/DancingScript-SemiBold/lower/d/0004.png,d,font,DancingScript-SemiBold
generated/images/DancingScript-SemiBold/lower/d/0005.png,d,font,DancingScript-SemiBold
generated/images/DancingScript-SemiBold/lower/d/0006.png,d,font,DancingScript-SemiBold
generated/images/DancingScript-SemiBold/lower/d/0007.png,d,font,DancingScript-SemiBold
generated/images/DancingScript-SemiBold/lower/d/0008.png,d,font,DancingScript-SemiBold
generated/images/DancingScript-SemiBold/lower/d/0009.png,d,font,DancingScript-SemiBold
generated/images/DancingScript-SemiBold/lower/d/0010.png,d,font,DancingScript-SemiBold
generated/images/DancingScript-SemiBold/lower/e/0001.png,e,font,DancingScript-SemiBold
generated/images/DancingScript-SemiBold/lower/e/0002.png,e,font,DancingScript-SemiBold
generated/images/DancingScript-SemiBold/lower/e/0003.png,e,font,DancingScript-SemiBold
generated/images/DancingScript-SemiBold/lower/e/0004.png,e,font,DancingScript-SemiBold
generated/images/DancingScript-SemiBold/lower/e/0005.png,e,font,DancingScript-SemiBold
generated/images/DancingScript-SemiBold/lower/e/0006.png,e,font,DancingScript-SemiBold
generated/images/DancingScript-SemiBold/lower/e/0007.png,e,font,DancingScript-SemiBold
generated/images/DancingScript-SemiBold/lower/e/0008.png,e,font,DancingScript-SemiBold
generated/images/DancingScript-SemiBold/lower/e/0009.png,e,font,DancingScript-SemiBold
generated/images/DancingScript-SemiBold/lower/e/0010.png,e,font,DancingScript-SemiBold
generated/images/DancingScript-SemiBold/lower/f/0001.png,f,font,DancingScript-SemiBold
generated/images/DancingScript-SemiBold/lower/f/0002.png,f,font,DancingScript-SemiBold
generated/images/DancingScript-SemiBold/lower/f/0003.png,f,font,DancingScript-SemiBold
generated/images/DancingScript-SemiBold/lower/f/0004.png,f,font,DancingScript-SemiBold
generated/images/DancingScript-SemiBold/lower/f/0005.png,f,font,DancingScript-SemiBold
generated/images/DancingScript-SemiBold/lower/f/0006.png,f,font,DancingScript-SemiBold
generated/images/DancingScript-SemiBold/lower/f/0007.png,f,font,DancingScript-SemiBold
generated/images/DancingScript-SemiBold/lower/f/0008.png,f,font,DancingScript-SemiBold
generated/images/DancingScript-SemiBold/lower/f/0009.png,f,font,DancingScript-SemiBold
generated/images/DancingScript-SemiBold/lower/f/0010.png,f,font,DancingScript-SemiBold
generated/images/DancingScript-SemiBold/lower/g/0001.png,g,font,DancingScript-SemiBold
generated/images/DancingScript-SemiBold/lower/g/0002.png,g,font,DancingScript-SemiBold
generated/images/DancingScript-SemiBold/lower/g/0003.png,g,font,DancingScript-SemiBold
generated/images/DancingScript-SemiBold/lower/g/0004.png,g,font,DancingScript-SemiBold
generated/images/DancingScript-SemiBold/lower/g/0005.png,g,font,DancingScript-SemiBold
generated/images/DancingScript-SemiBold/lower/g/0006.png,g,font,DancingScript-SemiBold
generated/images/DancingScript-SemiBold/lower/g/0007.png,g,font,DancingScript-SemiBold
generated/images/DancingScript-SemiBold/lower/g/0008.png,g,font,DancingScript-SemiBold
generated/images/DancingScript-SemiBold/lower/g/0009.png,g,font,DancingScript-SemiBold
generated/images/DancingScript-SemiBold/lower/g/0010.png,g,font,DancingScript-SemiBold
generated/images/DancingScript-SemiBold/lower/h/0001.png,h,font,DancingScript-SemiBold
generated/images/DancingScript-SemiBold/lower/h/0002.png,h,font,DancingScript-SemiBold
generated/images/DancingScript-SemiBold/lower/h/0003.png,h,font,DancingScript-SemiBold
generated/images/DancingScript-SemiBold/lower/h/0004.png,h,font,DancingScript-SemiBold
generated/images/DancingScript-SemiBold/lower/h/0005.png,h,font,DancingScript-SemiBold
generated/images/DancingScript-SemiBold/lower/h/0006.png,h,font,DancingScript-SemiBold
generated/images/DancingScript-SemiBold/lower/h/0007.png,h,font,DancingScript-SemiBold
generated/images/DancingScript-SemiBold/lower/h/0008.png,h,font,DancingScript-SemiBold
generated/images/DancingScript-SemiBold/lower/h/0009.png,h,font,DancingScript-SemiBold
generated/images/DancingScript-SemiBold/lower/h/0010.png,h,font,DancingScript-SemiBold
generated/images/DancingScript-SemiBold/lower/i/0001.png,i,font,DancingScript-SemiBold
generated/images/DancingScript-SemiBold/lower/i/0002.png,i,font,DancingScript-SemiBold
generated/images/DancingScript-SemiBold/lower/i/0003.png,i,font,DancingScript-SemiBold
generated/images/DancingScript-SemiBold/lower/i/0004.png,i,font,DancingScript-SemiBold
generated/images/DancingScript-SemiBold/lower/i/0005.png,i,font,DancingScript-SemiBold
generated/images/DancingScript-SemiBold/lower/i/0006.png,i,font,DancingScript-SemiBold
generated/images/DancingScript-SemiBold/lower/i/0007.png,i,font,DancingScript-SemiBold
generated/images/DancingScript-SemiBold/lower/i/0008.png,i,font,DancingScript-SemiBold
generated/images/DancingScript-SemiBold/lower/i/0009.png,i,font,DancingScript-SemiBold
generated/images/DancingScript-SemiBold/lower/i/0010.png,i,font,DancingScript-SemiBold
generated/images/DancingScript-SemiBold/lower/j/0001.png,j,font,DancingScript-SemiBold
generated/images/DancingScript-SemiBold/lower/j/0002.png,j,font,DancingScript-SemiBold
generated/images/DancingScript-SemiBold/lower/j/0003.png,j,font,DancingScript-SemiBold
generated/images/DancingScript-SemiBold/lower/j/0004.png,j,font,DancingScript-SemiBold
generated/images/DancingScript-SemiBold/lower/j/0005.png,j,font,DancingScript-SemiBold
generated/images/DancingScript-SemiBold/lower/j/0006.png,j,font,DancingScript-SemiBold
generated/images/DancingScript-SemiBold/lower/j/0007.png,j,font,DancingScript-SemiBold
generated/images/DancingScript-SemiBold/lower/j/0008.png,j,font,DancingScript-SemiBold
generated/images/DancingScript-SemiBold/lower/j/0009.png,j,font,DancingScript-SemiBold
generated/images/DancingScript-SemiBold/lower/j/0010.png,j,font,DancingScript-SemiBold
generated/images/DancingScript-SemiBold/lower/k/0001.png,k,font,DancingScript-SemiBold
generated/images/DancingScript-SemiBold/lower/k/0002.png,k,font,DancingScript-SemiBold
generated/images/DancingScript-SemiBold/lower/k/0003.png,k,font,DancingScript-SemiBold
generated/images/DancingScript-SemiBold/lower/k/0004.png,k,font,DancingScript-SemiBold
generated/images/DancingScript-SemiBold/lower/k/0005.png,k,font,DancingScript-SemiBold
generated/images/DancingScript-SemiBold/lower/k/0006.png,k,font,DancingScript-SemiBold
generated/images/DancingScript-SemiBold/lower/k/0007.png,k,font,DancingScript-SemiBold
generated/images/DancingScript-SemiBold/lower/k/0008.png,k,font,DancingScript-SemiBold
generated/images/DancingScript-SemiBold/lower/k/0009.png,k,font,DancingScript-SemiBold
generated/images/DancingScript-SemiBold/lower/k/0010.png,k,font,DancingScript-SemiBold
generated/images/DancingScript-SemiBold/lower/l/0001.png,l,font,DancingScript-SemiBold
generated/images/DancingScript-SemiBold/lower/l/0002.png,l,font,DancingScript-SemiBold
generated/images/DancingScript-SemiBold/lower/l/0003.png,l,font,DancingScript-SemiBold
generated/images/DancingScript-SemiBold/lower/l/0004.png,l,font,DancingScript-SemiBold
generated/images/DancingScript-SemiBold/lower/l/0005.png,l,font,DancingScript-SemiBold
generated/images/DancingScript-SemiBold/lower/l/0006.png,l,font,DancingScript-SemiBold
generated/images/DancingScript-SemiBold/lower/l/0007.png,l,font,DancingScript-SemiBold
generated/images/DancingScript-SemiBold/lower/l/0008.png,l,font,DancingScript-SemiBold
generated/images/DancingScript-SemiBold/lower/l/0009.png,l,font,DancingScript-SemiBold
generated/images/DancingScript-SemiBold/lower/l/0010.png,l,font,DancingScript-SemiBold
generated/images/DancingScript-SemiBold/lower/m/0001.png,m,font,DancingScript-SemiBold
generated/images/DancingScript-SemiBold/lower/m/0002.png,m,font,DancingScript-SemiBold
generated/images/DancingScript-SemiBold/lower/m/0003.png,m,font,DancingScript-SemiBold
generated/images/DancingScript-SemiBold/lower/m/0004.png,m,font,DancingScript-SemiBold
generated/images/DancingScript-SemiBold/lower/m/0005.png,m,font,DancingScript-SemiBold
generated/images/DancingScript-SemiBold/lower/m/0006.png,m,font,DancingScript-SemiBold
generated/images/DancingScript-SemiBold/lower/m/0007.png,m,font,DancingScript-SemiBold
generated/images/DancingScript-SemiBold/lower/m/0008.png,m,font,DancingScript-SemiBold
generated/images/DancingScript-SemiBold/lower/m/0009.png,m,font,DancingScript-SemiBold
generated/images/DancingScript-SemiBold/lower/m/0010.png,m,font,DancingScript-SemiBold
generated/images/DancingScript-SemiBold/lower/n/0001.png,n,font,DancingScript-SemiBold
generated/images/DancingScript-SemiBold/lower/n/0002.png,n,font,DancingScript-SemiBold
generated/images/DancingScript-SemiBold/lower/n/0003.png,n,font,DancingScript-SemiBold
generated/images/DancingScript-SemiBold/lower/n/0004.png,n,font,DancingScript-SemiBold
generated/images/DancingScript-SemiBold/lower/n/0005.png,n,font,DancingScript-SemiBold
generated/images/DancingScript-SemiBold/lower/n/0006.png,n,font,DancingScript-SemiBold
generated/images/DancingScript-SemiBold/lower/n/0007.png,n,font,DancingScript-SemiBold
generated/images/DancingScript-SemiBold/lower/n/0008.png,n,font,DancingScript-SemiBold
generated/images/DancingScript-SemiBold/lower/n/0009.png,n,font,DancingScript-SemiBold
generated/images/DancingScript-SemiBold/lower/n/0010.png,n,font,DancingScript-SemiBold
generated/images/DancingScript-SemiBold/lower/o/0001.png,o,font,DancingScript-SemiBold
generated/images/DancingScript-SemiBold/lower/o/0002.png,o,font,DancingScript-SemiBold
generated/images/DancingScript-SemiBold/lower/o/0003.png,o,font,DancingScript-SemiBold
generated/images/DancingScript-SemiBold/lower/o/0004.png,o,font,DancingScript-SemiBold
generated/images/DancingScript-SemiBold/lower/o/0005.png,o,font,DancingScript-SemiBold
generated/images/DancingScript-SemiBold/lower/o/0006.png,o,font,DancingScript-SemiBold
generated/images/DancingScript-SemiBold/lower/o/0007.png,o,font,DancingScript-SemiBold
generated/images/DancingScript-SemiBold/lower/o/0008.png,o,font,DancingScript-SemiBold
generated/images/DancingScript-SemiBold/lower/o/0009.png,o,font,DancingScript-SemiBold
generated/images/DancingScript-SemiBold/lower/o/0010.png,o,font,DancingScript-SemiBold
generated/images/DancingScript-SemiBold/lower/p/0001.png,p,font,DancingScript-SemiBold
generated/images/DancingScript-SemiBold/lower/p/0002.png,p,font,DancingScript-SemiBold
generated/images/DancingScript-SemiBold/lower/p/0003.png,p,font,DancingScript-SemiBold
generated/images/DancingScript-SemiBold/lower/p/0004.png,p,font,DancingScript-SemiBold
generated/images/DancingScript-SemiBold/lower/p/0005.png,p,font,DancingScript-SemiBold
generated/images/DancingScript-SemiBold/lower/p/0006.png,p,font,DancingScript-SemiBold
generated/images/DancingScript-SemiBold/lower/p/0007.png,p,font,DancingScript-SemiBold
generated/images/DancingScript-SemiBold/lower/p/0008.png,p,font,DancingScript-SemiBold
generated/images/DancingScript-SemiBold/lower/p/0009.png,p,font,DancingScript-SemiBold
generated/images/DancingScript-SemiBold/lower/p/0010.png,p,font,DancingScript-SemiBold
generated/images/DancingScript-SemiBold/lower/q/0001.png,q,font,DancingScript-SemiBold
generated/images/DancingScript-SemiBold/lower/q/0002.png,q,font,DancingScript-SemiBold
generated/images/DancingScript-SemiBold/lower/q/0003.png,q,font,DancingScript-SemiBold
generated/images/DancingScript-SemiBold/lower/q/0004.png,q,font,DancingScript-SemiBold
generated/images/DancingScript-SemiBold/lower/q/0005.png,q,font,DancingScript-SemiBold
generated/images/DancingScript-SemiBold/lower/q/0006.png,q,font,DancingScript-SemiBold
generated/images/DancingScript-SemiBold/lower/q/0007.png,q,font,DancingScript-SemiBold
generated/images/DancingScript-SemiBold/lower/q/0008.png,q,font,DancingScript-SemiBold
generated/images/DancingScript-SemiBold/lower/q/0009.png,q,font,DancingScript-SemiBold
generated/images/DancingScript-SemiBold/lower/q/0010.png,q,font,DancingScript-SemiBold
generated/images/DancingScript-SemiBold/lower/r/0001.png,r,font,DancingScript-SemiBold
generated/images/DancingScript-SemiBold/lower/r/0002.png,r,font,DancingScript-SemiBold
generated/images/DancingScript-SemiBold/lower/r/0003.png,r,font,DancingScript-SemiBold
generated/images/DancingScript-SemiBold/lower/r/0004.png,r,font,DancingScript-SemiBold
generated/images/DancingScript-SemiBold/lower/r/0005.png,r,font,DancingScript-SemiBold
generated/images/DancingScript-SemiBold/lower/r/0006.png,r,font,DancingScript-SemiBold
generated/images/DancingScript-SemiBold/lower/r/0007.png,r,font,DancingScript-SemiBold
generated/images/DancingScript-SemiBold/lower/r/0008.png,r,font,DancingScript-SemiBold
generated/images/DancingScript-SemiBold/lower/r/0009.png,r,font,DancingScript-SemiBold
generated/images/DancingScript-SemiBold/lower/r/0010.png,r,font,DancingScript-SemiBold
generated/images/DancingScript-SemiBold/lower/s/0001.png,s,font,DancingScript-SemiBold
generated/images/DancingScript-SemiBold/lower/s/0002.png,s,font,DancingScript-SemiBold
generated/images/DancingScript-SemiBold/lower/s/0003.png,s,font,DancingScript-SemiBold
generated/images/DancingScript-SemiBold/lower/s/0004.png,s,font,DancingScript-SemiBold
generated/images/DancingScript-SemiBold/lower/s/0005.png,s,font,DancingScript-SemiBold
generated/images/DancingScript-SemiBold/lower/s/0006.png,s,font,DancingScript-SemiBold
generated/images/DancingScript-SemiBold/lower/s/0007.png,s,font,DancingScript-SemiBold
generated/images/DancingScript-SemiBold/lower/s/0008.png,s,font,DancingScript-SemiBold
generated/images/DancingScript-SemiBold/lower/s/0009.png,s,font,DancingScript-SemiBold
generated/images/DancingScript-SemiBold/lower/s/0010.png,s,font,DancingScript-SemiBold
generated/images/DancingScript-SemiBold/lower/t/0001.png,t,font,DancingScript-SemiBold
generated/images/DancingScript-SemiBold/lower/t/0002.png,t,font,DancingScript-SemiBold
generated/images/DancingScript-SemiBold/lower/t/0003.png,t,font,DancingScript-SemiBold
generated/images/DancingScript-SemiBold/lower/t/0004.png,t,font,DancingScript-SemiBold
generated/images/DancingScript-SemiBold/lower/t/0005.png,t,font,DancingScript-SemiBold
generated/images/DancingScript-SemiBold/lower/t/0006.png,t,font,DancingScript-SemiBold
generated/images/DancingScript-SemiBold/lower/t/0007.png,t,font,DancingScript-SemiBold
generated/images/DancingScript-SemiBold/lower/t/0008.png,t,font,DancingScript-SemiBold
generated/images/DancingScript-SemiBold/lower/t/0009.png,t,font,DancingScript-SemiBold
generated/images/DancingScript-SemiBold/lower/t/0010.png,t,font,DancingScript-SemiBold
generated/images/DancingScript-SemiBold/lower/u/0001.png,u,font,DancingScript-SemiBold
generated/images/DancingScript-SemiBold/lower/u/0002.png,u,font,DancingScript-SemiBold
generated/images/DancingScript-SemiBold/lower/u/0003.png,u,font,DancingScript-SemiBold
generated/images/DancingScript-SemiBold/lower/u/0004.png,u,font,DancingScript-SemiBold
generated/images/DancingScript-SemiBold/lower/u/0005.png,u,font,DancingScript-SemiBold
generated/images/DancingScript-SemiBold/lower/u/0006.png,u,font,DancingScript-SemiBold
generated/images/DancingScript-SemiBold/lower/u/0007.png,u,font,DancingScript-SemiBold
generated/images/DancingScript-SemiBold/lower/u/0008.png,u,font,DancingScript-SemiBold
generated/images/DancingScript-SemiBold/lower/u/0009.png,u,font,DancingScript-SemiBold
generated/images/DancingScript-SemiBold/lower/u/0010.png,u,font,DancingScript-SemiBold
generated/images/DancingScript-SemiBold/lower/v/0001.png,v,font,DancingScript-SemiBold
generated/images/DancingScript-SemiBold/lower/v/0002.png,v,font,DancingScript-SemiBold
generated/images/DancingScript-SemiBold/lower/v/0003.png,v,font,DancingScript-SemiBold
generated/images/DancingScript-SemiBold/lower/v/0004.png,v,font,DancingScript-SemiBold
generated/images/DancingScript-SemiBold/lower/v/0005.png,v,font,DancingScript-SemiBold
generated/images/DancingScript-SemiBold/lower/v/0006.png,v,font,DancingScript-SemiBold
generated/images/DancingScript-SemiBold/lower/v/0007.png,v,font,DancingScript-SemiBold
generated/images/DancingScript-SemiBold/lower/v/0008.png,v,font,DancingScript-SemiBold
generated/images/DancingScript-SemiBold/lower/v/0009.png,v,font,DancingScript-SemiBold
generated/images/DancingScript-SemiBold/lower/v/0010.png,v,font,DancingScript-SemiBold
generated/images/DancingScript-SemiBold/lower/w/0001.png,w,font,DancingScript-SemiBold
generated/images/DancingScript-SemiBold/lower/w/0002.png,w,font,DancingScript-SemiBold
generated/images/DancingScript-SemiBold/lower/w/0003.png,w,font,DancingScript-SemiBold
generated/images/DancingScript-SemiBold/lower/w/0004.png,w,font,DancingScript-SemiBold
generated/images/DancingScript-SemiBold/lower/w/0005.png,w,font,DancingScript-SemiBold
generated/images/DancingScript-SemiBold/lower/w/0006.png,w,font,DancingScript-SemiBold
generated/images/DancingScript-SemiBold/lower/w/0007.png,w,font,DancingScript-SemiBold
generated/images/DancingScript-SemiBold/lower/w/0008.png,w,font,DancingScript-SemiBold
generated/images/DancingScript-SemiBold/lower/w/0009.png,w,font,DancingScript-SemiBold
generated/images/DancingScript-SemiBold/lower/w/0010.png,w,font,DancingScript-SemiBold
generated/images/DancingScript-SemiBold/lower/x/0001.png,x,font,DancingScript-SemiBold
generated/images/DancingScript-SemiBold/lower/x/0002.png,x,font,DancingScript-SemiBold
generated/images/DancingScript-SemiBold/lower/x/0003.png,x,font,DancingScript-SemiBold
generated/images/DancingScript-SemiBold/lower/x/0004.png,x,font,DancingScript-SemiBold
generated/images/DancingScript-SemiBold/lower/x/0005.png,x,font,DancingScript-SemiBold
generated/images/DancingScript-SemiBold/lower/x/0006.png,x,font,DancingScript-SemiBold
generated/images/DancingScript-SemiBold/lower/x/0007.png,x,font,DancingScript-SemiBold
generated/images/DancingScript-SemiBold/lower/x/0008.png,x,font,DancingScript-SemiBold
generated/images/DancingScript-SemiBold/lower/x/0009.png,x,font,DancingScript-SemiBold
generated/images/DancingScript-SemiBold/lower/x/0010.png,x,font,DancingScript-SemiBold
generated/images/DancingScript-SemiBold/lower/y/0001.png,y,font,DancingScript-SemiBold
generated/images/DancingScript-SemiBold/lower/y/0002.png,y,font,DancingScript-SemiBold
generated/images/DancingScript-SemiBold/lower/y/0003.png,y,font,DancingScript-SemiBold
generated/images/DancingScript-SemiBold/lower/y/0004.png,y,font,DancingScript-SemiBold
generated/images/DancingScript-SemiBold/lower/y/0005.png,y,font,DancingScript-SemiBold
generated/images/DancingScript-SemiBold/lower/y/0006.png,y,font,DancingScript-SemiBold
generated/images/DancingScript-SemiBold/lower/y/0007.png,y,font,DancingScript-SemiBold
generated/images/DancingScript-SemiBold/lower/y/0008.png,y,font,DancingScript-SemiBold
generated/images/DancingScript-SemiBold/lower/y/0009.png,y,font,DancingScript-SemiBold
generated/images/DancingScript-SemiBold/lower/y/0010.png,y,font,DancingScript-SemiBold
generated/images/DancingScript-SemiBold/lower/z/0001.png,z,font,DancingScript-SemiBold
generated/images/DancingScript-SemiBold/lower/z/0002.png,z,font,DancingScript-SemiBold
generated/images/DancingScript-SemiBold/lower/z/0003.png,z,font,DancingScript-SemiBold
generated/images/DancingScript-SemiBold/lower/z/0004.png,z,font,DancingScript-SemiBold
generated/images/DancingScript-SemiBold/lower/z/0005.png,z,font,DancingScript-SemiBold
generated/images/DancingScript-SemiBold/lower/z/0006.png,z,font,DancingScript-SemiBold
generated/images/DancingScript-SemiBold/lower/z/0007.png,z,font,DancingScript-SemiBold
generated/images/DancingScript-SemiBold/lower/z/0008.png,z,font,DancingScript-SemiBold
generated/images/DancingScript-SemiBold/lower/z/0009.png,z,font,DancingScript-SemiBold
generated/images/DancingScript-SemiBold/lower/z/0010.png,z,font,DancingScript-SemiBold
generated/images/DancingScript-VariableFont_wght/digit/0/0001.png,0,font,DancingScript-VariableFont_wght
generated/images/DancingScript-VariableFont_wght/digit/0/0002.png,0,font,DancingScript-VariableFont_wght
generated/images/DancingScript-VariableFont_wght/digit/0/0003.png,0,font,DancingScript-VariableFont_wght
generated/images/DancingScript-VariableFont_wght/digit/0/0004.png,0,font,DancingScript-VariableFont_wght
generated/images/DancingScript-VariableFont_wght/digit/0/0005.png,0,font,DancingScript-VariableFont_wght
generated/images/DancingScript-VariableFont_wght/digit/0/0006.png,0,font,DancingScript-VariableFont_wght
generated/images/DancingScript-VariableFont_wght/digit/0/0007.png,0,font,DancingScript-VariableFont_wght
generated/images/DancingScript-VariableFont_wght/digit/0/0008.png,0,font,DancingScript-VariableFont_wght
generated/images/DancingScript-VariableFont_wght/digit/0/0009.png,0,font,DancingScript-VariableFont_wght
generated/images/DancingScript-VariableFont_wght/digit/0/0010.png,0,font,DancingScript-VariableFont_wght
generated/images/DancingScript-VariableFont_wght/digit/1/0001.png,1,font,DancingScript-VariableFont_wght
generated/images/DancingScript-VariableFont_wght/digit/1/0002.png,1,font,DancingScript-VariableFont_wght
generated/images/DancingScript-VariableFont_wght/digit/1/0003.png,1,font,DancingScript-VariableFont_wght
generated/images/DancingScript-VariableFont_wght/digit/1/0004.png,1,font,DancingScript-VariableFont_wght
generated/images/DancingScript-VariableFont_wght/digit/1/0005.png,1,font,DancingScript-VariableFont_wght
generated/images/DancingScript-VariableFont_wght/digit/1/0006.png,1,font,DancingScript-VariableFont_wght
generated/images/DancingScript-VariableFont_wght/digit/1/0007.png,1,font,DancingScript-VariableFont_wght
generated/images/DancingScript-VariableFont_wght/digit/1/0008.png,1,font,DancingScript-VariableFont_wght
generated/images/DancingScript-VariableFont_wght/digit/1/0009.png,1,font,DancingScript-VariableFont_wght
generated/images/DancingScript-VariableFont_wght/digit/1/0010.png,1,font,DancingScript-VariableFont_wght
generated/images/DancingScript-VariableFont_wght/digit/2/0001.png,2,font,DancingScript-VariableFont_wght
generated/images/DancingScript-VariableFont_wght/digit/2/0002.png,2,font,DancingScript-VariableFont_wght
generated/images/DancingScript-VariableFont_wght/digit/2/0003.png,2,font,DancingScript-VariableFont_wght
generated/images/DancingScript-VariableFont_wght/digit/2/0004.png,2,font,DancingScript-VariableFont_wght
generated/images/DancingScript-VariableFont_wght/digit/2/0005.png,2,font,DancingScript-VariableFont_wght
generated/images/DancingScript-VariableFont_wght/digit/2/0006.png,2,font,DancingScript-VariableFont_wght
generated/images/DancingScript-VariableFont_wght/digit/2/0007.png,2,font,DancingScript-VariableFont_wght
generated/images/DancingScript-VariableFont_wght/digit/2/0008.png,2,font,DancingScript-VariableFont_wght
generated/images/DancingScript-VariableFont_wght/digit/2/0009.png,2,font,DancingScript-VariableFont_wght
generated/images/DancingScript-VariableFont_wght/digit/2/0010.png,2,font,DancingScript-VariableFont_wght
generated/images/DancingScript-VariableFont_wght/digit/3/0001.png,3,font,DancingScript-VariableFont_wght
generated/images/DancingScript-VariableFont_wght/digit/3/0002.png,3,font,DancingScript-VariableFont_wght
generated/images/DancingScript-VariableFont_wght/digit/3/0003.png,3,font,DancingScript-VariableFont_wght
generated/images/DancingScript-VariableFont_wght/digit/3/0004.png,3,font,DancingScript-VariableFont_wght
generated/images/DancingScript-VariableFont_wght/digit/3/0005.png,3,font,DancingScript-VariableFont_wght
generated/images/DancingScript-VariableFont_wght/digit/3/0006.png,3,font,DancingScript-VariableFont_wght
generated/images/DancingScript-VariableFont_wght/digit/3/0007.png,3,font,DancingScript-VariableFont_wght
generated/images/DancingScript-VariableFont_wght/digit/3/0008.png,3,font,DancingScript-VariableFont_wght
generated/images/DancingScript-VariableFont_wght/digit/3/0009.png,3,font,DancingScript-VariableFont_wght
generated/images/DancingScript-VariableFont_wght/digit/3/0010.png,3,font,DancingScript-VariableFont_wght
generated/images/DancingScript-VariableFont_wght/digit/4/0001.png,4,font,DancingScript-VariableFont_wght
generated/images/DancingScript-VariableFont_wght/digit/4/0002.png,4,font,DancingScript-VariableFont_wght
generated/images/DancingScript-VariableFont_wght/digit/4/0003.png,4,font,DancingScript-VariableFont_wght
generated/images/DancingScript-VariableFont_wght/digit/4/0004.png,4,font,DancingScript-VariableFont_wght
generated/images/DancingScript-VariableFont_wght/digit/4/0005.png,4,font,DancingScript-VariableFont_wght
generated/images/DancingScript-VariableFont_wght/digit/4/0006.png,4,font,DancingScript-VariableFont_wght
generated/images/DancingScript-VariableFont_wght/digit/4/0007.png,4,font,DancingScript-VariableFont_wght
generated/images/DancingScript-VariableFont_wght/digit/4/0008.png,4,font,DancingScript-VariableFont_wght
generated/images/DancingScript-VariableFont_wght/digit/4/0009.png,4,font,DancingScript-VariableFont_wght
generated/images/DancingScript-VariableFont_wght/digit/4/0010.png,4,font,DancingScript-VariableFont_wght
generated/images/DancingScript-VariableFont_wght/digit/5/0001.png,5,font,DancingScript-VariableFont_wght
generated/images/DancingScript-VariableFont_wght/digit/5/0002.png,5,font,DancingScript-VariableFont_wght
generated/images/DancingScript-VariableFont_wght/digit/5/0003.png,5,font,DancingScript-VariableFont_wght
generated/images/DancingScript-VariableFont_wght/digit/5/0004.png,5,font,DancingScript-VariableFont_wght
generated/images/DancingScript-VariableFont_wght/digit/5/0005.png,5,font,DancingScript-VariableFont_wght
generated/images/DancingScript-VariableFont_wght/digit/5/0006.png,5,font,DancingScript-VariableFont_wght
generated/images/DancingScript-VariableFont_wght/digit/5/0007.png,5,font,DancingScript-VariableFont_wght
generated/images/DancingScript-VariableFont_wght/digit/5/0008.png,5,font,DancingScript-VariableFont_wght
generated/images/DancingScript-VariableFont_wght/digit/5/0009.png,5,font,DancingScript-VariableFont_wght
generated/images/DancingScript-VariableFont_wght/digit/5/0010.png,5,font,DancingScript-VariableFont_wght
generated/images/DancingScript-VariableFont_wght/digit/6/0001.png,6,font,DancingScript-VariableFont_wght
generated/images/DancingScript-VariableFont_wght/digit/6/0002.png,6,font,DancingScript-VariableFont_wght
generated/images/DancingScript-VariableFont_wght/digit/6/0003.png,6,font,DancingScript-VariableFont_wght
generated/images/DancingScript-VariableFont_wght/digit/6/0004.png,6,font,DancingScript-VariableFont_wght
generated/images/DancingScript-VariableFont_wght/digit/6/0005.png,6,font,DancingScript-VariableFont_wght
generated/images/DancingScript-VariableFont_wght/digit/6/0006.png,6,font,DancingScript-VariableFont_wght
generated/images/DancingScript-VariableFont_wght/digit/6/0007.png,6,font,DancingScript-VariableFont_wght
generated/images/DancingScript-VariableFont_wght/digit/6/0008.png,6,font,DancingScript-VariableFont_wght
generated/images/DancingScript-VariableFont_wght/digit/6/0009.png,6,font,DancingScript-VariableFont_wght
generated/images/DancingScript-VariableFont_wght/digit/6/0010.png,6,font,DancingScript-VariableFont_wght
generated/images/DancingScript-VariableFont_wght/digit/7/0001.png,7,font,DancingScript-VariableFont_wght
generated/images/DancingScript-VariableFont_wght/digit/7/0002.png,7,font,DancingScript-VariableFont_wght
generated/images/DancingScript-VariableFont_wght/digit/7/0003.png,7,font,DancingScript-VariableFont_wght
generated/images/DancingScript-VariableFont_wght/digit/7/0004.png,7,font,DancingScript-VariableFont_wght
generated/images/DancingScript-VariableFont_wght/digit/7/0005.png,7,font,DancingScript-VariableFont_wght
generated/images/DancingScript-VariableFont_wght/digit/7/0006.png,7,font,DancingScript-VariableFont_wght
generated/images/DancingScript-VariableFont_wght/digit/7/0007.png,7,font,DancingScript-VariableFont_wght
generated/images/DancingScript-VariableFont_wght/digit/7/0008.png,7,font,DancingScript-VariableFont_wght
generated/images/DancingScript-VariableFont_wght/digit/7/0009.png,7,font,DancingScript-VariableFont_wght
generated/images/DancingScript-VariableFont_wght/digit/7/0010.png,7,font,DancingScript-VariableFont_wght
generated/images/DancingScript-VariableFont_wght/digit/8/0001.png,8,font,DancingScript-VariableFont_wght
generated/images/DancingScript-VariableFont_wght/digit/8/0002.png,8,font,DancingScript-VariableFont_wght
generated/images/DancingScript-VariableFont_wght/digit/8/0003.png,8,font,DancingScript-VariableFont_wght
generated/images/DancingScript-VariableFont_wght/digit/8/0004.png,8,font,DancingScript-VariableFont_wght
generated/images/DancingScript-VariableFont_wght/digit/8/0005.png,8,font,DancingScript-VariableFont_wght
generated/images/DancingScript-VariableFont_wght/digit/8/0006.png,8,font,DancingScript-VariableFont_wght
generated/images/DancingScript-VariableFont_wght/digit/8/0007.png,8,font,DancingScript-VariableFont_wght
generated/images/DancingScript-VariableFont_wght/digit/8/0008.png,8,font,DancingScript-VariableFont_wght
generated/images/DancingScript-VariableFont_wght/digit/8/0009.png,8,font,DancingScript-VariableFont_wght
generated/images/DancingScript-VariableFont_wght/digit/8/0010.png,8,font,DancingScript-VariableFont_wght
generated/images/DancingScript-VariableFont_wght/digit/9/0001.png,9,font,DancingScript-VariableFont_wght
generated/images/DancingScript-VariableFont_wght/digit/9/0002.png,9,font,DancingScript-VariableFont_wght
generated/images/DancingScript-VariableFont_wght/digit/9/0003.png,9,font,DancingScript-VariableFont_wght
generated/images/DancingScript-VariableFont_wght/digit/9/0004.png,9,font,DancingScript-VariableFont_wght
generated/images/DancingScript-VariableFont_wght/digit/9/0005.png,9,font,DancingScript-VariableFont_wght
generated/images/DancingScript-VariableFont_wght/digit/9/0006.png,9,font,DancingScript-VariableFont_wght
generated/images/DancingScript-VariableFont_wght/digit/9/0007.png,9,font,DancingScript-VariableFont_wght
generated/images/DancingScript-VariableFont_wght/digit/9/0008.png,9,font,DancingScript-VariableFont_wght
generated/images/DancingScript-VariableFont_wght/digit/9/0009.png,9,font,DancingScript-VariableFont_wght
generated/images/DancingScript-VariableFont_wght/digit/9/0010.png,9,font,DancingScript-VariableFont_wght
generated/images/DancingScript-VariableFont_wght/upper/A/0001.png,A,font,DancingScript-VariableFont_wght
generated/images/DancingScript-VariableFont_wght/upper/A/0002.png,A,font,DancingScript-VariableFont_wght
generated/images/DancingScript-VariableFont_wght/upper/A/0003.png,A,font,DancingScript-VariableFont_wght
generated/images/DancingScript-VariableFont_wght/upper/A/0004.png,A,font,DancingScript-VariableFont_wght
generated/images/DancingScript-VariableFont_wght/upper/A/0005.png,A,font,DancingScript-VariableFont_wght
generated/images/DancingScript-VariableFont_wght/upper/A/0006.png,A,font,DancingScript-VariableFont_wght
generated/images/DancingScript-VariableFont_wght/upper/A/0007.png,A,font,DancingScript-VariableFont_wght
generated/images/DancingScript-VariableFont_wght/upper/A/0008.png,A,font,DancingScript-VariableFont_wght
generated/images/DancingScript-VariableFont_wght/upper/A/0009.png,A,font,DancingScript-VariableFont_wght
generated/images/DancingScript-VariableFont_wght/upper/A/0010.png,A,font,DancingScript-VariableFont_wght
generated/images/DancingScript-VariableFont_wght/upper/B/0001.png,B,font,DancingScript-VariableFont_wght
generated/images/DancingScript-VariableFont_wght/upper/B/0002.png,B,font,DancingScript-VariableFont_wght
generated/images/DancingScript-VariableFont_wght/upper/B/0003.png,B,font,DancingScript-VariableFont_wght
generated/images/DancingScript-VariableFont_wght/upper/B/0004.png,B,font,DancingScript-VariableFont_wght
generated/images/DancingScript-VariableFont_wght/upper/B/0005.png,B,font,DancingScript-VariableFont_wght
generated/images/DancingScript-VariableFont_wght/upper/B/0006.png,B,font,DancingScript-VariableFont_wght
generated/images/DancingScript-VariableFont_wght/upper/B/0007.png,B,font,DancingScript-VariableFont_wght
generated/images/DancingScript-VariableFont_wght/upper/B/0008.png,B,font,DancingScript-VariableFont_wght
generated/images/DancingScript-VariableFont_wght/upper/B/0009.png,B,font,DancingScript-VariableFont_wght
generated/images/DancingScript-VariableFont_wght/upper/B/0010.png,B,font,DancingScript-VariableFont_wght
generated/images/DancingScript-VariableFont_wght/upper/C/0001.png,C,font,DancingScript-VariableFont_wght
generated/images/DancingScript-VariableFont_wght/upper/C/0002.png,C,font,DancingScript-VariableFont_wght
generated/images/DancingScript-VariableFont_wght/upper/C/0003.png,C,font,DancingScript-VariableFont_wght
generated/images/DancingScript-VariableFont_wght/upper/C/0004.png,C,font,DancingScript-VariableFont_wght
generated/images/DancingScript-VariableFont_wght/upper/C/0005.png,C,font,DancingScript-VariableFont_wght
generated/images/DancingScript-VariableFont_wght/upper/C/0006.png,C,font,DancingScript-VariableFont_wght
generated/images/DancingScript-VariableFont_wght/upper/C/0007.png,C,font,DancingScript-VariableFont_wght
generated/images/DancingScript-VariableFont_wght/upper/C/0008.png,C,font,DancingScript-VariableFont_wght
generated/images/DancingScript-VariableFont_wght/upper/C/0009.png,C,font,DancingScript-VariableFont_wght
generated/images/DancingScript-VariableFont_wght/upper/C/0010.png,C,font,DancingScript-VariableFont_wght
generated/images/DancingScript-VariableFont_wght/upper/D/0001.png,D,font,DancingScript-VariableFont_wght
generated/images/DancingScript-VariableFont_wght/upper/D/0002.png,D,font,DancingScript-VariableFont_wght
generated/images/DancingScript-VariableFont_wght/upper/D/0003.png,D,font,DancingScript-VariableFont_wght
generated/images/DancingScript-VariableFont_wght/upper/D/0004.png,D,font,DancingScript-VariableFont_wght
generated/images/DancingScript-VariableFont_wght/upper/D/0005.png,D,font,DancingScript-VariableFont_wght
generated/images/DancingScript-VariableFont_wght/upper/D/0006.png,D,font,DancingScript-VariableFont_wght
generated/images/DancingScript-VariableFont_wght/upper/D/0007.png,D,font,DancingScript-VariableFont_wght
generated/images/DancingScript-VariableFont_wght/upper/D/0008.png,D,font,DancingScript-VariableFont_wght
generated/images/DancingScript-VariableFont_wght/upper/D/0009.png,D,font,DancingScript-VariableFont_wght
generated/images/DancingScript-VariableFont_wght/upper/D/0010.png,D,font,DancingScript-VariableFont_wght
generated/images/DancingScript-VariableFont_wght/upper/E/0001.png,E,font,DancingScript-VariableFont_wght
generated/images/DancingScript-VariableFont_wght/upper/E/0002.png,E,font,DancingScript-VariableFont_wght
generated/images/DancingScript-VariableFont_wght/upper/E/0003.png,E,font,DancingScript-VariableFont_wght
generated/images/DancingScript-VariableFont_wght/upper/E/0004.png,E,font,DancingScript-VariableFont_wght
generated/images/DancingScript-VariableFont_wght/upper/E/0005.png,E,font,DancingScript-VariableFont_wght
generated/images/DancingScript-VariableFont_wght/upper/E/0006.png,E,font,DancingScript-VariableFont_wght
generated/images/DancingScript-VariableFont_wght/upper/E/0007.png,E,font,DancingScript-VariableFont_wght
generated/images/DancingScript-VariableFont_wght/upper/E/0008.png,E,font,DancingScript-VariableFont_wght
generated/images/DancingScript-VariableFont_wght/upper/E/0009.png,E,font,DancingScript-VariableFont_wght
generated/images/DancingScript-VariableFont_wght/upper/E/0010.png,E,font,DancingScript-VariableFont_wght
generated/images/DancingScript-VariableFont_wght/upper/F/0001.png,F,font,DancingScript-VariableFont_wght
generated/images/DancingScript-VariableFont_wght/upper/F/0002.png,F,font,DancingScript-VariableFont_wght
generated/images/DancingScript-VariableFont_wght/upper/F/0003.png,F,font,DancingScript-VariableFont_wght
generated/images/DancingScript-VariableFont_wght/upper/F/0004.png,F,font,DancingScript-VariableFont_wght
generated/images/DancingScript-VariableFont_wght/upper/F/0005.png,F,font,DancingScript-VariableFont_wght
generated/images/DancingScript-VariableFont_wght/upper/F/0006.png,F,font,DancingScript-VariableFont_wght
generated/images/DancingScript-VariableFont_wght/upper/F/0007.png,F,font,DancingScript-VariableFont_wght
generated/images/DancingScript-VariableFont_wght/upper/F/0008.png,F,font,DancingScript-VariableFont_wght
generated/images/DancingScript-VariableFont_wght/upper/F/0009.png,F,font,DancingScript-VariableFont_wght
generated/images/DancingScript-VariableFont_wght/upper/F/0010.png,F,font,DancingScript-VariableFont_wght
generated/images/DancingScript-VariableFont_wght/upper/G/0001.png,G,font,DancingScript-VariableFont_wght
generated/images/DancingScript-VariableFont_wght/upper/G/0002.png,G,font,DancingScript-VariableFont_wght
generated/images/DancingScript-VariableFont_wght/upper/G/0003.png,G,font,DancingScript-VariableFont_wght
generated/images/DancingScript-VariableFont_wght/upper/G/0004.png,G,font,DancingScript-VariableFont_wght
generated/images/DancingScript-VariableFont_wght/upper/G/0005.png,G,font,DancingScript-VariableFont_wght
generated/images/DancingScript-VariableFont_wght/upper/G/0006.png,G,font,DancingScript-VariableFont_wght
generated/images/DancingScript-VariableFont_wght/upper/G/0007.png,G,font,DancingScript-VariableFont_wght
generated/images/DancingScript-VariableFont_wght/upper/G/0008.png,G,font,DancingScript-VariableFont_wght
generated/images/DancingScript-VariableFont_wght/upper/G/0009.png,G,font,DancingScript-VariableFont_wght
generated/images/DancingScript-VariableFont_wght/upper/G/0010.png,G,font,DancingScript-VariableFont_wght
generated/images/DancingScript-VariableFont_wght/upper/H/0001.png,H,font,DancingScript-VariableFont_wght
generated/images/DancingScript-VariableFont_wght/upper/H/0002.png,H,font,DancingScript-VariableFont_wght
generated/images/DancingScript-VariableFont_wght/upper/H/0003.png,H,font,DancingScript-VariableFont_wght
generated/images/DancingScript-VariableFont_wght/upper/H/0004.png,H,font,DancingScript-VariableFont_wght
generated/images/DancingScript-VariableFont_wght/upper/H/0005.png,H,font,DancingScript-VariableFont_wght
generated/images/DancingScript-VariableFont_wght/upper/H/0006.png,H,font,DancingScript-VariableFont_wght
generated/images/DancingScript-VariableFont_wght/upper/H/0007.png,H,font,DancingScript-VariableFont_wght
generated/images/DancingScript-VariableFont_wght/upper/H/0008.png,H,font,DancingScript-VariableFont_wght
generated/images/DancingScript-VariableFont_wght/upper/H/0009.png,H,font,DancingScript-VariableFont_wght
generated/images/DancingScript-VariableFont_wght/upper/H/0010.png,H,font,DancingScript-VariableFont_wght
generated/images/DancingScript-VariableFont_wght/upper/I/0001.png,I,font,DancingScript-VariableFont_wght
generated/images/DancingScript-VariableFont_wght/upper/I/0002.png,I,font,DancingScript-VariableFont_wght
generated/images/DancingScript-VariableFont_wght/upper/I/0003.png,I,font,DancingScript-VariableFont_wght
generated/images/DancingScript-VariableFont_wght/upper/I/0004.png,I,font,DancingScript-VariableFont_wght
generated/images/DancingScript-VariableFont_wght/upper/I/0005.png,I,font,DancingScript-VariableFont_wght
generated/images/DancingScript-VariableFont_wght/upper/I/0006.png,I,font,DancingScript-VariableFont_wght
generated/images/DancingScript-VariableFont_wght/upper/I/0007.png,I,font,DancingScript-VariableFont_wght
generated/images/DancingScript-VariableFont_wght/upper/I/0008.png,I,font,DancingScript-VariableFont_wght
generated/images/DancingScript-VariableFont_wght/upper/I/0009.png,I,font,DancingScript-VariableFont_wght
generated/images/DancingScript-VariableFont_wght/upper/I/0010.png,I,font,DancingScript-VariableFont_wght
generated/images/DancingScript-VariableFont_wght/upper/J/0001.png,J,font,DancingScript-VariableFont_wght
generated/images/DancingScript-VariableFont_wght/upper/J/0002.png,J,font,DancingScript-VariableFont_wght
generated/images/DancingScript-VariableFont_wght/upper/J/0003.png,J,font,DancingScript-VariableFont_wght
generated/images/DancingScript-VariableFont_wght/upper/J/0004.png,J,font,DancingScript-VariableFont_wght
generated/images/DancingScript-VariableFont_wght/upper/J/0005.png,J,font,DancingScript-VariableFont_wght
generated/images/DancingScript-VariableFont_wght/upper/J/0006.png,J,font,DancingScript-VariableFont_wght
generated/images/DancingScript-VariableFont_wght/upper/J/0007.png,J,font,DancingScript-VariableFont_wght
generated/images/DancingScript-VariableFont_wght/upper/J/0008.png,J,font,DancingScript-VariableFont_wght
generated/images/DancingScript-VariableFont_wght/upper/J/0009.png,J,font,DancingScript-VariableFont_wght
generated/images/DancingScript-VariableFont_wght/upper/J/0010.png,J,font,DancingScript-VariableFont_wght
generated/images/DancingScript-VariableFont_wght/upper/K/0001.png,K,font,DancingScript-VariableFont_wght
generated/images/DancingScript-VariableFont_wght/upper/K/0002.png,K,font,DancingScript-VariableFont_wght
generated/images/DancingScript-VariableFont_wght/upper/K/0003.png,K,font,DancingScript-VariableFont_wght
generated/images/DancingScript-VariableFont_wght/upper/K/0004.png,K,font,DancingScript-VariableFont_wght
generated/images/DancingScript-VariableFont_wght/upper/K/0005.png,K,font,DancingScript-VariableFont_wght
generated/images/DancingScript-VariableFont_wght/upper/K/0006.png,K,font,DancingScript-VariableFont_wght
generated/images/DancingScript-VariableFont_wght/upper/K/0007.png,K,font,DancingScript-VariableFont_wght
generated/images/DancingScript-VariableFont_wght/upper/K/0008.png,K,font,DancingScript-VariableFont_wght
generated/images/DancingScript-VariableFont_wght/upper/K/0009.png,K,font,DancingScript-VariableFont_wght
generated/images/DancingScript-VariableFont_wght/upper/K/0010.png,K,font,DancingScript-VariableFont_wght
generated/images/DancingScript-VariableFont_wght/upper/L/0001.png,L,font,DancingScript-VariableFont_wght
generated/images/DancingScript-VariableFont_wght/upper/L/0002.png,L,font,DancingScript-VariableFont_wght
generated/images/DancingScript-VariableFont_wght/upper/L/0003.png,L,font,DancingScript-VariableFont_wght
generated/images/DancingScript-VariableFont_wght/upper/L/0004.png,L,font,DancingScript-VariableFont_wght
generated/images/DancingScript-VariableFont_wght/upper/L/0005.png,L,font,DancingScript-VariableFont_wght
generated/images/DancingScript-VariableFont_wght/upper/L/0006.png,L,font,DancingScript-VariableFont_wght
generated/images/DancingScript-VariableFont_wght/upper/L/0007.png,L,font,DancingScript-VariableFont_wght
generated/images/DancingScript-VariableFont_wght/upper/L/0008.png,L,font,DancingScript-VariableFont_wght
generated/images/DancingScript-VariableFont_wght/upper/L/0009.png,L,font,DancingScript-VariableFont_wght
generated/images/DancingScript-VariableFont_wght/upper/L/0010.png,L,font,DancingScript-VariableFont_wght
generated/images/DancingScript-VariableFont_wght/upper/M/0001.png,M,font,DancingScript-VariableFont_wght
generated/images/DancingScript-VariableFont_wght/upper/M/0002.png,M,font,DancingScript-VariableFont_wght
generated/images/DancingScript-VariableFont_wght/upper/M/0003.png,M,font,DancingScript-VariableFont_wght
generated/images/DancingScript-VariableFont_wght/upper/M/0004.png,M,font,DancingScript-VariableFont_wght
generated/images/DancingScript-VariableFont_wght/upper/M/0005.png,M,font,DancingScript-VariableFont_wght
generated/images/DancingScript-VariableFont_wght/upper/M/0006.png,M,font,DancingScript-VariableFont_wght
generated/images/DancingScript-VariableFont_wght/upper/M/0007.png,M,font,DancingScript-VariableFont_wght
generated/images/DancingScript-VariableFont_wght/upper/M/0008.png,M,font,DancingScript-VariableFont_wght
generated/images/DancingScript-VariableFont_wght/upper/M/0009.png,M,font,DancingScript-VariableFont_wght
generated/images/DancingScript-VariableFont_wght/upper/M/0010.png,M,font,DancingScript-VariableFont_wght
generated/images/DancingScript-VariableFont_wght/upper/N/0001.png,N,font,DancingScript-VariableFont_wght
generated/images/DancingScript-VariableFont_wght/upper/N/0002.png,N,font,DancingScript-VariableFont_wght
generated/images/DancingScript-VariableFont_wght/upper/N/0003.png,N,font,DancingScript-VariableFont_wght
generated/images/DancingScript-VariableFont_wght/upper/N/0004.png,N,font,DancingScript-VariableFont_wght
generated/images/DancingScript-VariableFont_wght/upper/N/0005.png,N,font,DancingScript-VariableFont_wght
generated/images/DancingScript-VariableFont_wght/upper/N/0006.png,N,font,DancingScript-VariableFont_wght
generated/images/DancingScript-VariableFont_wght/upper/N/0007.png,N,font,DancingScript-VariableFont_wght
generated/images/DancingScript-VariableFont_wght/upper/N/0008.png,N,font,DancingScript-VariableFont_wght
generated/images/DancingScript-VariableFont_wght/upper/N/0009.png,N,font,DancingScript-VariableFont_wght
generated/images/DancingScript-VariableFont_wght/upper/N/0010.png,N,font,DancingScript-VariableFont_wght
generated/images/DancingScript-VariableFont_wght/upper/O/0001.png,O,font,DancingScript-VariableFont_wght
generated/images/DancingScript-VariableFont_wght/upper/O/0002.png,O,font,DancingScript-VariableFont_wght
generated/images/DancingScript-VariableFont_wght/upper/O/0003.png,O,font,DancingScript-VariableFont_wght
generated/images/DancingScript-VariableFont_wght/upper/O/0004.png,O,font,DancingScript-VariableFont_wght
generated/images/DancingScript-VariableFont_wght/upper/O/0005.png,O,font,DancingScript-VariableFont_wght
generated/images/DancingScript-VariableFont_wght/upper/O/0006.png,O,font,DancingScript-VariableFont_wght
generated/images/DancingScript-VariableFont_wght/upper/O/0007.png,O,font,DancingScript-VariableFont_wght
generated/images/DancingScript-VariableFont_wght/upper/O/0008.png,O,font,DancingScript-VariableFont_wght
generated/images/DancingScript-VariableFont_wght/upper/O/0009.png,O,font,DancingScript-VariableFont_wght
generated/images/DancingScript-VariableFont_wght/upper/O/0010.png,O,font,DancingScript-VariableFont_wght
generated/images/DancingScript-VariableFont_wght/upper/P/0001.png,P,font,DancingScript-VariableFont_wght
generated/images/DancingScript-VariableFont_wght/upper/P/0002.png,P,font,DancingScript-VariableFont_wght
generated/images/DancingScript-VariableFont_wght/upper/P/0003.png,P,font,DancingScript-VariableFont_wght
generated/images/DancingScript-VariableFont_wght/upper/P/0004.png,P,font,DancingScript-VariableFont_wght
generated/images/DancingScript-VariableFont_wght/upper/P/0005.png,P,font,DancingScript-VariableFont_wght
generated/images/DancingScript-VariableFont_wght/upper/P/0006.png,P,font,DancingScript-VariableFont_wght
generated/images/DancingScript-VariableFont_wght/upper/P/0007.png,P,font,DancingScript-VariableFont_wght
generated/images/DancingScript-VariableFont_wght/upper/P/0008.png,P,font,DancingScript-VariableFont_wght
generated/images/DancingScript-VariableFont_wght/upper/P/0009.png,P,font,DancingScript-VariableFont_wght
generated/images/DancingScript-VariableFont_wght/upper/P/0010.png,P,font,DancingScript-VariableFont_wght
generated/images/DancingScript-VariableFont_wght/upper/Q/0001.png,Q,font,DancingScript-VariableFont_wght
generated/images/DancingScript-VariableFont_wght/upper/Q/0002.png,Q,font,DancingScript-VariableFont_wght
generated/images/DancingScript-VariableFont_wght/upper/Q/0003.png,Q,font,DancingScript-VariableFont_wght
generated/images/DancingScript-VariableFont_wght/upper/Q/0004.png,Q,font,DancingScript-VariableFont_wght
generated/images/DancingScript-VariableFont_wght/upper/Q/0005.png,Q,font,DancingScript-VariableFont_wght
generated/images/DancingScript-VariableFont_wght/upper/Q/0006.png,Q,font,DancingScript-VariableFont_wght
generated/images/DancingScript-VariableFont_wght/upper/Q/0007.png,Q,font,DancingScript-VariableFont_wght
generated/images/DancingScript-VariableFont_wght/upper/Q/0008.png,Q,font,DancingScript-VariableFont_wght
generated/images/DancingScript-VariableFont_wght/upper/Q/0009.png,Q,font,DancingScript-VariableFont_wght
generated/images/DancingScript-VariableFont_wght/upper/Q/0010.png,Q,font,DancingScript-VariableFont_wght
generated/images/DancingScript-VariableFont_wght/upper/R/0001.png,R,font,DancingScript-VariableFont_wght
generated/images/DancingScript-VariableFont_wght/upper/R/0002.png,R,font,DancingScript-VariableFont_wght
generated/images/DancingScript-VariableFont_wght/upper/R/0003.png,R,font,DancingScript-VariableFont_wght
generated/images/DancingScript-VariableFont_wght/upper/R/0004.png,R,font,DancingScript-VariableFont_wght
generated/images/DancingScript-VariableFont_wght/upper/R/0005.png,R,font,DancingScript-VariableFont_wght
generated/images/DancingScript-VariableFont_wght/upper/R/0006.png,R,font,DancingScript-VariableFont_wght
generated/images/DancingScript-VariableFont_wght/upper/R/0007.png,R,font,DancingScript-VariableFont_wght
generated/images/DancingScript-VariableFont_wght/upper/R/0008.png,R,font,DancingScript-VariableFont_wght
generated/images/DancingScript-VariableFont_wght/upper/R/0009.png,R,font,DancingScript-VariableFont_wght
generated/images/DancingScript-VariableFont_wght/upper/R/0010.png,R,font,DancingScript-VariableFont_wght
generated/images/DancingScript-VariableFont_wght/upper/S/0001.png,S,font,DancingScript-VariableFont_wght
generated/images/DancingScript-VariableFont_wght/upper/S/0002.png,S,font,DancingScript-VariableFont_wght
generated/images/DancingScript-VariableFont_wght/upper/S/0003.png,S,font,DancingScript-VariableFont_wght
generated/images/DancingScript-VariableFont_wght/upper/S/0004.png,S,font,DancingScript-VariableFont_wght
generated/images/DancingScript-VariableFont_wght/upper/S/0005.png,S,font,DancingScript-VariableFont_wght
generated/images/DancingScript-VariableFont_wght/upper/S/0006.png,S,font,DancingScript-VariableFont_wght
generated/images/DancingScript-VariableFont_wght/upper/S/0007.png,S,font,DancingScript-VariableFont_wght
generated/images/DancingScript-VariableFont_wght/upper/S/0008.png,S,font,DancingScript-VariableFont_wght
generated/images/DancingScript-VariableFont_wght/upper/S/0009.png,S,font,DancingScript-VariableFont_wght
generated/images/DancingScript-VariableFont_wght/upper/S/0010.png,S,font,DancingScript-VariableFont_wght
generated/images/DancingScript-VariableFont_wght/upper/T/0001.png,T,font,DancingScript-VariableFont_wght
generated/images/DancingScript-VariableFont_wght/upper/T/0002.png,T,font,DancingScript-VariableFont_wght
generated/images/DancingScript-VariableFont_wght/upper/T/0003.png,T,font,DancingScript-VariableFont_wght
generated/images/DancingScript-VariableFont_wght/upper/T/0004.png,T,font,DancingScript-VariableFont_wght
generated/images/DancingScript-VariableFont_wght/upper/T/0005.png,T,font,DancingScript-VariableFont_wght
generated/images/DancingScript-VariableFont_wght/upper/T/0006.png,T,font,DancingScript-VariableFont_wght
generated/images/DancingScript-VariableFont_wght/upper/T/0007.png,T,font,DancingScript-VariableFont_wght
generated/images/DancingScript-VariableFont_wght/upper/T/0008.png,T,font,DancingScript-VariableFont_wght
generated/images/DancingScript-VariableFont_wght/upper/T/0009.png,T,font,DancingScript-VariableFont_wght
generated/images/DancingScript-VariableFont_wght/upper/T/0010.png,T,font,DancingScript-VariableFont_wght
generated/images/DancingScript-VariableFont_wght/upper/U/0001.png,U,font,DancingScript-VariableFont_wght
generated/images/DancingScript-VariableFont_wght/upper/U/0002.png,U,font,DancingScript-VariableFont_wght
generated/images/DancingScript-VariableFont_wght/upper/U/0003.png,U,font,DancingScript-VariableFont_wght
generated/images/DancingScript-VariableFont_wght/upper/U/0004.png,U,font,DancingScript-VariableFont_wght
generated/images/DancingScript-VariableFont_wght/upper/U/0005.png,U,font,DancingScript-VariableFont_wght
generated/images/DancingScript-VariableFont_wght/upper/U/0006.png,U,font,DancingScript-VariableFont_wght
generated/images/DancingScript-VariableFont_wght/upper/U/0007.png,U,font,DancingScript-VariableFont_wght
generated/images/DancingScript-VariableFont_wght/upper/U/0008.png,U,font,DancingScript-VariableFont_wght
generated/images/DancingScript-VariableFont_wght/upper/U/0009.png,U,font,DancingScript-VariableFont_wght
generated/images/DancingScript-VariableFont_wght/upper/U/0010.png,U,font,DancingScript-VariableFont_wght
generated/images/DancingScript-VariableFont_wght/upper/V/0001.png,V,font,DancingScript-VariableFont_wght
generated/images/DancingScript-VariableFont_wght/upper/V/0002.png,V,font,DancingScript-VariableFont_wght
generated/images/DancingScript-VariableFont_wght/upper/V/0003.png,V,font,DancingScript-VariableFont_wght
generated/images/DancingScript-VariableFont_wght/upper/V/0004.png,V,font,DancingScript-VariableFont_wght
generated/images/DancingScript-VariableFont_wght/upper/V/0005.png,V,font,DancingScript-VariableFont_wght
generated/images/DancingScript-VariableFont_wght/upper/V/0006.png,V,font,DancingScript-VariableFont_wght
generated/images/DancingScript-VariableFont_wght/upper/V/0007.png,V,font,DancingScript-VariableFont_wght
generated/images/DancingScript-VariableFont_wght/upper/V/0008.png,V,font,DancingScript-VariableFont_wght
generated/images/DancingScript-VariableFont_wght/upper/V/0009.png,V,font,DancingScript-VariableFont_wght
generated/images/DancingScript-VariableFont_wght/upper/V/0010.png,V,font,DancingScript-VariableFont_wght
generated/images/DancingScript-VariableFont_wght/upper/W/0001.png,W,font,DancingScript-VariableFont_wght
generated/images/DancingScript-VariableFont_wght/upper/W/0002.png,W,font,DancingScript-VariableFont_wght
generated/images/DancingScript-VariableFont_wght/upper/W/0003.png,W,font,DancingScript-VariableFont_wght
generated/images/DancingScript-VariableFont_wght/upper/W/0004.png,W,font,DancingScript-VariableFont_wght
generated/images/DancingScript-VariableFont_wght/upper/W/0005.png,W,font,DancingScript-VariableFont_wght
generated/images/DancingScript-VariableFont_wght/upper/W/0006.png,W,font,DancingScript-VariableFont_wght
generated/images/DancingScript-VariableFont_wght/upper/W/0007.png,W,font,DancingScript-VariableFont_wght
generated/images/DancingScript-VariableFont_wght/upper/W/0008.png,W,font,DancingScript-VariableFont_wght
generated/images/DancingScript-VariableFont_wght/upper/W/0009.png,W,font,DancingScript-VariableFont_wght
generated/images/DancingScript-VariableFont_wght/upper/W/0010.png,W,font,DancingScript-VariableFont_wght
generated/images/DancingScript-VariableFont_wght/upper/X/0001.png,X,font,DancingScript-VariableFont_wght
generated/images/DancingScript-VariableFont_wght/upper/X/0002.png,X,font,DancingScript-VariableFont_wght
generated/images/DancingScript-VariableFont_wght/upper/X/0003.png,X,font,DancingScript-VariableFont_wght
generated/images/DancingScript-VariableFont_wght/upper/X/0004.png,X,font,DancingScript-VariableFont_wght
generated/images/DancingScript-VariableFont_wght/upper/X/0005.png,X,font,DancingScript-VariableFont_wght
generated/images/DancingScript-VariableFont_wght/upper/X/0006.png,X,font,DancingScript-VariableFont_wght
generated/images/DancingScript-VariableFont_wght/upper/X/0007.png,X,font,DancingScript-VariableFont_wght
generated/images/DancingScript-VariableFont_wght/upper/X/0008.png,X,font,DancingScript-VariableFont_wght
generated/images/DancingScript-VariableFont_wght/upper/X/0009.png,X,font,DancingScript-VariableFont_wght
generated/images/DancingScript-VariableFont_wght/upper/X/0010.png,X,font,DancingScript-VariableFont_wght
generated/images/DancingScript-VariableFont_wght/upper/Y/0001.png,Y,font,DancingScript-VariableFont_wght
generated/images/DancingScript-VariableFont_wght/upper/Y/0002.png,Y,font,DancingScript-VariableFont_wght
generated/images/DancingScript-VariableFont_wght/upper/Y/0003.png,Y,font,DancingScript-VariableFont_wght
generated/images/DancingScript-VariableFont_wght/upper/Y/0004.png,Y,font,DancingScript-VariableFont_wght
generated/images/DancingScript-VariableFont_wght/upper/Y/0005.png,Y,font,DancingScript-VariableFont_wght
generated/images/DancingScript-VariableFont_wght/upper/Y/0006.png,Y,font,DancingScript-VariableFont_wght
generated/images/DancingScript-VariableFont_wght/upper/Y/0007.png,Y,font,DancingScript-VariableFont_wght
generated/images/DancingScript-VariableFont_wght/upper/Y/0008.png,Y,font,DancingScript-VariableFont_wght
generated/images/DancingScript-VariableFont_wght/upper/Y/0009.png,Y,font,DancingScript-VariableFont_wght
generated/images/DancingScript-VariableFont_wght/upper/Y/0010.png,Y,font,DancingScript-VariableFont_wght
generated/images/DancingScript-VariableFont_wght/upper/Z/0001.png,Z,font,DancingScript-VariableFont_wght
generated/images/DancingScript-VariableFont_wght/upper/Z/0002.png,Z,font,DancingScript-VariableFont_wght
generated/images/DancingScript-VariableFont_wght/upper/Z/0003.png,Z,font,DancingScript-VariableFont_wght
generated/images/DancingScript-VariableFont_wght/upper/Z/0004.png,Z,font,DancingScript-VariableFont_wght
generated/images/DancingScript-VariableFont_wght/upper/Z/0005.png,Z,font,DancingScript-VariableFont_wght
generated/images/DancingScript-VariableFont_wght/upper/Z/0006.png,Z,font,DancingScript-VariableFont_wght
generated/images/DancingScript-VariableFont_wght/upper/Z/0007.png,Z,font,DancingScript-VariableFont_wght
generated/images/DancingScript-VariableFont_wght/upper/Z/0008.png,Z,font,DancingScript-VariableFont_wght
generated/images/DancingScript-VariableFont_wght/upper/Z/0009.png,Z,font,DancingScript-VariableFont_wght
generated/images/DancingScript-VariableFont_wght/upper/Z/0010.png,Z,font,DancingScript-VariableFont_wght
generated/images/DancingScript-VariableFont_wght/lower/a/0001.png,a,font,DancingScript-VariableFont_wght
generated/images/DancingScript-VariableFont_wght/lower/a/0002.png,a,font,DancingScript-VariableFont_wght
generated/images/DancingScript-VariableFont_wght/lower/a/0003.png,a,font,DancingScript-VariableFont_wght
generated/images/DancingScript-VariableFont_wght/lower/a/0004.png,a,font,DancingScript-VariableFont_wght
generated/images/DancingScript-VariableFont_wght/lower/a/0005.png,a,font,DancingScript-VariableFont_wght
generated/images/DancingScript-VariableFont_wght/lower/a/0006.png,a,font,DancingScript-VariableFont_wght
generated/images/DancingScript-VariableFont_wght/lower/a/0007.png,a,font,DancingScript-VariableFont_wght
generated/images/DancingScript-VariableFont_wght/lower/a/0008.png,a,font,DancingScript-VariableFont_wght
generated/images/DancingScript-VariableFont_wght/lower/a/0009.png,a,font,DancingScript-VariableFont_wght
generated/images/DancingScript-VariableFont_wght/lower/a/0010.png,a,font,DancingScript-VariableFont_wght
generated/images/DancingScript-VariableFont_wght/lower/b/0001.png,b,font,DancingScript-VariableFont_wght
generated/images/DancingScript-VariableFont_wght/lower/b/0002.png,b,font,DancingScript-VariableFont_wght
generated/images/DancingScript-VariableFont_wght/lower/b/0003.png,b,font,DancingScript-VariableFont_wght
generated/images/DancingScript-VariableFont_wght/lower/b/0004.png,b,font,DancingScript-VariableFont_wght
generated/images/DancingScript-VariableFont_wght/lower/b/0005.png,b,font,DancingScript-VariableFont_wght
generated/images/DancingScript-VariableFont_wght/lower/b/0006.png,b,font,DancingScript-VariableFont_wght
generated/images/DancingScript-VariableFont_wght/lower/b/0007.png,b,font,DancingScript-VariableFont_wght
generated/images/DancingScript-VariableFont_wght/lower/b/0008.png,b,font,DancingScript-VariableFont_wght
generated/images/DancingScript-VariableFont_wght/lower/b/0009.png,b,font,DancingScript-VariableFont_wght
generated/images/DancingScript-VariableFont_wght/lower/b/0010.png,b,font,DancingScript-VariableFont_wght
generated/images/DancingScript-VariableFont_wght/lower/c/0001.png,c,font,DancingScript-VariableFont_wght
generated/images/DancingScript-VariableFont_wght/lower/c/0002.png,c,font,DancingScript-VariableFont_wght
generated/images/DancingScript-VariableFont_wght/lower/c/0003.png,c,font,DancingScript-VariableFont_wght
generated/images/DancingScript-VariableFont_wght/lower/c/0004.png,c,font,DancingScript-VariableFont_wght
generated/images/DancingScript-VariableFont_wght/lower/c/0005.png,c,font,DancingScript-VariableFont_wght
generated/images/DancingScript-VariableFont_wght/lower/c/0006.png,c,font,DancingScript-VariableFont_wght
generated/images/DancingScript-VariableFont_wght/lower/c/0007.png,c,font,DancingScript-VariableFont_wght
generated/images/DancingScript-VariableFont_wght/lower/c/0008.png,c,font,DancingScript-VariableFont_wght
generated/images/DancingScript-VariableFont_wght/lower/c/0009.png,c,font,DancingScript-VariableFont_wght
generated/images/DancingScript-VariableFont_wght/lower/c/0010.png,c,font,DancingScript-VariableFont_wght
generated/images/DancingScript-VariableFont_wght/lower/d/0001.png,d,font,DancingScript-VariableFont_wght
generated/images/DancingScript-VariableFont_wght/lower/d/0002.png,d,font,DancingScript-VariableFont_wght
generated/images/DancingScript-VariableFont_wght/lower/d/0003.png,d,font,DancingScript-VariableFont_wght
generated/images/DancingScript-VariableFont_wght/lower/d/0004.png,d,font,DancingScript-VariableFont_wght
generated/images/DancingScript-VariableFont_wght/lower/d/0005.png,d,font,DancingScript-VariableFont_wght
generated/images/DancingScript-VariableFont_wght/lower/d/0006.png,d,font,DancingScript-VariableFont_wght
generated/images/DancingScript-VariableFont_wght/lower/d/0007.png,d,font,DancingScript-VariableFont_wght
generated/images/DancingScript-VariableFont_wght/lower/d/0008.png,d,font,DancingScript-VariableFont_wght
generated/images/DancingScript-VariableFont_wght/lower/d/0009.png,d,font,DancingScript-VariableFont_wght
generated/images/DancingScript-VariableFont_wght/lower/d/0010.png,d,font,DancingScript-VariableFont_wght
generated/images/DancingScript-VariableFont_wght/lower/e/0001.png,e,font,DancingScript-VariableFont_wght
generated/images/DancingScript-VariableFont_wght/lower/e/0002.png,e,font,DancingScript-VariableFont_wght
generated/images/DancingScript-VariableFont_wght/lower/e/0003.png,e,font,DancingScript-VariableFont_wght
generated/images/DancingScript-VariableFont_wght/lower/e/0004.png,e,font,DancingScript-VariableFont_wght
generated/images/DancingScript-VariableFont_wght/lower/e/0005.png,e,font,DancingScript-VariableFont_wght
generated/images/DancingScript-VariableFont_wght/lower/e/0006.png,e,font,DancingScript-VariableFont_wght
generated/images/DancingScript-VariableFont_wght/lower/e/0007.png,e,font,DancingScript-VariableFont_wght
generated/images/DancingScript-VariableFont_wght/lower/e/0008.png,e,font,DancingScript-VariableFont_wght
generated/images/DancingScript-VariableFont_wght/lower/e/0009.png,e,font,DancingScript-VariableFont_wght
generated/images/DancingScript-VariableFont_wght/lower/e/0010.png,e,font,DancingScript-VariableFont_wght
generated/images/DancingScript-VariableFont_wght/lower/f/0001.png,f,font,DancingScript-VariableFont_wght
generated/images/DancingScript-VariableFont_wght/lower/f/0002.png,f,font,DancingScript-VariableFont_wght
generated/images/DancingScript-VariableFont_wght/lower/f/0003.png,f,font,DancingScript-VariableFont_wght
generated/images/DancingScript-VariableFont_wght/lower/f/0004.png,f,font,DancingScript-VariableFont_wght
generated/images/DancingScript-VariableFont_wght/lower/f/0005.png,f,font,DancingScript-VariableFont_wght
generated/images/DancingScript-VariableFont_wght/lower/f/0006.png,f,font,DancingScript-VariableFont_wght
generated/images/DancingScript-VariableFont_wght/lower/f/0007.png,f,font,DancingScript-VariableFont_wght
generated/images/DancingScript-VariableFont_wght/lower/f/0008.png,f,font,DancingScript-VariableFont_wght
generated/images/DancingScript-VariableFont_wght/lower/f/0009.png,f,font,DancingScript-VariableFont_wght
generated/images/DancingScript-VariableFont_wght/lower/f/0010.png,f,font,DancingScript-VariableFont_wght
generated/images/DancingScript-VariableFont_wght/lower/g/0001.png,g,font,DancingScript-VariableFont_wght
generated/images/DancingScript-VariableFont_wght/lower/g/0002.png,g,font,DancingScript-VariableFont_wght
generated/images/DancingScript-VariableFont_wght/lower/g/0003.png,g,font,DancingScript-VariableFont_wght
generated/images/DancingScript-VariableFont_wght/lower/g/0004.png,g,font,DancingScript-VariableFont_wght
generated/images/DancingScript-VariableFont_wght/lower/g/0005.png,g,font,DancingScript-VariableFont_wght
generated/images/DancingScript-VariableFont_wght/lower/g/0006.png,g,font,DancingScript-VariableFont_wght
generated/images/DancingScript-VariableFont_wght/lower/g/0007.png,g,font,DancingScript-VariableFont_wght
generated/images/DancingScript-VariableFont_wght/lower/g/0008.png,g,font,DancingScript-VariableFont_wght
generated/images/DancingScript-VariableFont_wght/lower/g/0009.png,g,font,DancingScript-VariableFont_wght
generated/images/DancingScript-VariableFont_wght/lower/g/0010.png,g,font,DancingScript-VariableFont_wght
generated/images/DancingScript-VariableFont_wght/lower/h/0001.png,h,font,DancingScript-VariableFont_wght
generated/images/DancingScript-VariableFont_wght/lower/h/0002.png,h,font,DancingScript-VariableFont_wght
generated/images/DancingScript-VariableFont_wght/lower/h/0003.png,h,font,DancingScript-VariableFont_wght
generated/images/DancingScript-VariableFont_wght/lower/h/0004.png,h,font,DancingScript-VariableFont_wght
generated/images/DancingScript-VariableFont_wght/lower/h/0005.png,h,font,DancingScript-VariableFont_wght
generated/images/DancingScript-VariableFont_wght/lower/h/0006.png,h,font,DancingScript-VariableFont_wght
generated/images/DancingScript-VariableFont_wght/lower/h/0007.png,h,font,DancingScript-VariableFont_wght
generated/images/DancingScript-VariableFont_wght/lower/h/0008.png,h,font,DancingScript-VariableFont_wght
generated/images/DancingScript-VariableFont_wght/lower/h/0009.png,h,font,DancingScript-VariableFont_wght
generated/images/DancingScript-VariableFont_wght/lower/h/0010.png,h,font,DancingScript-VariableFont_wght
generated/images/DancingScript-VariableFont_wght/lower/i/0001.png,i,font,DancingScript-VariableFont_wght
generated/images/DancingScript-VariableFont_wght/lower/i/0002.png,i,font,DancingScript-VariableFont_wght
generated/images/DancingScript-VariableFont_wght/lower/i/0003.png,i,font,DancingScript-VariableFont_wght
generated/images/DancingScript-VariableFont_wght/lower/i/0004.png,i,font,DancingScript-VariableFont_wght
generated/images/DancingScript-VariableFont_wght/lower/i/0005.png,i,font,DancingScript-VariableFont_wght
generated/images/DancingScript-VariableFont_wght/lower/i/0006.png,i,font,DancingScript-VariableFont_wght
generated/images/DancingScript-VariableFont_wght/lower/i/0007.png,i,font,DancingScript-VariableFont_wght
generated/images/DancingScript-VariableFont_wght/lower/i/0008.png,i,font,DancingScript-VariableFont_wght
generated/images/DancingScript-VariableFont_wght/lower/i/0009.png,i,font,DancingScript-VariableFont_wght
generated/images/DancingScript-VariableFont_wght/lower/i/0010.png,i,font,DancingScript-VariableFont_wght
generated/images/DancingScript-VariableFont_wght/lower/j/0001.png,j,font,DancingScript-VariableFont_wght
generated/images/DancingScript-VariableFont_wght/lower/j/0002.png,j,font,DancingScript-VariableFont_wght
generated/images/DancingScript-VariableFont_wght/lower/j/0003.png,j,font,DancingScript-VariableFont_wght
generated/images/DancingScript-VariableFont_wght/lower/j/0004.png,j,font,DancingScript-VariableFont_wght
generated/images/DancingScript-VariableFont_wght/lower/j/0005.png,j,font,DancingScript-VariableFont_wght
generated/images/DancingScript-VariableFont_wght/lower/j/0006.png,j,font,DancingScript-VariableFont_wght
generated/images/DancingScript-VariableFont_wght/lower/j/0007.png,j,font,DancingScript-VariableFont_wght
generated/images/DancingScript-VariableFont_wght/lower/j/0008.png,j,font,DancingScript-VariableFont_wght
generated/images/DancingScript-VariableFont_wght/lower/j/0009.png,j,font,DancingScript-VariableFont_wght
generated/images/DancingScript-VariableFont_wght/lower/j/0010.png,j,font,DancingScript-VariableFont_wght
generated/images/DancingScript-VariableFont_wght/lower/k/0001.png,k,font,DancingScript-VariableFont_wght
generated/images/DancingScript-VariableFont_wght/lower/k/0002.png,k,font,DancingScript-VariableFont_wght
generated/images/DancingScript-VariableFont_wght/lower/k/0003.png,k,font,DancingScript-VariableFont_wght
generated/images/DancingScript-VariableFont_wght/lower/k/0004.png,k,font,DancingScript-VariableFont_wght
generated/images/DancingScript-VariableFont_wght/lower/k/0005.png,k,font,DancingScript-VariableFont_wght
generated/images/DancingScript-VariableFont_wght/lower/k/0006.png,k,font,DancingScript-VariableFont_wght
generated/images/DancingScript-VariableFont_wght/lower/k/0007.png,k,font,DancingScript-VariableFont_wght
generated/images/DancingScript-VariableFont_wght/lower/k/0008.png,k,font,DancingScript-VariableFont_wght
generated/images/DancingScript-VariableFont_wght/lower/k/0009.png,k,font,DancingScript-VariableFont_wght
generated/images/DancingScript-VariableFont_wght/lower/k/0010.png,k,font,DancingScript-VariableFont_wght
generated/images/DancingScript-VariableFont_wght/lower/l/0001.png,l,font,DancingScript-VariableFont_wght
generated/images/DancingScript-VariableFont_wght/lower/l/0002.png,l,font,DancingScript-VariableFont_wght
generated/images/DancingScript-VariableFont_wght/lower/l/0003.png,l,font,DancingScript-VariableFont_wght
generated/images/DancingScript-VariableFont_wght/lower/l/0004.png,l,font,DancingScript-VariableFont_wght
generated/images/DancingScript-VariableFont_wght/lower/l/0005.png,l,font,DancingScript-VariableFont_wght
generated/images/DancingScript-VariableFont_wght/lower/l/0006.png,l,font,DancingScript-VariableFont_wght
generated/images/DancingScript-VariableFont_wght/lower/l/0007.png,l,font,DancingScript-VariableFont_wght
generated/images/DancingScript-VariableFont_wght/lower/l/0008.png,l,font,DancingScript-VariableFont_wght
generated/images/DancingScript-VariableFont_wght/lower/l/0009.png,l,font,DancingScript-VariableFont_wght
generated/images/DancingScript-VariableFont_wght/lower/l/0010.png,l,font,DancingScript-VariableFont_wght
generated/images/DancingScript-VariableFont_wght/lower/m/0001.png,m,font,DancingScript-VariableFont_wght
generated/images/DancingScript-VariableFont_wght/lower/m/0002.png,m,font,DancingScript-VariableFont_wght
generated/images/DancingScript-VariableFont_wght/lower/m/0003.png,m,font,DancingScript-VariableFont_wght
generated/images/DancingScript-VariableFont_wght/lower/m/0004.png,m,font,DancingScript-VariableFont_wght
generated/images/DancingScript-VariableFont_wght/lower/m/0005.png,m,font,DancingScript-VariableFont_wght
generated/images/DancingScript-VariableFont_wght/lower/m/0006.png,m,font,DancingScript-VariableFont_wght
generated/images/DancingScript-VariableFont_wght/lower/m/0007.png,m,font,DancingScript-VariableFont_wght
generated/images/DancingScript-VariableFont_wght/lower/m/0008.png,m,font,DancingScript-VariableFont_wght
generated/images/DancingScript-VariableFont_wght/lower/m/0009.png,m,font,DancingScript-VariableFont_wght
generated/images/DancingScript-VariableFont_wght/lower/m/0010.png,m,font,DancingScript-VariableFont_wght
generated/images/DancingScript-VariableFont_wght/lower/n/0001.png,n,font,DancingScript-VariableFont_wght
generated/images/DancingScript-VariableFont_wght/lower/n/0002.png,n,font,DancingScript-VariableFont_wght
generated/images/DancingScript-VariableFont_wght/lower/n/0003.png,n,font,DancingScript-VariableFont_wght
generated/images/DancingScript-VariableFont_wght/lower/n/0004.png,n,font,DancingScript-VariableFont_wght
generated/images/DancingScript-VariableFont_wght/lower/n/0005.png,n,font,DancingScript-VariableFont_wght
generated/images/DancingScript-VariableFont_wght/lower/n/0006.png,n,font,DancingScript-VariableFont_wght
generated/images/DancingScript-VariableFont_wght/lower/n/0007.png,n,font,DancingScript-VariableFont_wght
generated/images/DancingScript-VariableFont_wght/lower/n/0008.png,n,font,DancingScript-VariableFont_wght
generated/images/DancingScript-VariableFont_wght/lower/n/0009.png,n,font,DancingScript-VariableFont_wght
generated/images/DancingScript-VariableFont_wght/lower/n/0010.png,n,font,DancingScript-VariableFont_wght
generated/images/DancingScript-VariableFont_wght/lower/o/0001.png,o,font,DancingScript-VariableFont_wght
generated/images/DancingScript-VariableFont_wght/lower/o/0002.png,o,font,DancingScript-VariableFont_wght
generated/images/DancingScript-VariableFont_wght/lower/o/0003.png,o,font,DancingScript-VariableFont_wght
generated/images/DancingScript-VariableFont_wght/lower/o/0004.png,o,font,DancingScript-VariableFont_wght
generated/images/DancingScript-VariableFont_wght/lower/o/0005.png,o,font,DancingScript-VariableFont_wght
generated/images/DancingScript-VariableFont_wght/lower/o/0006.png,o,font,DancingScript-VariableFont_wght
generated/images/DancingScript-VariableFont_wght/lower/o/0007.png,o,font,DancingScript-VariableFont_wght
generated/images/DancingScript-VariableFont_wght/lower/o/0008.png,o,font,DancingScript-VariableFont_wght
generated/images/DancingScript-VariableFont_wght/lower/o/0009.png,o,font,DancingScript-VariableFont_wght
generated/images/DancingScript-VariableFont_wght/lower/o/0010.png,o,font,DancingScript-VariableFont_wght
generated/images/DancingScript-VariableFont_wght/lower/p/0001.png,p,font,DancingScript-VariableFont_wght
generated/images/DancingScript-VariableFont_wght/lower/p/0002.png,p,font,DancingScript-VariableFont_wght
generated/images/DancingScript-VariableFont_wght/lower/p/0003.png,p,font,DancingScript-VariableFont_wght
generated/images/DancingScript-VariableFont_wght/lower/p/0004.png,p,font,DancingScript-VariableFont_wght
generated/images/DancingScript-VariableFont_wght/lower/p/0005.png,p,font,DancingScript-VariableFont_wght
generated/images/DancingScript-VariableFont_wght/lower/p/0006.png,p,font,DancingScript-VariableFont_wght
generated/images/DancingScript-VariableFont_wght/lower/p/0007.png,p,font,DancingScript-VariableFont_wght
generated/images/DancingScript-VariableFont_wght/lower/p/0008.png,p,font,DancingScript-VariableFont_wght
generated/images/DancingScript-VariableFont_wght/lower/p/0009.png,p,font,DancingScript-VariableFont_wght
generated/images/DancingScript-VariableFont_wght/lower/p/0010.png,p,font,DancingScript-VariableFont_wght
generated/images/DancingScript-VariableFont_wght/lower/q/0001.png,q,font,DancingScript-VariableFont_wght
generated/images/DancingScript-VariableFont_wght/lower/q/0002.png,q,font,DancingScript-VariableFont_wght
generated/images/DancingScript-VariableFont_wght/lower/q/0003.png,q,font,DancingScript-VariableFont_wght
generated/images/DancingScript-VariableFont_wght/lower/q/0004.png,q,font,DancingScript-VariableFont_wght
generated/images/DancingScript-VariableFont_wght/lower/q/0005.png,q,font,DancingScript-VariableFont_wght
generated/images/DancingScript-VariableFont_wght/lower/q/0006.png,q,font,DancingScript-VariableFont_wght
generated/images/DancingScript-VariableFont_wght/lower/q/0007.png,q,font,DancingScript-VariableFont_wght
generated/images/DancingScript-VariableFont_wght/lower/q/0008.png,q,font,DancingScript-VariableFont_wght
generated/images/DancingScript-VariableFont_wght/lower/q/0009.png,q,font,DancingScript-VariableFont_wght
generated/images/DancingScript-VariableFont_wght/lower/q/0010.png,q,font,DancingScript-VariableFont_wght
generated/images/DancingScript-VariableFont_wght/lower/r/0001.png,r,font,DancingScript-VariableFont_wght
generated/images/DancingScript-VariableFont_wght/lower/r/0002.png,r,font,DancingScript-VariableFont_wght
generated/images/DancingScript-VariableFont_wght/lower/r/0003.png,r,font,DancingScript-VariableFont_wght
generated/images/DancingScript-VariableFont_wght/lower/r/0004.png,r,font,DancingScript-VariableFont_wght
generated/images/DancingScript-VariableFont_wght/lower/r/0005.png,r,font,DancingScript-VariableFont_wght
generated/images/DancingScript-VariableFont_wght/lower/r/0006.png,r,font,DancingScript-VariableFont_wght
generated/images/DancingScript-VariableFont_wght/lower/r/0007.png,r,font,DancingScript-VariableFont_wght
generated/images/DancingScript-VariableFont_wght/lower/r/0008.png,r,font,DancingScript-VariableFont_wght
generated/images/DancingScript-VariableFont_wght/lower/r/0009.png,r,font,DancingScript-VariableFont_wght
generated/images/DancingScript-VariableFont_wght/lower/r/0010.png,r,font,DancingScript-VariableFont_wght
generated/images/DancingScript-VariableFont_wght/lower/s/0001.png,s,font,DancingScript-VariableFont_wght
generated/images/DancingScript-VariableFont_wght/lower/s/0002.png,s,font,DancingScript-VariableFont_wght
generated/images/DancingScript-VariableFont_wght/lower/s/0003.png,s,font,DancingScript-VariableFont_wght
generated/images/DancingScript-VariableFont_wght/lower/s/0004.png,s,font,DancingScript-VariableFont_wght
generated/images/DancingScript-VariableFont_wght/lower/s/0005.png,s,font,DancingScript-VariableFont_wght
generated/images/DancingScript-VariableFont_wght/lower/s/0006.png,s,font,DancingScript-VariableFont_wght
generated/images/DancingScript-VariableFont_wght/lower/s/0007.png,s,font,DancingScript-VariableFont_wght
generated/images/DancingScript-VariableFont_wght/lower/s/0008.png,s,font,DancingScript-VariableFont_wght
generated/images/DancingScript-VariableFont_wght/lower/s/0009.png,s,font,DancingScript-VariableFont_wght
generated/images/DancingScript-VariableFont_wght/lower/s/0010.png,s,font,DancingScript-VariableFont_wght
generated/images/DancingScript-VariableFont_wght/lower/t/0001.png,t,font,DancingScript-VariableFont_wght
generated/images/DancingScript-VariableFont_wght/lower/t/0002.png,t,font,DancingScript-VariableFont_wght
generated/images/DancingScript-VariableFont_wght/lower/t/0003.png,t,font,DancingScript-VariableFont_wght
generated/images/DancingScript-VariableFont_wght/lower/t/0004.png,t,font,DancingScript-VariableFont_wght
generated/images/DancingScript-VariableFont_wght/lower/t/0005.png,t,font,DancingScript-VariableFont_wght
generated/images/DancingScript-VariableFont_wght/lower/t/0006.png,t,font,DancingScript-VariableFont_wght
generated/images/DancingScript-VariableFont_wght/lower/t/0007.png,t,font,DancingScript-VariableFont_wght
generated/images/DancingScript-VariableFont_wght/lower/t/0008.png,t,font,DancingScript-VariableFont_wght
generated/images/DancingScript-VariableFont_wght/lower/t/0009.png,t,font,DancingScript-VariableFont_wght
generated/images/DancingScript-VariableFont_wght/lower/t/0010.png,t,font,DancingScript-VariableFont_wght
generated/images/DancingScript-VariableFont_wght/lower/u/0001.png,u,font,DancingScript-VariableFont_wght
generated/images/DancingScript-VariableFont_wght/lower/u/0002.png,u,font,DancingScript-VariableFont_wght
generated/images/DancingScript-VariableFont_wght/lower/u/0003.png,u,font,DancingScript-VariableFont_wght
generated/images/DancingScript-VariableFont_wght/lower/u/0004.png,u,font,DancingScript-VariableFont_wght
generated/images/DancingScript-VariableFont_wght/lower/u/0005.png,u,font,DancingScript-VariableFont_wght
generated/images/DancingScript-VariableFont_wght/lower/u/0006.png,u,font,DancingScript-VariableFont_wght
generated/images/DancingScript-VariableFont_wght/lower/u/0007.png,u,font,DancingScript-VariableFont_wght
generated/images/DancingScript-VariableFont_wght/lower/u/0008.png,u,font,DancingScript-VariableFont_wght
generated/images/DancingScript-VariableFont_wght/lower/u/0009.png,u,font,DancingScript-VariableFont_wght
generated/images/DancingScript-VariableFont_wght/lower/u/0010.png,u,font,DancingScript-VariableFont_wght
generated/images/DancingScript-VariableFont_wght/lower/v/0001.png,v,font,DancingScript-VariableFont_wght
generated/images/DancingScript-VariableFont_wght/lower/v/0002.png,v,font,DancingScript-VariableFont_wght
generated/images/DancingScript-VariableFont_wght/lower/v/0003.png,v,font,DancingScript-VariableFont_wght
generated/images/DancingScript-VariableFont_wght/lower/v/0004.png,v,font,DancingScript-VariableFont_wght
generated/images/DancingScript-VariableFont_wght/lower/v/0005.png,v,font,DancingScript-VariableFont_wght
generated/images/DancingScript-VariableFont_wght/lower/v/0006.png,v,font,DancingScript-VariableFont_wght
generated/images/DancingScript-VariableFont_wght/lower/v/0007.png,v,font,DancingScript-VariableFont_wght
generated/images/DancingScript-VariableFont_wght/lower/v/0008.png,v,font,DancingScript-VariableFont_wght
generated/images/DancingScript-VariableFont_wght/lower/v/0009.png,v,font,DancingScript-VariableFont_wght
generated/images/DancingScript-VariableFont_wght/lower/v/0010.png,v,font,DancingScript-VariableFont_wght
generated/images/DancingScript-VariableFont_wght/lower/w/0001.png,w,font,DancingScript-VariableFont_wght
generated/images/DancingScript-VariableFont_wght/lower/w/0002.png,w,font,DancingScript-VariableFont_wght
generated/images/DancingScript-VariableFont_wght/lower/w/0003.png,w,font,DancingScript-VariableFont_wght
generated/images/DancingScript-VariableFont_wght/lower/w/0004.png,w,font,DancingScript-VariableFont_wght
generated/images/DancingScript-VariableFont_wght/lower/w/0005.png,w,font,DancingScript-VariableFont_wght
generated/images/DancingScript-VariableFont_wght/lower/w/0006.png,w,font,DancingScript-VariableFont_wght
generated/images/DancingScript-VariableFont_wght/lower/w/0007.png,w,font,DancingScript-VariableFont_wght
generated/images/DancingScript-VariableFont_wght/lower/w/0008.png,w,font,DancingScript-VariableFont_wght
generated/images/DancingScript-VariableFont_wght/lower/w/0009.png,w,font,DancingScript-VariableFont_wght
generated/images/DancingScript-VariableFont_wght/lower/w/0010.png,w,font,DancingScript-VariableFont_wght
generated/images/DancingScript-VariableFont_wght/lower/x/0001.png,x,font,DancingScript-VariableFont_wght
generated/images/DancingScript-VariableFont_wght/lower/x/0002.png,x,font,DancingScript-VariableFont_wght
generated/images/DancingScript-VariableFont_wght/lower/x/0003.png,x,font,DancingScript-VariableFont_wght
generated/images/DancingScript-VariableFont_wght/lower/x/0004.png,x,font,DancingScript-VariableFont_wght
generated/images/DancingScript-VariableFont_wght/lower/x/0005.png,x,font,DancingScript-VariableFont_wght
generated/images/DancingScript-VariableFont_wght/lower/x/0006.png,x,font,DancingScript-VariableFont_wght
generated/images/DancingScript-VariableFont_wght/lower/x/0007.png,x,font,DancingScript-VariableFont_wght
generated/images/DancingScript-VariableFont_wght/lower/x/0008.png,x,font,DancingScript-VariableFont_wght
generated/images/DancingScript-VariableFont_wght/lower/x/0009.png,x,font,DancingScript-VariableFont_wght
generated/images/DancingScript-VariableFont_wght/lower/x/0010.png,x,font,DancingScript-VariableFont_wght
generated/images/DancingScript-VariableFont_wght/lower/y/0001.png,y,font,DancingScript-VariableFont_wght
generated/images/DancingScript-VariableFont_wght/lower/y/0002.png,y,font,DancingScript-VariableFont_wght
generated/images/DancingScript-VariableFont_wght/lower/y/0003.png,y,font,DancingScript-VariableFont_wght
generated/images/DancingScript-VariableFont_wght/lower/y/0004.png,y,font,DancingScript-VariableFont_wght
generated/images/DancingScript-VariableFont_wght/lower/y/0005.png,y,font,DancingScript-VariableFont_wght
generated/images/DancingScript-VariableFont_wght/lower/y/0006.png,y,font,DancingScript-VariableFont_wght
generated/images/DancingScript-VariableFont_wght/lower/y/0007.png,y,font,DancingScript-VariableFont_wght
generated/images/DancingScript-VariableFont_wght/lower/y/0008.png,y,font,DancingScript-VariableFont_wght
generated/images/DancingScript-VariableFont_wght/lower/y/0009.png,y,font,DancingScript-VariableFont_wght
generated/images/DancingScript-VariableFont_wght/lower/y/0010.png,y,font,DancingScript-VariableFont_wght
generated/images/DancingScript-VariableFont_wght/lower/z/0001.png,z,font,DancingScript-VariableFont_wght
generated/images/DancingScript-VariableFont_wght/lower/z/0002.png,z,font,DancingScript-VariableFont_wght
generated/images/DancingScript-VariableFont_wght/lower/z/0003.png,z,font,DancingScript-VariableFont_wght
generated/images/DancingScript-VariableFont_wght/lower/z/0004.png,z,font,DancingScript-VariableFont_wght
generated/images/DancingScript-VariableFont_wght/lower/z/0005.png,z,font,DancingScript-VariableFont_wght
generated/images/DancingScript-VariableFont_wght/lower/z/0006.png,z,font,DancingScript-VariableFont_wght
generated/images/DancingScript-VariableFont_wght/lower/z/0007.png,z,font,DancingScript-VariableFont_wght
generated/images/DancingScript-VariableFont_wght/lower/z/0008.png,z,font,DancingScript-VariableFont_wght
generated/images/DancingScript-VariableFont_wght/lower/z/0009.png,z,font,DancingScript-VariableFont_wght
generated/images/DancingScript-VariableFont_wght/lower/z/0010.png,z,font,DancingScript-VariableFont_wght
generated/images/Handlee-Regular/digit/0/0001.png,0,font,Handlee-Regular
generated/images/Handlee-Regular/digit/0/0002.png,0,font,Handlee-Regular
generated/images/Handlee-Regular/digit/0/0003.png,0,font,Handlee-Regular
generated/images/Handlee-Regular/digit/0/0004.png,0,font,Handlee-Regular
generated/images/Handlee-Regular/digit/0/0005.png,0,font,Handlee-Regular
generated/images/Handlee-Regular/digit/0/0006.png,0,font,Handlee-Regular
generated/images/Handlee-Regular/digit/0/0007.png,0,font,Handlee-Regular
generated/images/Handlee-Regular/digit/0/0008.png,0,font,Handlee-Regular
generated/images/Handlee-Regular/digit/0/0009.png,0,font,Handlee-Regular
generated/images/Handlee-Regular/digit/0/0010.png,0,font,Handlee-Regular
generated/images/Handlee-Regular/digit/1/0001.png,1,font,Handlee-Regular
generated/images/Handlee-Regular/digit/1/0002.png,1,font,Handlee-Regular
generated/images/Handlee-Regular/digit/1/0003.png,1,font,Handlee-Regular
generated/images/Handlee-Regular/digit/1/0004.png,1,font,Handlee-Regular
generated/images/Handlee-Regular/digit/1/0005.png,1,font,Handlee-Regular
generated/images/Handlee-Regular/digit/1/0006.png,1,font,Handlee-Regular
generated/images/Handlee-Regular/digit/1/0007.png,1,font,Handlee-Regular
generated/images/Handlee-Regular/digit/1/0008.png,1,font,Handlee-Regular
generated/images/Handlee-Regular/digit/1/0009.png,1,font,Handlee-Regular
generated/images/Handlee-Regular/digit/1/0010.png,1,font,Handlee-Regular
generated/images/Handlee-Regular/digit/2/0001.png,2,font,Handlee-Regular
generated/images/Handlee-Regular/digit/2/0002.png,2,font,Handlee-Regular
generated/images/Handlee-Regular/digit/2/0003.png,2,font,Handlee-Regular
generated/images/Handlee-Regular/digit/2/0004.png,2,font,Handlee-Regular
generated/images/Handlee-Regular/digit/2/0005.png,2,font,Handlee-Regular
generated/images/Handlee-Regular/digit/2/0006.png,2,font,Handlee-Regular
generated/images/Handlee-Regular/digit/2/0007.png,2,font,Handlee-Regular
generated/images/Handlee-Regular/digit/2/0008.png,2,font,Handlee-Regular
generated/images/Handlee-Regular/digit/2/0009.png,2,font,Handlee-Regular
generated/images/Handlee-Regular/digit/2/0010.png,2,font,Handlee-Regular
generated/images/Handlee-Regular/digit/3/0001.png,3,font,Handlee-Regular
generated/images/Handlee-Regular/digit/3/0002.png,3,font,Handlee-Regular
generated/images/Handlee-Regular/digit/3/0003.png,3,font,Handlee-Regular
generated/images/Handlee-Regular/digit/3/0004.png,3,font,Handlee-Regular
generated/images/Handlee-Regular/digit/3/0005.png,3,font,Handlee-Regular
generated/images/Handlee-Regular/digit/3/0006.png,3,font,Handlee-Regular
generated/images/Handlee-Regular/digit/3/0007.png,3,font,Handlee-Regular
generated/images/Handlee-Regular/digit/3/0008.png,3,font,Handlee-Regular
generated/images/Handlee-Regular/digit/3/0009.png,3,font,Handlee-Regular
generated/images/Handlee-Regular/digit/3/0010.png,3,font,Handlee-Regular
generated/images/Handlee-Regular/digit/4/0001.png,4,font,Handlee-Regular
generated/images/Handlee-Regular/digit/4/0002.png,4,font,Handlee-Regular
generated/images/Handlee-Regular/digit/4/0003.png,4,font,Handlee-Regular
generated/images/Handlee-Regular/digit/4/0004.png,4,font,Handlee-Regular
generated/images/Handlee-Regular/digit/4/0005.png,4,font,Handlee-Regular
generated/images/Handlee-Regular/digit/4/0006.png,4,font,Handlee-Regular
generated/images/Handlee-Regular/digit/4/0007.png,4,font,Handlee-Regular
generated/images/Handlee-Regular/digit/4/0008.png,4,font,Handlee-Regular
generated/images/Handlee-Regular/digit/4/0009.png,4,font,Handlee-Regular
generated/images/Handlee-Regular/digit/4/0010.png,4,font,Handlee-Regular
generated/images/Handlee-Regular/digit/5/0001.png,5,font,Handlee-Regular
generated/images/Handlee-Regular/digit/5/0002.png,5,font,Handlee-Regular
generated/images/Handlee-Regular/digit/5/0003.png,5,font,Handlee-Regular
generated/images/Handlee-Regular/digit/5/0004.png,5,font,Handlee-Regular
generated/images/Handlee-Regular/digit/5/0005.png,5,font,Handlee-Regular
generated/images/Handlee-Regular/digit/5/0006.png,5,font,Handlee-Regular
generated/images/Handlee-Regular/digit/5/0007.png,5,font,Handlee-Regular
generated/images/Handlee-Regular/digit/5/0008.png,5,font,Handlee-Regular
generated/images/Handlee-Regular/digit/5/0009.png,5,font,Handlee-Regular
generated/images/Handlee-Regular/digit/5/0010.png,5,font,Handlee-Regular
generated/images/Handlee-Regular/digit/6/0001.png,6,font,Handlee-Regular
generated/images/Handlee-Regular/digit/6/0002.png,6,font,Handlee-Regular
generated/images/Handlee-Regular/digit/6/0003.png,6,font,Handlee-Regular
generated/images/Handlee-Regular/digit/6/0004.png,6,font,Handlee-Regular
generated/images/Handlee-Regular/digit/6/0005.png,6,font,Handlee-Regular
generated/images/Handlee-Regular/digit/6/0006.png,6,font,Handlee-Regular
generated/images/Handlee-Regular/digit/6/0007.png,6,font,Handlee-Regular
generated/images/Handlee-Regular/digit/6/0008.png,6,font,Handlee-Regular
generated/images/Handlee-Regular/digit/6/0009.png,6,font,Handlee-Regular
generated/images/Handlee-Regular/digit/6/0010.png,6,font,Handlee-Regular
generated/images/Handlee-Regular/digit/7/0001.png,7,font,Handlee-Regular
generated/images/Handlee-Regular/digit/7/0002.png,7,font,Handlee-Regular
generated/images/Handlee-Regular/digit/7/0003.png,7,font,Handlee-Regular
generated/images/Handlee-Regular/digit/7/0004.png,7,font,Handlee-Regular
generated/images/Handlee-Regular/digit/7/0005.png,7,font,Handlee-Regular
generated/images/Handlee-Regular/digit/7/0006.png,7,font,Handlee-Regular
generated/images/Handlee-Regular/digit/7/0007.png,7,font,Handlee-Regular
generated/images/Handlee-Regular/digit/7/0008.png,7,font,Handlee-Regular
generated/images/Handlee-Regular/digit/7/0009.png,7,font,Handlee-Regular
generated/images/Handlee-Regular/digit/7/0010.png,7,font,Handlee-Regular
generated/images/Handlee-Regular/digit/8/0001.png,8,font,Handlee-Regular
generated/images/Handlee-Regular/digit/8/0002.png,8,font,Handlee-Regular
generated/images/Handlee-Regular/digit/8/0003.png,8,font,Handlee-Regular
generated/images/Handlee-Regular/digit/8/0004.png,8,font,Handlee-Regular
generated/images/Handlee-Regular/digit/8/0005.png,8,font,Handlee-Regular
generated/images/Handlee-Regular/digit/8/0006.png,8,font,Handlee-Regular
generated/images/Handlee-Regular/digit/8/0007.png,8,font,Handlee-Regular
generated/images/Handlee-Regular/digit/8/0008.png,8,font,Handlee-Regular
generated/images/Handlee-Regular/digit/8/0009.png,8,font,Handlee-Regular
generated/images/Handlee-Regular/digit/8/0010.png,8,font,Handlee-Regular
generated/images/Handlee-Regular/digit/9/0001.png,9,font,Handlee-Regular
generated/images/Handlee-Regular/digit/9/0002.png,9,font,Handlee-Regular
generated/images/Handlee-Regular/digit/9/0003.png,9,font,Handlee-Regular
generated/images/Handlee-Regular/digit/9/0004.png,9,font,Handlee-Regular
generated/images/Handlee-Regular/digit/9/0005.png,9,font,Handlee-Regular
generated/images/Handlee-Regular/digit/9/0006.png,9,font,Handlee-Regular
generated/images/Handlee-Regular/digit/9/0007.png,9,font,Handlee-Regular
generated/images/Handlee-Regular/digit/9/0008.png,9,font,Handlee-Regular
generated/images/Handlee-Regular/digit/9/0009.png,9,font,Handlee-Regular
generated/images/Handlee-Regular/digit/9/0010.png,9,font,Handlee-Regular
generated/images/Handlee-Regular/upper/A/0001.png,A,font,Handlee-Regular
generated/images/Handlee-Regular/upper/A/0002.png,A,font,Handlee-Regular
generated/images/Handlee-Regular/upper/A/0003.png,A,font,Handlee-Regular
generated/images/Handlee-Regular/upper/A/0004.png,A,font,Handlee-Regular
generated/images/Handlee-Regular/upper/A/0005.png,A,font,Handlee-Regular
generated/images/Handlee-Regular/upper/A/0006.png,A,font,Handlee-Regular
generated/images/Handlee-Regular/upper/A/0007.png,A,font,Handlee-Regular
generated/images/Handlee-Regular/upper/A/0008.png,A,font,Handlee-Regular
generated/images/Handlee-Regular/upper/A/0009.png,A,font,Handlee-Regular
generated/images/Handlee-Regular/upper/A/0010.png,A,font,Handlee-Regular
generated/images/Handlee-Regular/upper/B/0001.png,B,font,Handlee-Regular
generated/images/Handlee-Regular/upper/B/0002.png,B,font,Handlee-Regular
generated/images/Handlee-Regular/upper/B/0003.png,B,font,Handlee-Regular
generated/images/Handlee-Regular/upper/B/0004.png,B,font,Handlee-Regular
generated/images/Handlee-Regular/upper/B/0005.png,B,font,Handlee-Regular
generated/images/Handlee-Regular/upper/B/0006.png,B,font,Handlee-Regular
generated/images/Handlee-Regular/upper/B/0007.png,B,font,Handlee-Regular
generated/images/Handlee-Regular/upper/B/0008.png,B,font,Handlee-Regular
generated/images/Handlee-Regular/upper/B/0009.png,B,font,Handlee-Regular
generated/images/Handlee-Regular/upper/B/0010.png,B,font,Handlee-Regular
generated/images/Handlee-Regular/upper/C/0001.png,C,font,Handlee-Regular
generated/images/Handlee-Regular/upper/C/0002.png,C,font,Handlee-Regular
generated/images/Handlee-Regular/upper/C/0003.png,C,font,Handlee-Regular
generated/images/Handlee-Regular/upper/C/0004.png,C,font,Handlee-Regular
generated/images/Handlee-Regular/upper/C/0005.png,C,font,Handlee-Regular
generated/images/Handlee-Regular/upper/C/0006.png,C,font,Handlee-Regular
generated/images/Handlee-Regular/upper/C/0007.png,C,font,Handlee-Regular
generated/images/Handlee-Regular/upper/C/0008.png,C,font,Handlee-Regular
generated/images/Handlee-Regular/upper/C/0009.png,C,font,Handlee-Regular
generated/images/Handlee-Regular/upper/C/0010.png,C,font,Handlee-Regular
generated/images/Handlee-Regular/upper/D/0001.png,D,font,Handlee-Regular
generated/images/Handlee-Regular/upper/D/0002.png,D,font,Handlee-Regular
generated/images/Handlee-Regular/upper/D/0003.png,D,font,Handlee-Regular
generated/images/Handlee-Regular/upper/D/0004.png,D,font,Handlee-Regular
generated/images/Handlee-Regular/upper/D/0005.png,D,font,Handlee-Regular
generated/images/Handlee-Regular/upper/D/0006.png,D,font,Handlee-Regular
generated/images/Handlee-Regular/upper/D/0007.png,D,font,Handlee-Regular
generated/images/Handlee-Regular/upper/D/0008.png,D,font,Handlee-Regular
generated/images/Handlee-Regular/upper/D/0009.png,D,font,Handlee-Regular
generated/images/Handlee-Regular/upper/D/0010.png,D,font,Handlee-Regular
generated/images/Handlee-Regular/upper/E/0001.png,E,font,Handlee-Regular
generated/images/Handlee-Regular/upper/E/0002.png,E,font,Handlee-Regular
generated/images/Handlee-Regular/upper/E/0003.png,E,font,Handlee-Regular
generated/images/Handlee-Regular/upper/E/0004.png,E,font,Handlee-Regular
generated/images/Handlee-Regular/upper/E/0005.png,E,font,Handlee-Regular
generated/images/Handlee-Regular/upper/E/0006.png,E,font,Handlee-Regular
generated/images/Handlee-Regular/upper/E/0007.png,E,font,Handlee-Regular
generated/images/Handlee-Regular/upper/E/0008.png,E,font,Handlee-Regular
generated/images/Handlee-Regular/upper/E/0009.png,E,font,Handlee-Regular
generated/images/Handlee-Regular/upper/E/0010.png,E,font,Handlee-Regular
generated/images/Handlee-Regular/upper/F/0001.png,F,font,Handlee-Regular
generated/images/Handlee-Regular/upper/F/0002.png,F,font,Handlee-Regular
generated/images/Handlee-Regular/upper/F/0003.png,F,font,Handlee-Regular
generated/images/Handlee-Regular/upper/F/0004.png,F,font,Handlee-Regular
generated/images/Handlee-Regular/upper/F/0005.png,F,font,Handlee-Regular
generated/images/Handlee-Regular/upper/F/0006.png,F,font,Handlee-Regular
generated/images/Handlee-Regular/upper/F/0007.png,F,font,Handlee-Regular
generated/images/Handlee-Regular/upper/F/0008.png,F,font,Handlee-Regular
generated/images/Handlee-Regular/upper/F/0009.png,F,font,Handlee-Regular
generated/images/Handlee-Regular/upper/F/0010.png,F,font,Handlee-Regular
generated/images/Handlee-Regular/upper/G/0001.png,G,font,Handlee-Regular
generated/images/Handlee-Regular/upper/G/0002.png,G,font,Handlee-Regular
generated/images/Handlee-Regular/upper/G/0003.png,G,font,Handlee-Regular
generated/images/Handlee-Regular/upper/G/0004.png,G,font,Handlee-Regular
generated/images/Handlee-Regular/upper/G/0005.png,G,font,Handlee-Regular
generated/images/Handlee-Regular/upper/G/0006.png,G,font,Handlee-Regular
generated/images/Handlee-Regular/upper/G/0007.png,G,font,Handlee-Regular
generated/images/Handlee-Regular/upper/G/0008.png,G,font,Handlee-Regular
generated/images/Handlee-Regular/upper/G/0009.png,G,font,Handlee-Regular
generated/images/Handlee-Regular/upper/G/0010.png,G,font,Handlee-Regular
generated/images/Handlee-Regular/upper/H/0001.png,H,font,Handlee-Regular
generated/images/Handlee-Regular/upper/H/0002.png,H,font,Handlee-Regular
generated/images/Handlee-Regular/upper/H/0003.png,H,font,Handlee-Regular
generated/images/Handlee-Regular/upper/H/0004.png,H,font,Handlee-Regular
generated/images/Handlee-Regular/upper/H/0005.png,H,font,Handlee-Regular
generated/images/Handlee-Regular/upper/H/0006.png,H,font,Handlee-Regular
generated/images/Handlee-Regular/upper/H/0007.png,H,font,Handlee-Regular
generated/images/Handlee-Regular/upper/H/0008.png,H,font,Handlee-Regular
generated/images/Handlee-Regular/upper/H/0009.png,H,font,Handlee-Regular
generated/images/Handlee-Regular/upper/H/0010.png,H,font,Handlee-Regular
generated/images/Handlee-Regular/upper/I/0001.png,I,font,Handlee-Regular
generated/images/Handlee-Regular/upper/I/0002.png,I,font,Handlee-Regular
generated/images/Handlee-Regular/upper/I/0003.png,I,font,Handlee-Regular
generated/images/Handlee-Regular/upper/I/0004.png,I,font,Handlee-Regular
generated/images/Handlee-Regular/upper/I/0005.png,I,font,Handlee-Regular
generated/images/Handlee-Regular/upper/I/0006.png,I,font,Handlee-Regular
generated/images/Handlee-Regular/upper/I/0007.png,I,font,Handlee-Regular
generated/images/Handlee-Regular/upper/I/0008.png,I,font,Handlee-Regular
generated/images/Handlee-Regular/upper/I/0009.png,I,font,Handlee-Regular
generated/images/Handlee-Regular/upper/I/0010.png,I,font,Handlee-Regular
generated/images/Handlee-Regular/upper/J/0001.png,J,font,Handlee-Regular
generated/images/Handlee-Regular/upper/J/0002.png,J,font,Handlee-Regular
generated/images/Handlee-Regular/upper/J/0003.png,J,font,Handlee-Regular
generated/images/Handlee-Regular/upper/J/0004.png,J,font,Handlee-Regular
generated/images/Handlee-Regular/upper/J/0005.png,J,font,Handlee-Regular
generated/images/Handlee-Regular/upper/J/0006.png,J,font,Handlee-Regular
generated/images/Handlee-Regular/upper/J/0007.png,J,font,Handlee-Regular
generated/images/Handlee-Regular/upper/J/0008.png,J,font,Handlee-Regular
generated/images/Handlee-Regular/upper/J/0009.png,J,font,Handlee-Regular
generated/images/Handlee-Regular/upper/J/0010.png,J,font,Handlee-Regular
generated/images/Handlee-Regular/upper/K/0001.png,K,font,Handlee-Regular
generated/images/Handlee-Regular/upper/K/0002.png,K,font,Handlee-Regular
generated/images/Handlee-Regular/upper/K/0003.png,K,font,Handlee-Regular
generated/images/Handlee-Regular/upper/K/0004.png,K,font,Handlee-Regular
generated/images/Handlee-Regular/upper/K/0005.png,K,font,Handlee-Regular
generated/images/Handlee-Regular/upper/K/0006.png,K,font,Handlee-Regular
generated/images/Handlee-Regular/upper/K/0007.png,K,font,Handlee-Regular
generated/images/Handlee-Regular/upper/K/0008.png,K,font,Handlee-Regular
generated/images/Handlee-Regular/upper/K/0009.png,K,font,Handlee-Regular
generated/images/Handlee-Regular/upper/K/0010.png,K,font,Handlee-Regular
generated/images/Handlee-Regular/upper/L/0001.png,L,font,Handlee-Regular
generated/images/Handlee-Regular/upper/L/0002.png,L,font,Handlee-Regular
generated/images/Handlee-Regular/upper/L/0003.png,L,font,Handlee-Regular
generated/images/Handlee-Regular/upper/L/0004.png,L,font,Handlee-Regular
generated/images/Handlee-Regular/upper/L/0005.png,L,font,Handlee-Regular
generated/images/Handlee-Regular/upper/L/0006.png,L,font,Handlee-Regular
generated/images/Handlee-Regular/upper/L/0007.png,L,font,Handlee-Regular
generated/images/Handlee-Regular/upper/L/0008.png,L,font,Handlee-Regular
generated/images/Handlee-Regular/upper/L/0009.png,L,font,Handlee-Regular
generated/images/Handlee-Regular/upper/L/0010.png,L,font,Handlee-Regular
generated/images/Handlee-Regular/upper/M/0001.png,M,font,Handlee-Regular
generated/images/Handlee-Regular/upper/M/0002.png,M,font,Handlee-Regular
generated/images/Handlee-Regular/upper/M/0003.png,M,font,Handlee-Regular
generated/images/Handlee-Regular/upper/M/0004.png,M,font,Handlee-Regular
generated/images/Handlee-Regular/upper/M/0005.png,M,font,Handlee-Regular
generated/images/Handlee-Regular/upper/M/0006.png,M,font,Handlee-Regular
generated/images/Handlee-Regular/upper/M/0007.png,M,font,Handlee-Regular
generated/images/Handlee-Regular/upper/M/0008.png,M,font,Handlee-Regular
generated/images/Handlee-Regular/upper/M/0009.png,M,font,Handlee-Regular
generated/images/Handlee-Regular/upper/M/0010.png,M,font,Handlee-Regular
generated/images/Handlee-Regular/upper/N/0001.png,N,font,Handlee-Regular
generated/images/Handlee-Regular/upper/N/0002.png,N,font,Handlee-Regular
generated/images/Handlee-Regular/upper/N/0003.png,N,font,Handlee-Regular
generated/images/Handlee-Regular/upper/N/0004.png,N,font,Handlee-Regular
generated/images/Handlee-Regular/upper/N/0005.png,N,font,Handlee-Regular
generated/images/Handlee-Regular/upper/N/0006.png,N,font,Handlee-Regular
generated/images/Handlee-Regular/upper/N/0007.png,N,font,Handlee-Regular
generated/images/Handlee-Regular/upper/N/0008.png,N,font,Handlee-Regular
generated/images/Handlee-Regular/upper/N/0009.png,N,font,Handlee-Regular
generated/images/Handlee-Regular/upper/N/0010.png,N,font,Handlee-Regular
generated/images/Handlee-Regular/upper/O/0001.png,O,font,Handlee-Regular
generated/images/Handlee-Regular/upper/O/0002.png,O,font,Handlee-Regular
generated/images/Handlee-Regular/upper/O/0003.png,O,font,Handlee-Regular
generated/images/Handlee-Regular/upper/O/0004.png,O,font,Handlee-Regular
generated/images/Handlee-Regular/upper/O/0005.png,O,font,Handlee-Regular
generated/images/Handlee-Regular/upper/O/0006.png,O,font,Handlee-Regular
generated/images/Handlee-Regular/upper/O/0007.png,O,font,Handlee-Regular
generated/images/Handlee-Regular/upper/O/0008.png,O,font,Handlee-Regular
generated/images/Handlee-Regular/upper/O/0009.png,O,font,Handlee-Regular
generated/images/Handlee-Regular/upper/O/0010.png,O,font,Handlee-Regular
generated/images/Handlee-Regular/upper/P/0001.png,P,font,Handlee-Regular
generated/images/Handlee-Regular/upper/P/0002.png,P,font,Handlee-Regular
generated/images/Handlee-Regular/upper/P/0003.png,P,font,Handlee-Regular
generated/images/Handlee-Regular/upper/P/0004.png,P,font,Handlee-Regular
generated/images/Handlee-Regular/upper/P/0005.png,P,font,Handlee-Regular
generated/images/Handlee-Regular/upper/P/0006.png,P,font,Handlee-Regular
generated/images/Handlee-Regular/upper/P/0007.png,P,font,Handlee-Regular
generated/images/Handlee-Regular/upper/P/0008.png,P,font,Handlee-Regular
generated/images/Handlee-Regular/upper/P/0009.png,P,font,Handlee-Regular
generated/images/Handlee-Regular/upper/P/0010.png,P,font,Handlee-Regular
generated/images/Handlee-Regular/upper/Q/0001.png,Q,font,Handlee-Regular
generated/images/Handlee-Regular/upper/Q/0002.png,Q,font,Handlee-Regular
generated/images/Handlee-Regular/upper/Q/0003.png,Q,font,Handlee-Regular
generated/images/Handlee-Regular/upper/Q/0004.png,Q,font,Handlee-Regular
generated/images/Handlee-Regular/upper/Q/0005.png,Q,font,Handlee-Regular
generated/images/Handlee-Regular/upper/Q/0006.png,Q,font,Handlee-Regular
generated/images/Handlee-Regular/upper/Q/0007.png,Q,font,Handlee-Regular
generated/images/Handlee-Regular/upper/Q/0008.png,Q,font,Handlee-Regular
generated/images/Handlee-Regular/upper/Q/0009.png,Q,font,Handlee-Regular
generated/images/Handlee-Regular/upper/Q/0010.png,Q,font,Handlee-Regular
generated/images/Handlee-Regular/upper/R/0001.png,R,font,Handlee-Regular
generated/images/Handlee-Regular/upper/R/0002.png,R,font,Handlee-Regular
generated/images/Handlee-Regular/upper/R/0003.png,R,font,Handlee-Regular
generated/images/Handlee-Regular/upper/R/0004.png,R,font,Handlee-Regular
generated/images/Handlee-Regular/upper/R/0005.png,R,font,Handlee-Regular
generated/images/Handlee-Regular/upper/R/0006.png,R,font,Handlee-Regular
generated/images/Handlee-Regular/upper/R/0007.png,R,font,Handlee-Regular
generated/images/Handlee-Regular/upper/R/0008.png,R,font,Handlee-Regular
generated/images/Handlee-Regular/upper/R/0009.png,R,font,Handlee-Regular
generated/images/Handlee-Regular/upper/R/0010.png,R,font,Handlee-Regular
generated/images/Handlee-Regular/upper/S/0001.png,S,font,Handlee-Regular
generated/images/Handlee-Regular/upper/S/0002.png,S,font,Handlee-Regular
generated/images/Handlee-Regular/upper/S/0003.png,S,font,Handlee-Regular
generated/images/Handlee-Regular/upper/S/0004.png,S,font,Handlee-Regular
generated/images/Handlee-Regular/upper/S/0005.png,S,font,Handlee-Regular
generated/images/Handlee-Regular/upper/S/0006.png,S,font,Handlee-Regular
generated/images/Handlee-Regular/upper/S/0007.png,S,font,Handlee-Regular
generated/images/Handlee-Regular/upper/S/0008.png,S,font,Handlee-Regular
generated/images/Handlee-Regular/upper/S/0009.png,S,font,Handlee-Regular
generated/images/Handlee-Regular/upper/S/0010.png,S,font,Handlee-Regular
generated/images/Handlee-Regular/upper/T/0001.png,T,font,Handlee-Regular
generated/images/Handlee-Regular/upper/T/0002.png,T,font,Handlee-Regular
generated/images/Handlee-Regular/upper/T/0003.png,T,font,Handlee-Regular
generated/images/Handlee-Regular/upper/T/0004.png,T,font,Handlee-Regular
generated/images/Handlee-Regular/upper/T/0005.png,T,font,Handlee-Regular
generated/images/Handlee-Regular/upper/T/0006.png,T,font,Handlee-Regular
generated/images/Handlee-Regular/upper/T/0007.png,T,font,Handlee-Regular
generated/images/Handlee-Regular/upper/T/0008.png,T,font,Handlee-Regular
generated/images/Handlee-Regular/upper/T/0009.png,T,font,Handlee-Regular
generated/images/Handlee-Regular/upper/T/0010.png,T,font,Handlee-Regular
generated/images/Handlee-Regular/upper/U/0001.png,U,font,Handlee-Regular
generated/images/Handlee-Regular/upper/U/0002.png,U,font,Handlee-Regular
generated/images/Handlee-Regular/upper/U/0003.png,U,font,Handlee-Regular
generated/images/Handlee-Regular/upper/U/0004.png,U,font,Handlee-Regular
generated/images/Handlee-Regular/upper/U/0005.png,U,font,Handlee-Regular
generated/images/Handlee-Regular/upper/U/0006.png,U,font,Handlee-Regular
generated/images/Handlee-Regular/upper/U/0007.png,U,font,Handlee-Regular
generated/images/Handlee-Regular/upper/U/0008.png,U,font,Handlee-Regular
generated/images/Handlee-Regular/upper/U/0009.png,U,font,Handlee-Regular
generated/images/Handlee-Regular/upper/U/0010.png,U,font,Handlee-Regular
generated/images/Handlee-Regular/upper/V/0001.png,V,font,Handlee-Regular
generated/images/Handlee-Regular/upper/V/0002.png,V,font,Handlee-Regular
generated/images/Handlee-Regular/upper/V/0003.png,V,font,Handlee-Regular
generated/images/Handlee-Regular/upper/V/0004.png,V,font,Handlee-Regular
generated/images/Handlee-Regular/upper/V/0005.png,V,font,Handlee-Regular
generated/images/Handlee-Regular/upper/V/0006.png,V,font,Handlee-Regular
generated/images/Handlee-Regular/upper/V/0007.png,V,font,Handlee-Regular
generated/images/Handlee-Regular/upper/V/0008.png,V,font,Handlee-Regular
generated/images/Handlee-Regular/upper/V/0009.png,V,font,Handlee-Regular
generated/images/Handlee-Regular/upper/V/0010.png,V,font,Handlee-Regular
generated/images/Handlee-Regular/upper/W/0001.png,W,font,Handlee-Regular
generated/images/Handlee-Regular/upper/W/0002.png,W,font,Handlee-Regular
generated/images/Handlee-Regular/upper/W/0003.png,W,font,Handlee-Regular
generated/images/Handlee-Regular/upper/W/0004.png,W,font,Handlee-Regular
generated/images/Handlee-Regular/upper/W/0005.png,W,font,Handlee-Regular
generated/images/Handlee-Regular/upper/W/0006.png,W,font,Handlee-Regular
generated/images/Handlee-Regular/upper/W/0007.png,W,font,Handlee-Regular
generated/images/Handlee-Regular/upper/W/0008.png,W,font,Handlee-Regular
generated/images/Handlee-Regular/upper/W/0009.png,W,font,Handlee-Regular
generated/images/Handlee-Regular/upper/W/0010.png,W,font,Handlee-Regular
generated/images/Handlee-Regular/upper/X/0001.png,X,font,Handlee-Regular
generated/images/Handlee-Regular/upper/X/0002.png,X,font,Handlee-Regular
generated/images/Handlee-Regular/upper/X/0003.png,X,font,Handlee-Regular
generated/images/Handlee-Regular/upper/X/0004.png,X,font,Handlee-Regular
generated/images/Handlee-Regular/upper/X/0005.png,X,font,Handlee-Regular
generated/images/Handlee-Regular/upper/X/0006.png,X,font,Handlee-Regular
generated/images/Handlee-Regular/upper/X/0007.png,X,font,Handlee-Regular
generated/images/Handlee-Regular/upper/X/0008.png,X,font,Handlee-Regular
generated/images/Handlee-Regular/upper/X/0009.png,X,font,Handlee-Regular
generated/images/Handlee-Regular/upper/X/0010.png,X,font,Handlee-Regular
generated/images/Handlee-Regular/upper/Y/0001.png,Y,font,Handlee-Regular
generated/images/Handlee-Regular/upper/Y/0002.png,Y,font,Handlee-Regular
generated/images/Handlee-Regular/upper/Y/0003.png,Y,font,Handlee-Regular
generated/images/Handlee-Regular/upper/Y/0004.png,Y,font,Handlee-Regular
generated/images/Handlee-Regular/upper/Y/0005.png,Y,font,Handlee-Regular
generated/images/Handlee-Regular/upper/Y/0006.png,Y,font,Handlee-Regular
generated/images/Handlee-Regular/upper/Y/0007.png,Y,font,Handlee-Regular
generated/images/Handlee-Regular/upper/Y/0008.png,Y,font,Handlee-Regular
generated/images/Handlee-Regular/upper/Y/0009.png,Y,font,Handlee-Regular
generated/images/Handlee-Regular/upper/Y/0010.png,Y,font,Handlee-Regular
generated/images/Handlee-Regular/upper/Z/0001.png,Z,font,Handlee-Regular
generated/images/Handlee-Regular/upper/Z/0002.png,Z,font,Handlee-Regular
generated/images/Handlee-Regular/upper/Z/0003.png,Z,font,Handlee-Regular
generated/images/Handlee-Regular/upper/Z/0004.png,Z,font,Handlee-Regular
generated/images/Handlee-Regular/upper/Z/0005.png,Z,font,Handlee-Regular
generated/images/Handlee-Regular/upper/Z/0006.png,Z,font,Handlee-Regular
generated/images/Handlee-Regular/upper/Z/0007.png,Z,font,Handlee-Regular
generated/images/Handlee-Regular/upper/Z/0008.png,Z,font,Handlee-Regular
generated/images/Handlee-Regular/upper/Z/0009.png,Z,font,Handlee-Regular
generated/images/Handlee-Regular/upper/Z/0010.png,Z,font,Handlee-Regular
generated/images/Handlee-Regular/lower/a/0001.png,a,font,Handlee-Regular
generated/images/Handlee-Regular/lower/a/0002.png,a,font,Handlee-Regular
generated/images/Handlee-Regular/lower/a/0003.png,a,font,Handlee-Regular
generated/images/Handlee-Regular/lower/a/0004.png,a,font,Handlee-Regular
generated/images/Handlee-Regular/lower/a/0005.png,a,font,Handlee-Regular
generated/images/Handlee-Regular/lower/a/0006.png,a,font,Handlee-Regular
generated/images/Handlee-Regular/lower/a/0007.png,a,font,Handlee-Regular
generated/images/Handlee-Regular/lower/a/0008.png,a,font,Handlee-Regular
generated/images/Handlee-Regular/lower/a/0009.png,a,font,Handlee-Regular
generated/images/Handlee-Regular/lower/a/0010.png,a,font,Handlee-Regular
generated/images/Handlee-Regular/lower/b/0001.png,b,font,Handlee-Regular
generated/images/Handlee-Regular/lower/b/0002.png,b,font,Handlee-Regular
generated/images/Handlee-Regular/lower/b/0003.png,b,font,Handlee-Regular
generated/images/Handlee-Regular/lower/b/0004.png,b,font,Handlee-Regular
generated/images/Handlee-Regular/lower/b/0005.png,b,font,Handlee-Regular
generated/images/Handlee-Regular/lower/b/0006.png,b,font,Handlee-Regular
generated/images/Handlee-Regular/lower/b/0007.png,b,font,Handlee-Regular
generated/images/Handlee-Regular/lower/b/0008.png,b,font,Handlee-Regular
generated/images/Handlee-Regular/lower/b/0009.png,b,font,Handlee-Regular
generated/images/Handlee-Regular/lower/b/0010.png,b,font,Handlee-Regular
generated/images/Handlee-Regular/lower/c/0001.png,c,font,Handlee-Regular
generated/images/Handlee-Regular/lower/c/0002.png,c,font,Handlee-Regular
generated/images/Handlee-Regular/lower/c/0003.png,c,font,Handlee-Regular
generated/images/Handlee-Regular/lower/c/0004.png,c,font,Handlee-Regular
generated/images/Handlee-Regular/lower/c/0005.png,c,font,Handlee-Regular
generated/images/Handlee-Regular/lower/c/0006.png,c,font,Handlee-Regular
generated/images/Handlee-Regular/lower/c/0007.png,c,font,Handlee-Regular
generated/images/Handlee-Regular/lower/c/0008.png,c,font,Handlee-Regular
generated/images/Handlee-Regular/lower/c/0009.png,c,font,Handlee-Regular
generated/images/Handlee-Regular/lower/c/0010.png,c,font,Handlee-Regular
generated/images/Handlee-Regular/lower/d/0001.png,d,font,Handlee-Regular
generated/images/Handlee-Regular/lower/d/0002.png,d,font,Handlee-Regular
generated/images/Handlee-Regular/lower/d/0003.png,d,font,Handlee-Regular
generated/images/Handlee-Regular/lower/d/0004.png,d,font,Handlee-Regular
generated/images/Handlee-Regular/lower/d/0005.png,d,font,Handlee-Regular
generated/images/Handlee-Regular/lower/d/0006.png,d,font,Handlee-Regular
generated/images/Handlee-Regular/lower/d/0007.png,d,font,Handlee-Regular
generated/images/Handlee-Regular/lower/d/0008.png,d,font,Handlee-Regular
generated/images/Handlee-Regular/lower/d/0009.png,d,font,Handlee-Regular
generated/images/Handlee-Regular/lower/d/0010.png,d,font,Handlee-Regular
generated/images/Handlee-Regular/lower/e/0001.png,e,font,Handlee-Regular
generated/images/Handlee-Regular/lower/e/0002.png,e,font,Handlee-Regular
generated/images/Handlee-Regular/lower/e/0003.png,e,font,Handlee-Regular
generated/images/Handlee-Regular/lower/e/0004.png,e,font,Handlee-Regular
generated/images/Handlee-Regular/lower/e/0005.png,e,font,Handlee-Regular
generated/images/Handlee-Regular/lower/e/0006.png,e,font,Handlee-Regular
generated/images/Handlee-Regular/lower/e/0007.png,e,font,Handlee-Regular
generated/images/Handlee-Regular/lower/e/0008.png,e,font,Handlee-Regular
generated/images/Handlee-Regular/lower/e/0009.png,e,font,Handlee-Regular
generated/images/Handlee-Regular/lower/e/0010.png,e,font,Handlee-Regular
generated/images/Handlee-Regular/lower/f/0001.png,f,font,Handlee-Regular
generated/images/Handlee-Regular/lower/f/0002.png,f,font,Handlee-Regular
generated/images/Handlee-Regular/lower/f/0003.png,f,font,Handlee-Regular
generated/images/Handlee-Regular/lower/f/0004.png,f,font,Handlee-Regular
generated/images/Handlee-Regular/lower/f/0005.png,f,font,Handlee-Regular
generated/images/Handlee-Regular/lower/f/0006.png,f,font,Handlee-Regular
generated/images/Handlee-Regular/lower/f/0007.png,f,font,Handlee-Regular
generated/images/Handlee-Regular/lower/f/0008.png,f,font,Handlee-Regular
generated/images/Handlee-Regular/lower/f/0009.png,f,font,Handlee-Regular
generated/images/Handlee-Regular/lower/f/0010.png,f,font,Handlee-Regular
generated/images/Handlee-Regular/lower/g/0001.png,g,font,Handlee-Regular
generated/images/Handlee-Regular/lower/g/0002.png,g,font,Handlee-Regular
generated/images/Handlee-Regular/lower/g/0003.png,g,font,Handlee-Regular
generated/images/Handlee-Regular/lower/g/0004.png,g,font,Handlee-Regular
generated/images/Handlee-Regular/lower/g/0005.png,g,font,Handlee-Regular
generated/images/Handlee-Regular/lower/g/0006.png,g,font,Handlee-Regular
generated/images/Handlee-Regular/lower/g/0007.png,g,font,Handlee-Regular
generated/images/Handlee-Regular/lower/g/0008.png,g,font,Handlee-Regular
generated/images/Handlee-Regular/lower/g/0009.png,g,font,Handlee-Regular
generated/images/Handlee-Regular/lower/g/0010.png,g,font,Handlee-Regular
generated/images/Handlee-Regular/lower/h/0001.png,h,font,Handlee-Regular
generated/images/Handlee-Regular/lower/h/0002.png,h,font,Handlee-Regular
generated/images/Handlee-Regular/lower/h/0003.png,h,font,Handlee-Regular
generated/images/Handlee-Regular/lower/h/0004.png,h,font,Handlee-Regular
generated/images/Handlee-Regular/lower/h/0005.png,h,font,Handlee-Regular
generated/images/Handlee-Regular/lower/h/0006.png,h,font,Handlee-Regular
generated/images/Handlee-Regular/lower/h/0007.png,h,font,Handlee-Regular
generated/images/Handlee-Regular/lower/h/0008.png,h,font,Handlee-Regular
generated/images/Handlee-Regular/lower/h/0009.png,h,font,Handlee-Regular
generated/images/Handlee-Regular/lower/h/0010.png,h,font,Handlee-Regular
generated/images/Handlee-Regular/lower/i/0001.png,i,font,Handlee-Regular
generated/images/Handlee-Regular/lower/i/0002.png,i,font,Handlee-Regular
generated/images/Handlee-Regular/lower/i/0003.png,i,font,Handlee-Regular
generated/images/Handlee-Regular/lower/i/0004.png,i,font,Handlee-Regular
generated/images/Handlee-Regular/lower/i/0005.png,i,font,Handlee-Regular
generated/images/Handlee-Regular/lower/i/0006.png,i,font,Handlee-Regular
generated/images/Handlee-Regular/lower/i/0007.png,i,font,Handlee-Regular
generated/images/Handlee-Regular/lower/i/0008.png,i,font,Handlee-Regular
generated/images/Handlee-Regular/lower/i/0009.png,i,font,Handlee-Regular
generated/images/Handlee-Regular/lower/i/0010.png,i,font,Handlee-Regular
generated/images/Handlee-Regular/lower/j/0001.png,j,font,Handlee-Regular
generated/images/Handlee-Regular/lower/j/0002.png,j,font,Handlee-Regular
generated/images/Handlee-Regular/lower/j/0003.png,j,font,Handlee-Regular
generated/images/Handlee-Regular/lower/j/0004.png,j,font,Handlee-Regular
generated/images/Handlee-Regular/lower/j/0005.png,j,font,Handlee-Regular
generated/images/Handlee-Regular/lower/j/0006.png,j,font,Handlee-Regular
generated/images/Handlee-Regular/lower/j/0007.png,j,font,Handlee-Regular
generated/images/Handlee-Regular/lower/j/0008.png,j,font,Handlee-Regular
generated/images/Handlee-Regular/lower/j/0009.png,j,font,Handlee-Regular
generated/images/Handlee-Regular/lower/j/0010.png,j,font,Handlee-Regular
generated/images/Handlee-Regular/lower/k/0001.png,k,font,Handlee-Regular
generated/images/Handlee-Regular/lower/k/0002.png,k,font,Handlee-Regular
generated/images/Handlee-Regular/lower/k/0003.png,k,font,Handlee-Regular
generated/images/Handlee-Regular/lower/k/0004.png,k,font,Handlee-Regular
generated/images/Handlee-Regular/lower/k/0005.png,k,font,Handlee-Regular
generated/images/Handlee-Regular/lower/k/0006.png,k,font,Handlee-Regular
generated/images/Handlee-Regular/lower/k/0007.png,k,font,Handlee-Regular
generated/images/Handlee-Regular/lower/k/0008.png,k,font,Handlee-Regular
generated/images/Handlee-Regular/lower/k/0009.png,k,font,Handlee-Regular
generated/images/Handlee-Regular/lower/k/0010.png,k,font,Handlee-Regular
generated/images/Handlee-Regular/lower/l/0001.png,l,font,Handlee-Regular
generated/images/Handlee-Regular/lower/l/0002.png,l,font,Handlee-Regular
generated/images/Handlee-Regular/lower/l/0003.png,l,font,Handlee-Regular
generated/images/Handlee-Regular/lower/l/0004.png,l,font,Handlee-Regular
generated/images/Handlee-Regular/lower/l/0005.png,l,font,Handlee-Regular
generated/images/Handlee-Regular/lower/l/0006.png,l,font,Handlee-Regular
generated/images/Handlee-Regular/lower/l/0007.png,l,font,Handlee-Regular
generated/images/Handlee-Regular/lower/l/0008.png,l,font,Handlee-Regular
generated/images/Handlee-Regular/lower/l/0009.png,l,font,Handlee-Regular
generated/images/Handlee-Regular/lower/l/0010.png,l,font,Handlee-Regular
generated/images/Handlee-Regular/lower/m/0001.png,m,font,Handlee-Regular
generated/images/Handlee-Regular/lower/m/0002.png,m,font,Handlee-Regular
generated/images/Handlee-Regular/lower/m/0003.png,m,font,Handlee-Regular
generated/images/Handlee-Regular/lower/m/0004.png,m,font,Handlee-Regular
generated/images/Handlee-Regular/lower/m/0005.png,m,font,Handlee-Regular
generated/images/Handlee-Regular/lower/m/0006.png,m,font,Handlee-Regular
generated/images/Handlee-Regular/lower/m/0007.png,m,font,Handlee-Regular
generated/images/Handlee-Regular/lower/m/0008.png,m,font,Handlee-Regular
generated/images/Handlee-Regular/lower/m/0009.png,m,font,Handlee-Regular
generated/images/Handlee-Regular/lower/m/0010.png,m,font,Handlee-Regular
generated/images/Handlee-Regular/lower/n/0001.png,n,font,Handlee-Regular
generated/images/Handlee-Regular/lower/n/0002.png,n,font,Handlee-Regular
generated/images/Handlee-Regular/lower/n/0003.png,n,font,Handlee-Regular
generated/images/Handlee-Regular/lower/n/0004.png,n,font,Handlee-Regular
generated/images/Handlee-Regular/lower/n/0005.png,n,font,Handlee-Regular
generated/images/Handlee-Regular/lower/n/0006.png,n,font,Handlee-Regular
generated/images/Handlee-Regular/lower/n/0007.png,n,font,Handlee-Regular
generated/images/Handlee-Regular/lower/n/0008.png,n,font,Handlee-Regular
generated/images/Handlee-Regular/lower/n/0009.png,n,font,Handlee-Regular
generated/images/Handlee-Regular/lower/n/0010.png,n,font,Handlee-Regular
generated/images/Handlee-Regular/lower/o/0001.png,o,font,Handlee-Regular
generated/images/Handlee-Regular/lower/o/0002.png,o,font,Handlee-Regular
generated/images/Handlee-Regular/lower/o/0003.png,o,font,Handlee-Regular
generated/images/Handlee-Regular/lower/o/0004.png,o,font,Handlee-Regular
generated/images/Handlee-Regular/lower/o/0005.png,o,font,Handlee-Regular
generated/images/Handlee-Regular/lower/o/0006.png,o,font,Handlee-Regular
generated/images/Handlee-Regular/lower/o/0007.png,o,font,Handlee-Regular
generated/images/Handlee-Regular/lower/o/0008.png,o,font,Handlee-Regular
generated/images/Handlee-Regular/lower/o/0009.png,o,font,Handlee-Regular
generated/images/Handlee-Regular/lower/o/0010.png,o,font,Handlee-Regular
generated/images/Handlee-Regular/lower/p/0001.png,p,font,Handlee-Regular
generated/images/Handlee-Regular/lower/p/0002.png,p,font,Handlee-Regular
generated/images/Handlee-Regular/lower/p/0003.png,p,font,Handlee-Regular
generated/images/Handlee-Regular/lower/p/0004.png,p,font,Handlee-Regular
generated/images/Handlee-Regular/lower/p/0005.png,p,font,Handlee-Regular
generated/images/Handlee-Regular/lower/p/0006.png,p,font,Handlee-Regular
generated/images/Handlee-Regular/lower/p/0007.png,p,font,Handlee-Regular
generated/images/Handlee-Regular/lower/p/0008.png,p,font,Handlee-Regular
generated/images/Handlee-Regular/lower/p/0009.png,p,font,Handlee-Regular
generated/images/Handlee-Regular/lower/p/0010.png,p,font,Handlee-Regular
generated/images/Handlee-Regular/lower/q/0001.png,q,font,Handlee-Regular
generated/images/Handlee-Regular/lower/q/0002.png,q,font,Handlee-Regular
generated/images/Handlee-Regular/lower/q/0003.png,q,font,Handlee-Regular
generated/images/Handlee-Regular/lower/q/0004.png,q,font,Handlee-Regular
generated/images/Handlee-Regular/lower/q/0005.png,q,font,Handlee-Regular
generated/images/Handlee-Regular/lower/q/0006.png,q,font,Handlee-Regular
generated/images/Handlee-Regular/lower/q/0007.png,q,font,Handlee-Regular
generated/images/Handlee-Regular/lower/q/0008.png,q,font,Handlee-Regular
generated/images/Handlee-Regular/lower/q/0009.png,q,font,Handlee-Regular
generated/images/Handlee-Regular/lower/q/0010.png,q,font,Handlee-Regular
generated/images/Handlee-Regular/lower/r/0001.png,r,font,Handlee-Regular
generated/images/Handlee-Regular/lower/r/0002.png,r,font,Handlee-Regular
generated/images/Handlee-Regular/lower/r/0003.png,r,font,Handlee-Regular
generated/images/Handlee-Regular/lower/r/0004.png,r,font,Handlee-Regular
generated/images/Handlee-Regular/lower/r/0005.png,r,font,Handlee-Regular
generated/images/Handlee-Regular/lower/r/0006.png,r,font,Handlee-Regular
generated/images/Handlee-Regular/lower/r/0007.png,r,font,Handlee-Regular
generated/images/Handlee-Regular/lower/r/0008.png,r,font,Handlee-Regular
generated/images/Handlee-Regular/lower/r/0009.png,r,font,Handlee-Regular
generated/images/Handlee-Regular/lower/r/0010.png,r,font,Handlee-Regular
generated/images/Handlee-Regular/lower/s/0001.png,s,font,Handlee-Regular
generated/images/Handlee-Regular/lower/s/0002.png,s,font,Handlee-Regular
generated/images/Handlee-Regular/lower/s/0003.png,s,font,Handlee-Regular
generated/images/Handlee-Regular/lower/s/0004.png,s,font,Handlee-Regular
generated/images/Handlee-Regular/lower/s/0005.png,s,font,Handlee-Regular
generated/images/Handlee-Regular/lower/s/0006.png,s,font,Handlee-Regular
generated/images/Handlee-Regular/lower/s/0007.png,s,font,Handlee-Regular
generated/images/Handlee-Regular/lower/s/0008.png,s,font,Handlee-Regular
generated/images/Handlee-Regular/lower/s/0009.png,s,font,Handlee-Regular
generated/images/Handlee-Regular/lower/s/0010.png,s,font,Handlee-Regular
generated/images/Handlee-Regular/lower/t/0001.png,t,font,Handlee-Regular
generated/images/Handlee-Regular/lower/t/0002.png,t,font,Handlee-Regular
generated/images/Handlee-Regular/lower/t/0003.png,t,font,Handlee-Regular
generated/images/Handlee-Regular/lower/t/0004.png,t,font,Handlee-Regular
generated/images/Handlee-Regular/lower/t/0005.png,t,font,Handlee-Regular
generated/images/Handlee-Regular/lower/t/0006.png,t,font,Handlee-Regular
generated/images/Handlee-Regular/lower/t/0007.png,t,font,Handlee-Regular
generated/images/Handlee-Regular/lower/t/0008.png,t,font,Handlee-Regular
generated/images/Handlee-Regular/lower/t/0009.png,t,font,Handlee-Regular
generated/images/Handlee-Regular/lower/t/0010.png,t,font,Handlee-Regular
generated/images/Handlee-Regular/lower/u/0001.png,u,font,Handlee-Regular
generated/images/Handlee-Regular/lower/u/0002.png,u,font,Handlee-Regular
generated/images/Handlee-Regular/lower/u/0003.png,u,font,Handlee-Regular
generated/images/Handlee-Regular/lower/u/0004.png,u,font,Handlee-Regular
generated/images/Handlee-Regular/lower/u/0005.png,u,font,Handlee-Regular
generated/images/Handlee-Regular/lower/u/0006.png,u,font,Handlee-Regular
generated/images/Handlee-Regular/lower/u/0007.png,u,font,Handlee-Regular
generated/images/Handlee-Regular/lower/u/0008.png,u,font,Handlee-Regular
generated/images/Handlee-Regular/lower/u/0009.png,u,font,Handlee-Regular
generated/images/Handlee-Regular/lower/u/0010.png,u,font,Handlee-Regular
generated/images/Handlee-Regular/lower/v/0001.png,v,font,Handlee-Regular
generated/images/Handlee-Regular/lower/v/0002.png,v,font,Handlee-Regular
generated/images/Handlee-Regular/lower/v/0003.png,v,font,Handlee-Regular
generated/images/Handlee-Regular/lower/v/0004.png,v,font,Handlee-Regular
generated/images/Handlee-Regular/lower/v/0005.png,v,font,Handlee-Regular
generated/images/Handlee-Regular/lower/v/0006.png,v,font,Handlee-Regular
generated/images/Handlee-Regular/lower/v/0007.png,v,font,Handlee-Regular
generated/images/Handlee-Regular/lower/v/0008.png,v,font,Handlee-Regular
generated/images/Handlee-Regular/lower/v/0009.png,v,font,Handlee-Regular
generated/images/Handlee-Regular/lower/v/0010.png,v,font,Handlee-Regular
generated/images/Handlee-Regular/lower/w/0001.png,w,font,Handlee-Regular
generated/images/Handlee-Regular/lower/w/0002.png,w,font,Handlee-Regular
generated/images/Handlee-Regular/lower/w/0003.png,w,font,Handlee-Regular
generated/images/Handlee-Regular/lower/w/0004.png,w,font,Handlee-Regular
generated/images/Handlee-Regular/lower/w/0005.png,w,font,Handlee-Regular
generated/images/Handlee-Regular/lower/w/0006.png,w,font,Handlee-Regular
generated/images/Handlee-Regular/lower/w/0007.png,w,font,Handlee-Regular
generated/images/Handlee-Regular/lower/w/0008.png,w,font,Handlee-Regular
generated/images/Handlee-Regular/lower/w/0009.png,w,font,Handlee-Regular
generated/images/Handlee-Regular/lower/w/0010.png,w,font,Handlee-Regular
generated/images/Handlee-Regular/lower/x/0001.png,x,font,Handlee-Regular
generated/images/Handlee-Regular/lower/x/0002.png,x,font,Handlee-Regular
generated/images/Handlee-Regular/lower/x/0003.png,x,font,Handlee-Regular
generated/images/Handlee-Regular/lower/x/0004.png,x,font,Handlee-Regular
generated/images/Handlee-Regular/lower/x/0005.png,x,font,Handlee-Regular
generated/images/Handlee-Regular/lower/x/0006.png,x,font,Handlee-Regular
generated/images/Handlee-Regular/lower/x/0007.png,x,font,Handlee-Regular
generated/images/Handlee-Regular/lower/x/0008.png,x,font,Handlee-Regular
generated/images/Handlee-Regular/lower/x/0009.png,x,font,Handlee-Regular
generated/images/Handlee-Regular/lower/x/0010.png,x,font,Handlee-Regular
generated/images/Handlee-Regular/lower/y/0001.png,y,font,Handlee-Regular
generated/images/Handlee-Regular/lower/y/0002.png,y,font,Handlee-Regular
generated/images/Handlee-Regular/lower/y/0003.png,y,font,Handlee-Regular
generated/images/Handlee-Regular/lower/y/0004.png,y,font,Handlee-Regular
generated/images/Handlee-Regular/lower/y/0005.png,y,font,Handlee-Regular
generated/images/Handlee-Regular/lower/y/0006.png,y,font,Handlee-Regular
generated/images/Handlee-Regular/lower/y/0007.png,y,font,Handlee-Regular
generated/images/Handlee-Regular/lower/y/0008.png,y,font,Handlee-Regular
generated/images/Handlee-Regular/lower/y/0009.png,y,font,Handlee-Regular
generated/images/Handlee-Regular/lower/y/0010.png,y,font,Handlee-Regular
generated/images/Handlee-Regular/lower/z/0001.png,z,font,Handlee-Regular
generated/images/Handlee-Regular/lower/z/0002.png,z,font,Handlee-Regular
generated/images/Handlee-Regular/lower/z/0003.png,z,font,Handlee-Regular
generated/images/Handlee-Regular/lower/z/0004.png,z,font,Handlee-Regular
generated/images/Handlee-Regular/lower/z/0005.png,z,font,Handlee-Regular
generated/images/Handlee-Regular/lower/z/0006.png,z,font,Handlee-Regular
generated/images/Handlee-Regular/lower/z/0007.png,z,font,Handlee-Regular
generated/images/Handlee-Regular/lower/z/0008.png,z,font,Handlee-Regular
generated/images/Handlee-Regular/lower/z/0009.png,z,font,Handlee-Regular
generated/images/Handlee-Regular/lower/z/0010.png,z,font,Handlee-Regular
generated/images/IndieFlower-Regular/digit/0/0001.png,0,font,IndieFlower-Regular
generated/images/IndieFlower-Regular/digit/0/0002.png,0,font,IndieFlower-Regular
generated/images/IndieFlower-Regular/digit/0/0003.png,0,font,IndieFlower-Regular
generated/images/IndieFlower-Regular/digit/0/0004.png,0,font,IndieFlower-Regular
generated/images/IndieFlower-Regular/digit/0/0005.png,0,font,IndieFlower-Regular
generated/images/IndieFlower-Regular/digit/0/0006.png,0,font,IndieFlower-Regular
generated/images/IndieFlower-Regular/digit/0/0007.png,0,font,IndieFlower-Regular
generated/images/IndieFlower-Regular/digit/0/0008.png,0,font,IndieFlower-Regular
generated/images/IndieFlower-Regular/digit/0/0009.png,0,font,IndieFlower-Regular
generated/images/IndieFlower-Regular/digit/0/0010.png,0,font,IndieFlower-Regular
generated/images/IndieFlower-Regular/digit/1/0001.png,1,font,IndieFlower-Regular
generated/images/IndieFlower-Regular/digit/1/0002.png,1,font,IndieFlower-Regular
generated/images/IndieFlower-Regular/digit/1/0003.png,1,font,IndieFlower-Regular
generated/images/IndieFlower-Regular/digit/1/0004.png,1,font,IndieFlower-Regular
generated/images/IndieFlower-Regular/digit/1/0005.png,1,font,IndieFlower-Regular
generated/images/IndieFlower-Regular/digit/1/0006.png,1,font,IndieFlower-Regular
generated/images/IndieFlower-Regular/digit/1/0007.png,1,font,IndieFlower-Regular
generated/images/IndieFlower-Regular/digit/1/0008.png,1,font,IndieFlower-Regular
generated/images/IndieFlower-Regular/digit/1/0009.png,1,font,IndieFlower-Regular
generated/images/IndieFlower-Regular/digit/1/0010.png,1,font,IndieFlower-Regular
generated/images/IndieFlower-Regular/digit/2/0001.png,2,font,IndieFlower-Regular
generated/images/IndieFlower-Regular/digit/2/0002.png,2,font,IndieFlower-Regular
generated/images/IndieFlower-Regular/digit/2/0003.png,2,font,IndieFlower-Regular
generated/images/IndieFlower-Regular/digit/2/0004.png,2,font,IndieFlower-Regular
generated/images/IndieFlower-Regular/digit/2/0005.png,2,font,IndieFlower-Regular
generated/images/IndieFlower-Regular/digit/2/0006.png,2,font,IndieFlower-Regular
generated/images/IndieFlower-Regular/digit/2/0007.png,2,font,IndieFlower-Regular
generated/images/IndieFlower-Regular/digit/2/0008.png,2,font,IndieFlower-Regular
generated/images/IndieFlower-Regular/digit/2/0009.png,2,font,IndieFlower-Regular
generated/images/IndieFlower-Regular/digit/2/0010.png,2,font,IndieFlower-Regular
generated/images/IndieFlower-Regular/digit/3/0001.png,3,font,IndieFlower-Regular
generated/images/IndieFlower-Regular/digit/3/0002.png,3,font,IndieFlower-Regular
generated/images/IndieFlower-Regular/digit/3/0003.png,3,font,IndieFlower-Regular
generated/images/IndieFlower-Regular/digit/3/0004.png,3,font,IndieFlower-Regular
generated/images/IndieFlower-Regular/digit/3/0005.png,3,font,IndieFlower-Regular
generated/images/IndieFlower-Regular/digit/3/0006.png,3,font,IndieFlower-Regular
generated/images/IndieFlower-Regular/digit/3/0007.png,3,font,IndieFlower-Regular
generated/images/IndieFlower-Regular/digit/3/0008.png,3,font,IndieFlower-Regular
generated/images/IndieFlower-Regular/digit/3/0009.png,3,font,IndieFlower-Regular
generated/images/IndieFlower-Regular/digit/3/0010.png,3,font,IndieFlower-Regular
generated/images/IndieFlower-Regular/digit/4/0001.png,4,font,IndieFlower-Regular
generated/images/IndieFlower-Regular/digit/4/0002.png,4,font,IndieFlower-Regular
generated/images/IndieFlower-Regular/digit/4/0003.png,4,font,IndieFlower-Regular
generated/images/IndieFlower-Regular/digit/4/0004.png,4,font,IndieFlower-Regular
generated/images/IndieFlower-Regular/digit/4/0005.png,4,font,IndieFlower-Regular
generated/images/IndieFlower-Regular/digit/4/0006.png,4,font,IndieFlower-Regular
generated/images/IndieFlower-Regular/digit/4/0007.png,4,font,IndieFlower-Regular
generated/images/IndieFlower-Regular/digit/4/0008.png,4,font,IndieFlower-Regular
generated/images/IndieFlower-Regular/digit/4/0009.png,4,font,IndieFlower-Regular
generated/images/IndieFlower-Regular/digit/4/0010.png,4,font,IndieFlower-Regular
generated/images/IndieFlower-Regular/digit/5/0001.png,5,font,IndieFlower-Regular
generated/images/IndieFlower-Regular/digit/5/0002.png,5,font,IndieFlower-Regular
generated/images/IndieFlower-Regular/digit/5/0003.png,5,font,IndieFlower-Regular
generated/images/IndieFlower-Regular/digit/5/0004.png,5,font,IndieFlower-Regular
generated/images/IndieFlower-Regular/digit/5/0005.png,5,font,IndieFlower-Regular
generated/images/IndieFlower-Regular/digit/5/0006.png,5,font,IndieFlower-Regular
generated/images/IndieFlower-Regular/digit/5/0007.png,5,font,IndieFlower-Regular
generated/images/IndieFlower-Regular/digit/5/0008.png,5,font,IndieFlower-Regular
generated/images/IndieFlower-Regular/digit/5/0009.png,5,font,IndieFlower-Regular
generated/images/IndieFlower-Regular/digit/5/0010.png,5,font,IndieFlower-Regular
generated/images/IndieFlower-Regular/digit/6/0001.png,6,font,IndieFlower-Regular
generated/images/IndieFlower-Regular/digit/6/0002.png,6,font,IndieFlower-Regular
generated/images/IndieFlower-Regular/digit/6/0003.png,6,font,IndieFlower-Regular
generated/images/IndieFlower-Regular/digit/6/0004.png,6,font,IndieFlower-Regular
generated/images/IndieFlower-Regular/digit/6/0005.png,6,font,IndieFlower-Regular
generated/images/IndieFlower-Regular/digit/6/0006.png,6,font,IndieFlower-Regular
generated/images/IndieFlower-Regular/digit/6/0007.png,6,font,IndieFlower-Regular
generated/images/IndieFlower-Regular/digit/6/0008.png,6,font,IndieFlower-Regular
generated/images/IndieFlower-Regular/digit/6/0009.png,6,font,IndieFlower-Regular
generated/images/IndieFlower-Regular/digit/6/0010.png,6,font,IndieFlower-Regular
generated/images/IndieFlower-Regular/digit/7/0001.png,7,font,IndieFlower-Regular
generated/images/IndieFlower-Regular/digit/7/0002.png,7,font,IndieFlower-Regular
generated/images/IndieFlower-Regular/digit/7/0003.png,7,font,IndieFlower-Regular
generated/images/IndieFlower-Regular/digit/7/0004.png,7,font,IndieFlower-Regular
generated/images/IndieFlower-Regular/digit/7/0005.png,7,font,IndieFlower-Regular
generated/images/IndieFlower-Regular/digit/7/0006.png,7,font,IndieFlower-Regular
generated/images/IndieFlower-Regular/digit/7/0007.png,7,font,IndieFlower-Regular
generated/images/IndieFlower-Regular/digit/7/0008.png,7,font,IndieFlower-Regular
generated/images/IndieFlower-Regular/digit/7/0009.png,7,font,IndieFlower-Regular
generated/images/IndieFlower-Regular/digit/7/0010.png,7,font,IndieFlower-Regular
generated/images/IndieFlower-Regular/digit/8/0001.png,8,font,IndieFlower-Regular
generated/images/IndieFlower-Regular/digit/8/0002.png,8,font,IndieFlower-Regular
generated/images/IndieFlower-Regular/digit/8/0003.png,8,font,IndieFlower-Regular
generated/images/IndieFlower-Regular/digit/8/0004.png,8,font,IndieFlower-Regular
generated/images/IndieFlower-Regular/digit/8/0005.png,8,font,IndieFlower-Regular
generated/images/IndieFlower-Regular/digit/8/0006.png,8,font,IndieFlower-Regular
generated/images/IndieFlower-Regular/digit/8/0007.png,8,font,IndieFlower-Regular
generated/images/IndieFlower-Regular/digit/8/0008.png,8,font,IndieFlower-Regular
generated/images/IndieFlower-Regular/digit/8/0009.png,8,font,IndieFlower-Regular
generated/images/IndieFlower-Regular/digit/8/0010.png,8,font,IndieFlower-Regular
generated/images/IndieFlower-Regular/digit/9/0001.png,9,font,IndieFlower-Regular
generated/images/IndieFlower-Regular/digit/9/0002.png,9,font,IndieFlower-Regular
generated/images/IndieFlower-Regular/digit/9/0003.png,9,font,IndieFlower-Regular
generated/images/IndieFlower-Regular/digit/9/0004.png,9,font,IndieFlower-Regular
generated/images/IndieFlower-Regular/digit/9/0005.png,9,font,IndieFlower-Regular
generated/images/IndieFlower-Regular/digit/9/0006.png,9,font,IndieFlower-Regular
generated/images/IndieFlower-Regular/digit/9/0007.png,9,font,IndieFlower-Regular
generated/images/IndieFlower-Regular/digit/9/0008.png,9,font,IndieFlower-Regular
generated/images/IndieFlower-Regular/digit/9/0009.png,9,font,IndieFlower-Regular
generated/images/IndieFlower-Regular/digit/9/0010.png,9,font,IndieFlower-Regular
generated/images/IndieFlower-Regular/upper/A/0001.png,A,font,IndieFlower-Regular
generated/images/IndieFlower-Regular/upper/A/0002.png,A,font,IndieFlower-Regular
generated/images/IndieFlower-Regular/upper/A/0003.png,A,font,IndieFlower-Regular
generated/images/IndieFlower-Regular/upper/A/0004.png,A,font,IndieFlower-Regular
generated/images/IndieFlower-Regular/upper/A/0005.png,A,font,IndieFlower-Regular
generated/images/IndieFlower-Regular/upper/A/0006.png,A,font,IndieFlower-Regular
generated/images/IndieFlower-Regular/upper/A/0007.png,A,font,IndieFlower-Regular
generated/images/IndieFlower-Regular/upper/A/0008.png,A,font,IndieFlower-Regular
generated/images/IndieFlower-Regular/upper/A/0009.png,A,font,IndieFlower-Regular
generated/images/IndieFlower-Regular/upper/A/0010.png,A,font,IndieFlower-Regular
generated/images/IndieFlower-Regular/upper/B/0001.png,B,font,IndieFlower-Regular
generated/images/IndieFlower-Regular/upper/B/0002.png,B,font,IndieFlower-Regular
generated/images/IndieFlower-Regular/upper/B/0003.png,B,font,IndieFlower-Regular
generated/images/IndieFlower-Regular/upper/B/0004.png,B,font,IndieFlower-Regular
generated/images/IndieFlower-Regular/upper/B/0005.png,B,font,IndieFlower-Regular
generated/images/IndieFlower-Regular/upper/B/0006.png,B,font,IndieFlower-Regular
generated/images/IndieFlower-Regular/upper/B/0007.png,B,font,IndieFlower-Regular
generated/images/IndieFlower-Regular/upper/B/0008.png,B,font,IndieFlower-Regular
generated/images/IndieFlower-Regular/upper/B/0009.png,B,font,IndieFlower-Regular
generated/images/IndieFlower-Regular/upper/B/0010.png,B,font,IndieFlower-Regular
generated/images/IndieFlower-Regular/upper/C/0001.png,C,font,IndieFlower-Regular
generated/images/IndieFlower-Regular/upper/C/0002.png,C,font,IndieFlower-Regular
generated/images/IndieFlower-Regular/upper/C/0003.png,C,font,IndieFlower-Regular
generated/images/IndieFlower-Regular/upper/C/0004.png,C,font,IndieFlower-Regular
generated/images/IndieFlower-Regular/upper/C/0005.png,C,font,IndieFlower-Regular
generated/images/IndieFlower-Regular/upper/C/0006.png,C,font,IndieFlower-Regular
generated/images/IndieFlower-Regular/upper/C/0007.png,C,font,IndieFlower-Regular
generated/images/IndieFlower-Regular/upper/C/0008.png,C,font,IndieFlower-Regular
generated/images/IndieFlower-Regular/upper/C/0009.png,C,font,IndieFlower-Regular
generated/images/IndieFlower-Regular/upper/C/0010.png,C,font,IndieFlower-Regular
generated/images/IndieFlower-Regular/upper/D/0001.png,D,font,IndieFlower-Regular
generated/images/IndieFlower-Regular/upper/D/0002.png,D,font,IndieFlower-Regular
generated/images/IndieFlower-Regular/upper/D/0003.png,D,font,IndieFlower-Regular
generated/images/IndieFlower-Regular/upper/D/0004.png,D,font,IndieFlower-Regular
generated/images/IndieFlower-Regular/upper/D/0005.png,D,font,IndieFlower-Regular
generated/images/IndieFlower-Regular/upper/D/0006.png,D,font,IndieFlower-Regular
generated/images/IndieFlower-Regular/upper/D/0007.png,D,font,IndieFlower-Regular
generated/images/IndieFlower-Regular/upper/D/0008.png,D,font,IndieFlower-Regular
generated/images/IndieFlower-Regular/upper/D/0009.png,D,font,IndieFlower-Regular
generated/images/IndieFlower-Regular/upper/D/0010.png,D,font,IndieFlower-Regular
generated/images/IndieFlower-Regular/upper/E/0001.png,E,font,IndieFlower-Regular
generated/images/IndieFlower-Regular/upper/E/0002.png,E,font,IndieFlower-Regular
generated/images/IndieFlower-Regular/upper/E/0003.png,E,font,IndieFlower-Regular
generated/images/IndieFlower-Regular/upper/E/0004.png,E,font,IndieFlower-Regular
generated/images/IndieFlower-Regular/upper/E/0005.png,E,font,IndieFlower-Regular
generated/images/IndieFlower-Regular/upper/E/0006.png,E,font,IndieFlower-Regular
generated/images/IndieFlower-Regular/upper/E/0007.png,E,font,IndieFlower-Regular
generated/images/IndieFlower-Regular/upper/E/0008.png,E,font,IndieFlower-Regular
generated/images/IndieFlower-Regular/upper/E/0009.png,E,font,IndieFlower-Regular
generated/images/IndieFlower-Regular/upper/E/0010.png,E,font,IndieFlower-Regular
generated/images/IndieFlower-Regular/upper/F/0001.png,F,font,IndieFlower-Regular
generated/images/IndieFlower-Regular/upper/F/0002.png,F,font,IndieFlower-Regular
generated/images/IndieFlower-Regular/upper/F/0003.png,F,font,IndieFlower-Regular
generated/images/IndieFlower-Regular/upper/F/0004.png,F,font,IndieFlower-Regular
generated/images/IndieFlower-Regular/upper/F/0005.png,F,font,IndieFlower-Regular
generated/images/IndieFlower-Regular/upper/F/0006.png,F,font,IndieFlower-Regular
generated/images/IndieFlower-Regular/upper/F/0007.png,F,font,IndieFlower-Regular
generated/images/IndieFlower-Regular/upper/F/0008.png,F,font,IndieFlower-Regular
generated/images/IndieFlower-Regular/upper/F/0009.png,F,font,IndieFlower-Regular
generated/images/IndieFlower-Regular/upper/F/0010.png,F,font,IndieFlower-Regular
generated/images/IndieFlower-Regular/upper/G/0001.png,G,font,IndieFlower-Regular
generated/images/IndieFlower-Regular/upper/G/0002.png,G,font,IndieFlower-Regular
generated/images/IndieFlower-Regular/upper/G/0003.png,G,font,IndieFlower-Regular
generated/images/IndieFlower-Regular/upper/G/0004.png,G,font,IndieFlower-Regular
generated/images/IndieFlower-Regular/upper/G/0005.png,G,font,IndieFlower-Regular
generated/images/IndieFlower-Regular/upper/G/0006.png,G,font,IndieFlower-Regular
generated/images/IndieFlower-Regular/upper/G/0007.png,G,font,IndieFlower-Regular
generated/images/IndieFlower-Regular/upper/G/0008.png,G,font,IndieFlower-Regular
generated/images/IndieFlower-Regular/upper/G/0009.png,G,font,IndieFlower-Regular
generated/images/IndieFlower-Regular/upper/G/0010.png,G,font,IndieFlower-Regular
generated/images/IndieFlower-Regular/upper/H/0001.png,H,font,IndieFlower-Regular
generated/images/IndieFlower-Regular/upper/H/0002.png,H,font,IndieFlower-Regular
generated/images/IndieFlower-Regular/upper/H/0003.png,H,font,IndieFlower-Regular
generated/images/IndieFlower-Regular/upper/H/0004.png,H,font,IndieFlower-Regular
generated/images/IndieFlower-Regular/upper/H/0005.png,H,font,IndieFlower-Regular
generated/images/IndieFlower-Regular/upper/H/0006.png,H,font,IndieFlower-Regular
generated/images/IndieFlower-Regular/upper/H/0007.png,H,font,IndieFlower-Regular
generated/images/IndieFlower-Regular/upper/H/0008.png,H,font,IndieFlower-Regular
generated/images/IndieFlower-Regular/upper/H/0009.png,H,font,IndieFlower-Regular
generated/images/IndieFlower-Regular/upper/H/0010.png,H,font,IndieFlower-Regular
generated/images/IndieFlower-Regular/upper/I/0001.png,I,font,IndieFlower-Regular
generated/images/IndieFlower-Regular/upper/I/0002.png,I,font,IndieFlower-Regular
generated/images/IndieFlower-Regular/upper/I/0003.png,I,font,IndieFlower-Regular
generated/images/IndieFlower-Regular/upper/I/0004.png,I,font,IndieFlower-Regular
generated/images/IndieFlower-Regular/upper/I/0005.png,I,font,IndieFlower-Regular
generated/images/IndieFlower-Regular/upper/I/0006.png,I,font,IndieFlower-Regular
generated/images/IndieFlower-Regular/upper/I/0007.png,I,font,IndieFlower-Regular
generated/images/IndieFlower-Regular/upper/I/0008.png,I,font,IndieFlower-Regular
generated/images/IndieFlower-Regular/upper/I/0009.png,I,font,IndieFlower-Regular
generated/images/IndieFlower-Regular/upper/I/0010.png,I,font,IndieFlower-Regular
generated/images/IndieFlower-Regular/upper/J/0001.png,J,font,IndieFlower-Regular
generated/images/IndieFlower-Regular/upper/J/0002.png,J,font,IndieFlower-Regular
generated/images/IndieFlower-Regular/upper/J/0003.png,J,font,IndieFlower-Regular
generated/images/IndieFlower-Regular/upper/J/0004.png,J,font,IndieFlower-Regular
generated/images/IndieFlower-Regular/upper/J/0005.png,J,font,IndieFlower-Regular
generated/images/IndieFlower-Regular/upper/J/0006.png,J,font,IndieFlower-Regular
generated/images/IndieFlower-Regular/upper/J/0007.png,J,font,IndieFlower-Regular
generated/images/IndieFlower-Regular/upper/J/0008.png,J,font,IndieFlower-Regular
generated/images/IndieFlower-Regular/upper/J/0009.png,J,font,IndieFlower-Regular
generated/images/IndieFlower-Regular/upper/J/0010.png,J,font,IndieFlower-Regular
generated/images/IndieFlower-Regular/upper/K/0001.png,K,font,IndieFlower-Regular
generated/images/IndieFlower-Regular/upper/K/0002.png,K,font,IndieFlower-Regular
generated/images/IndieFlower-Regular/upper/K/0003.png,K,font,IndieFlower-Regular
generated/images/IndieFlower-Regular/upper/K/0004.png,K,font,IndieFlower-Regular
generated/images/IndieFlower-Regular/upper/K/0005.png,K,font,IndieFlower-Regular
generated/images/IndieFlower-Regular/upper/K/0006.png,K,font,IndieFlower-Regular
generated/images/IndieFlower-Regular/upper/K/0007.png,K,font,IndieFlower-Regular
generated/images/IndieFlower-Regular/upper/K/0008.png,K,font,IndieFlower-Regular
generated/images/IndieFlower-Regular/upper/K/0009.png,K,font,IndieFlower-Regular
generated/images/IndieFlower-Regular/upper/K/0010.png,K,font,IndieFlower-Regular
generated/images/IndieFlower-Regular/upper/L/0001.png,L,font,IndieFlower-Regular
generated/images/IndieFlower-Regular/upper/L/0002.png,L,font,IndieFlower-Regular
generated/images/IndieFlower-Regular/upper/L/0003.png,L,font,IndieFlower-Regular
generated/images/IndieFlower-Regular/upper/L/0004.png,L,font,IndieFlower-Regular
generated/images/IndieFlower-Regular/upper/L/0005.png,L,font,IndieFlower-Regular
generated/images/IndieFlower-Regular/upper/L/0006.png,L,font,IndieFlower-Regular
generated/images/IndieFlower-Regular/upper/L/0007.png,L,font,IndieFlower-Regular
generated/images/IndieFlower-Regular/upper/L/0008.png,L,font,IndieFlower-Regular
generated/images/IndieFlower-Regular/upper/L/0009.png,L,font,IndieFlower-Regular
generated/images/IndieFlower-Regular/upper/L/0010.png,L,font,IndieFlower-Regular
generated/images/IndieFlower-Regular/upper/M/0001.png,M,font,IndieFlower-Regular
generated/images/IndieFlower-Regular/upper/M/0002.png,M,font,IndieFlower-Regular
generated/images/IndieFlower-Regular/upper/M/0003.png,M,font,IndieFlower-Regular
generated/images/IndieFlower-Regular/upper/M/0004.png,M,font,IndieFlower-Regular
generated/images/IndieFlower-Regular/upper/M/0005.png,M,font,IndieFlower-Regular
generated/images/IndieFlower-Regular/upper/M/0006.png,M,font,IndieFlower-Regular
generated/images/IndieFlower-Regular/upper/M/0007.png,M,font,IndieFlower-Regular
generated/images/IndieFlower-Regular/upper/M/0008.png,M,font,IndieFlower-Regular
generated/images/IndieFlower-Regular/upper/M/0009.png,M,font,IndieFlower-Regular
generated/images/IndieFlower-Regular/upper/M/0010.png,M,font,IndieFlower-Regular
generated/images/IndieFlower-Regular/upper/N/0001.png,N,font,IndieFlower-Regular
generated/images/IndieFlower-Regular/upper/N/0002.png,N,font,IndieFlower-Regular
generated/images/IndieFlower-Regular/upper/N/0003.png,N,font,IndieFlower-Regular
generated/images/IndieFlower-Regular/upper/N/0004.png,N,font,IndieFlower-Regular
generated/images/IndieFlower-Regular/upper/N/0005.png,N,font,IndieFlower-Regular
generated/images/IndieFlower-Regular/upper/N/0006.png,N,font,IndieFlower-Regular
generated/images/IndieFlower-Regular/upper/N/0007.png,N,font,IndieFlower-Regular
generated/images/IndieFlower-Regular/upper/N/0008.png,N,font,IndieFlower-Regular
generated/images/IndieFlower-Regular/upper/N/0009.png,N,font,IndieFlower-Regular
generated/images/IndieFlower-Regular/upper/N/0010.png,N,font,IndieFlower-Regular
generated/images/IndieFlower-Regular/upper/O/0001.png,O,font,IndieFlower-Regular
generated/images/IndieFlower-Regular/upper/O/0002.png,O,font,IndieFlower-Regular
generated/images/IndieFlower-Regular/upper/O/0003.png,O,font,IndieFlower-Regular
generated/images/IndieFlower-Regular/upper/O/0004.png,O,font,IndieFlower-Regular
generated/images/IndieFlower-Regular/upper/O/0005.png,O,font,IndieFlower-Regular
generated/images/IndieFlower-Regular/upper/O/0006.png,O,font,IndieFlower-Regular
generated/images/IndieFlower-Regular/upper/O/0007.png,O,font,IndieFlower-Regular
generated/images/IndieFlower-Regular/upper/O/0008.png,O,font,IndieFlower-Regular
generated/images/IndieFlower-Regular/upper/O/0009.png,O,font,IndieFlower-Regular
generated/images/IndieFlower-Regular/upper/O/0010.png,O,font,IndieFlower-Regular
generated/images/IndieFlower-Regular/upper/P/0001.png,P,font,IndieFlower-Regular
generated/images/IndieFlower-Regular/upper/P/0002.png,P,font,IndieFlower-Regular
generated/images/IndieFlower-Regular/upper/P/0003.png,P,font,IndieFlower-Regular
generated/images/IndieFlower-Regular/upper/P/0004.png,P,font,IndieFlower-Regular
generated/images/IndieFlower-Regular/upper/P/0005.png,P,font,IndieFlower-Regular
generated/images/IndieFlower-Regular/upper/P/0006.png,P,font,IndieFlower-Regular
generated/images/IndieFlower-Regular/upper/P/0007.png,P,font,IndieFlower-Regular
generated/images/IndieFlower-Regular/upper/P/0008.png,P,font,IndieFlower-Regular
generated/images/IndieFlower-Regular/upper/P/0009.png,P,font,IndieFlower-Regular
generated/images/IndieFlower-Regular/upper/P/0010.png,P,font,IndieFlower-Regular
generated/images/IndieFlower-Regular/upper/Q/0001.png,Q,font,IndieFlower-Regular
generated/images/IndieFlower-Regular/upper/Q/0002.png,Q,font,IndieFlower-Regular
generated/images/IndieFlower-Regular/upper/Q/0003.png,Q,font,IndieFlower-Regular
generated/images/IndieFlower-Regular/upper/Q/0004.png,Q,font,IndieFlower-Regular
generated/images/IndieFlower-Regular/upper/Q/0005.png,Q,font,IndieFlower-Regular
generated/images/IndieFlower-Regular/upper/Q/0006.png,Q,font,IndieFlower-Regular
generated/images/IndieFlower-Regular/upper/Q/0007.png,Q,font,IndieFlower-Regular
generated/images/IndieFlower-Regular/upper/Q/0008.png,Q,font,IndieFlower-Regular
generated/images/IndieFlower-Regular/upper/Q/0009.png,Q,font,IndieFlower-Regular
generated/images/IndieFlower-Regular/upper/Q/0010.png,Q,font,IndieFlower-Regular
generated/images/IndieFlower-Regular/upper/R/0001.png,R,font,IndieFlower-Regular
generated/images/IndieFlower-Regular/upper/R/0002.png,R,font,IndieFlower-Regular
generated/images/IndieFlower-Regular/upper/R/0003.png,R,font,IndieFlower-Regular
generated/images/IndieFlower-Regular/upper/R/0004.png,R,font,IndieFlower-Regular
generated/images/IndieFlower-Regular/upper/R/0005.png,R,font,IndieFlower-Regular
generated/images/IndieFlower-Regular/upper/R/0006.png,R,font,IndieFlower-Regular
generated/images/IndieFlower-Regular/upper/R/0007.png,R,font,IndieFlower-Regular
generated/images/IndieFlower-Regular/upper/R/0008.png,R,font,IndieFlower-Regular
generated/images/IndieFlower-Regular/upper/R/0009.png,R,font,IndieFlower-Regular
generated/images/IndieFlower-Regular/upper/R/0010.png,R,font,IndieFlower-Regular
generated/images/IndieFlower-Regular/upper/S/0001.png,S,font,IndieFlower-Regular
generated/images/IndieFlower-Regular/upper/S/0002.png,S,font,IndieFlower-Regular
generated/images/IndieFlower-Regular/upper/S/0003.png,S,font,IndieFlower-Regular
generated/images/IndieFlower-Regular/upper/S/0004.png,S,font,IndieFlower-Regular
generated/images/IndieFlower-Regular/upper/S/0005.png,S,font,IndieFlower-Regular
generated/images/IndieFlower-Regular/upper/S/0006.png,S,font,IndieFlower-Regular
generated/images/IndieFlower-Regular/upper/S/0007.png,S,font,IndieFlower-Regular
generated/images/IndieFlower-Regular/upper/S/0008.png,S,font,IndieFlower-Regular
generated/images/IndieFlower-Regular/upper/S/0009.png,S,font,IndieFlower-Regular
generated/images/IndieFlower-Regular/upper/S/0010.png,S,font,IndieFlower-Regular
generated/images/IndieFlower-Regular/upper/T/0001.png,T,font,IndieFlower-Regular
generated/images/IndieFlower-Regular/upper/T/0002.png,T,font,IndieFlower-Regular
generated/images/IndieFlower-Regular/upper/T/0003.png,T,font,IndieFlower-Regular
generated/images/IndieFlower-Regular/upper/T/0004.png,T,font,IndieFlower-Regular
generated/images/IndieFlower-Regular/upper/T/0005.png,T,font,IndieFlower-Regular
generated/images/IndieFlower-Regular/upper/T/0006.png,T,font,IndieFlower-Regular
generated/images/IndieFlower-Regular/upper/T/0007.png,T,font,IndieFlower-Regular
generated/images/IndieFlower-Regular/upper/T/0008.png,T,font,IndieFlower-Regular
generated/images/IndieFlower-Regular/upper/T/0009.png,T,font,IndieFlower-Regular
generated/images/IndieFlower-Regular/upper/T/0010.png,T,font,IndieFlower-Regular
generated/images/IndieFlower-Regular/upper/U/0001.png,U,font,IndieFlower-Regular
generated/images/IndieFlower-Regular/upper/U/0002.png,U,font,IndieFlower-Regular
generated/images/IndieFlower-Regular/upper/U/0003.png,U,font,IndieFlower-Regular
generated/images/IndieFlower-Regular/upper/U/0004.png,U,font,IndieFlower-Regular
generated/images/IndieFlower-Regular/upper/U/0005.png,U,font,IndieFlower-Regular
generated/images/IndieFlower-Regular/upper/U/0006.png,U,font,IndieFlower-Regular
generated/images/IndieFlower-Regular/upper/U/0007.png,U,font,IndieFlower-Regular
generated/images/IndieFlower-Regular/upper/U/0008.png,U,font,IndieFlower-Regular
generated/images/IndieFlower-Regular/upper/U/0009.png,U,font,IndieFlower-Regular
generated/images/IndieFlower-Regular/upper/U/0010.png,U,font,IndieFlower-Regular
generated/images/IndieFlower-Regular/upper/V/0001.png,V,font,IndieFlower-Regular
generated/images/IndieFlower-Regular/upper/V/0002.png,V,font,IndieFlower-Regular
generated/images/IndieFlower-Regular/upper/V/0003.png,V,font,IndieFlower-Regular
generated/images/IndieFlower-Regular/upper/V/0004.png,V,font,IndieFlower-Regular
generated/images/IndieFlower-Regular/upper/V/0005.png,V,font,IndieFlower-Regular
generated/images/IndieFlower-Regular/upper/V/0006.png,V,font,IndieFlower-Regular
generated/images/IndieFlower-Regular/upper/V/0007.png,V,font,IndieFlower-Regular
generated/images/IndieFlower-Regular/upper/V/0008.png,V,font,IndieFlower-Regular
generated/images/IndieFlower-Regular/upper/V/0009.png,V,font,IndieFlower-Regular
generated/images/IndieFlower-Regular/upper/V/0010.png,V,font,IndieFlower-Regular
generated/images/IndieFlower-Regular/upper/W/0001.png,W,font,IndieFlower-Regular
generated/images/IndieFlower-Regular/upper/W/0002.png,W,font,IndieFlower-Regular
generated/images/IndieFlower-Regular/upper/W/0003.png,W,font,IndieFlower-Regular
generated/images/IndieFlower-Regular/upper/W/0004.png,W,font,IndieFlower-Regular
generated/images/IndieFlower-Regular/upper/W/0005.png,W,font,IndieFlower-Regular
generated/images/IndieFlower-Regular/upper/W/0006.png,W,font,IndieFlower-Regular
generated/images/IndieFlower-Regular/upper/W/0007.png,W,font,IndieFlower-Regular
generated/images/IndieFlower-Regular/upper/W/0008.png,W,font,IndieFlower-Regular
generated/images/IndieFlower-Regular/upper/W/0009.png,W,font,IndieFlower-Regular
generated/images/IndieFlower-Regular/upper/W/0010.png,W,font,IndieFlower-Regular
generated/images/IndieFlower-Regular/upper/X/0001.png,X,font,IndieFlower-Regular
generated/images/IndieFlower-Regular/upper/X/0002.png,X,font,IndieFlower-Regular
generated/images/IndieFlower-Regular/upper/X/0003.png,X,font,IndieFlower-Regular
generated/images/IndieFlower-Regular/upper/X/0004.png,X,font,IndieFlower-Regular
generated/images/IndieFlower-Regular/upper/X/0005.png,X,font,IndieFlower-Regular
generated/images/IndieFlower-Regular/upper/X/0006.png,X,font,IndieFlower-Regular
generated/images/IndieFlower-Regular/upper/X/0007.png,X,font,IndieFlower-Regular
generated/images/IndieFlower-Regular/upper/X/0008.png,X,font,IndieFlower-Regular
generated/images/IndieFlower-Regular/upper/X/0009.png,X,font,IndieFlower-Regular
generated/images/IndieFlower-Regular/upper/X/0010.png,X,font,IndieFlower-Regular
generated/images/IndieFlower-Regular/upper/Y/0001.png,Y,font,IndieFlower-Regular
generated/images/IndieFlower-Regular/upper/Y/0002.png,Y,font,IndieFlower-Regular
generated/images/IndieFlower-Regular/upper/Y/0003.png,Y,font,IndieFlower-Regular
generated/images/IndieFlower-Regular/upper/Y/0004.png,Y,font,IndieFlower-Regular
generated/images/IndieFlower-Regular/upper/Y/0005.png,Y,font,IndieFlower-Regular
generated/images/IndieFlower-Regular/upper/Y/0006.png,Y,font,IndieFlower-Regular
generated/images/IndieFlower-Regular/upper/Y/0007.png,Y,font,IndieFlower-Regular
generated/images/IndieFlower-Regular/upper/Y/0008.png,Y,font,IndieFlower-Regular
generated/images/IndieFlower-Regular/upper/Y/0009.png,Y,font,IndieFlower-Regular
generated/images/IndieFlower-Regular/upper/Y/0010.png,Y,font,IndieFlower-Regular
generated/images/IndieFlower-Regular/upper/Z/0001.png,Z,font,IndieFlower-Regular
generated/images/IndieFlower-Regular/upper/Z/0002.png,Z,font,IndieFlower-Regular
generated/images/IndieFlower-Regular/upper/Z/0003.png,Z,font,IndieFlower-Regular
generated/images/IndieFlower-Regular/upper/Z/0004.png,Z,font,IndieFlower-Regular
generated/images/IndieFlower-Regular/upper/Z/0005.png,Z,font,IndieFlower-Regular
generated/images/IndieFlower-Regular/upper/Z/0006.png,Z,font,IndieFlower-Regular
generated/images/IndieFlower-Regular/upper/Z/0007.png,Z,font,IndieFlower-Regular
generated/images/IndieFlower-Regular/upper/Z/0008.png,Z,font,IndieFlower-Regular
generated/images/IndieFlower-Regular/upper/Z/0009.png,Z,font,IndieFlower-Regular
generated/images/IndieFlower-Regular/upper/Z/0010.png,Z,font,IndieFlower-Regular
generated/images/IndieFlower-Regular/lower/a/0001.png,a,font,IndieFlower-Regular
generated/images/IndieFlower-Regular/lower/a/0002.png,a,font,IndieFlower-Regular
generated/images/IndieFlower-Regular/lower/a/0003.png,a,font,IndieFlower-Regular
generated/images/IndieFlower-Regular/lower/a/0004.png,a,font,IndieFlower-Regular
generated/images/IndieFlower-Regular/lower/a/0005.png,a,font,IndieFlower-Regular
generated/images/IndieFlower-Regular/lower/a/0006.png,a,font,IndieFlower-Regular
generated/images/IndieFlower-Regular/lower/a/0007.png,a,font,IndieFlower-Regular
generated/images/IndieFlower-Regular/lower/a/0008.png,a,font,IndieFlower-Regular
generated/images/IndieFlower-Regular/lower/a/0009.png,a,font,IndieFlower-Regular
generated/images/IndieFlower-Regular/lower/a/0010.png,a,font,IndieFlower-Regular
generated/images/IndieFlower-Regular/lower/b/0001.png,b,font,IndieFlower-Regular
generated/images/IndieFlower-Regular/lower/b/0002.png,b,font,IndieFlower-Regular
generated/images/IndieFlower-Regular/lower/b/0003.png,b,font,IndieFlower-Regular
generated/images/IndieFlower-Regular/lower/b/0004.png,b,font,IndieFlower-Regular
generated/images/IndieFlower-Regular/lower/b/0005.png,b,font,IndieFlower-Regular
generated/images/IndieFlower-Regular/lower/b/0006.png,b,font,IndieFlower-Regular
generated/images/IndieFlower-Regular/lower/b/0007.png,b,font,IndieFlower-Regular
generated/images/IndieFlower-Regular/lower/b/0008.png,b,font,IndieFlower-Regular
generated/images/IndieFlower-Regular/lower/b/0009.png,b,font,IndieFlower-Regular
generated/images/IndieFlower-Regular/lower/b/0010.png,b,font,IndieFlower-Regular
generated/images/IndieFlower-Regular/lower/c/0001.png,c,font,IndieFlower-Regular
generated/images/IndieFlower-Regular/lower/c/0002.png,c,font,IndieFlower-Regular
generated/images/IndieFlower-Regular/lower/c/0003.png,c,font,IndieFlower-Regular
generated/images/IndieFlower-Regular/lower/c/0004.png,c,font,IndieFlower-Regular
generated/images/IndieFlower-Regular/lower/c/0005.png,c,font,IndieFlower-Regular
generated/images/IndieFlower-Regular/lower/c/0006.png,c,font,IndieFlower-Regular
generated/images/IndieFlower-Regular/lower/c/0007.png,c,font,IndieFlower-Regular
generated/images/IndieFlower-Regular/lower/c/0008.png,c,font,IndieFlower-Regular
generated/images/IndieFlower-Regular/lower/c/0009.png,c,font,IndieFlower-Regular
generated/images/IndieFlower-Regular/lower/c/0010.png,c,font,IndieFlower-Regular
generated/images/IndieFlower-Regular/lower/d/0001.png,d,font,IndieFlower-Regular
generated/images/IndieFlower-Regular/lower/d/0002.png,d,font,IndieFlower-Regular
generated/images/IndieFlower-Regular/lower/d/0003.png,d,font,IndieFlower-Regular
generated/images/IndieFlower-Regular/lower/d/0004.png,d,font,IndieFlower-Regular
generated/images/IndieFlower-Regular/lower/d/0005.png,d,font,IndieFlower-Regular
generated/images/IndieFlower-Regular/lower/d/0006.png,d,font,IndieFlower-Regular
generated/images/IndieFlower-Regular/lower/d/0007.png,d,font,IndieFlower-Regular
generated/images/IndieFlower-Regular/lower/d/0008.png,d,font,IndieFlower-Regular
generated/images/IndieFlower-Regular/lower/d/0009.png,d,font,IndieFlower-Regular
generated/images/IndieFlower-Regular/lower/d/0010.png,d,font,IndieFlower-Regular
generated/images/IndieFlower-Regular/lower/e/0001.png,e,font,IndieFlower-Regular
generated/images/IndieFlower-Regular/lower/e/0002.png,e,font,IndieFlower-Regular
generated/images/IndieFlower-Regular/lower/e/0003.png,e,font,IndieFlower-Regular
generated/images/IndieFlower-Regular/lower/e/0004.png,e,font,IndieFlower-Regular
generated/images/IndieFlower-Regular/lower/e/0005.png,e,font,IndieFlower-Regular
generated/images/IndieFlower-Regular/lower/e/0006.png,e,font,IndieFlower-Regular
generated/images/IndieFlower-Regular/lower/e/0007.png,e,font,IndieFlower-Regular
generated/images/IndieFlower-Regular/lower/e/0008.png,e,font,IndieFlower-Regular
generated/images/IndieFlower-Regular/lower/e/0009.png,e,font,IndieFlower-Regular
generated/images/IndieFlower-Regular/lower/e/0010.png,e,font,IndieFlower-Regular
generated/images/IndieFlower-Regular/lower/f/0001.png,f,font,IndieFlower-Regular
generated/images/IndieFlower-Regular/lower/f/0002.png,f,font,IndieFlower-Regular
generated/images/IndieFlower-Regular/lower/f/0003.png,f,font,IndieFlower-Regular
generated/images/IndieFlower-Regular/lower/f/0004.png,f,font,IndieFlower-Regular
generated/images/IndieFlower-Regular/lower/f/0005.png,f,font,IndieFlower-Regular
generated/images/IndieFlower-Regular/lower/f/0006.png,f,font,IndieFlower-Regular
generated/images/IndieFlower-Regular/lower/f/0007.png,f,font,IndieFlower-Regular
generated/images/IndieFlower-Regular/lower/f/0008.png,f,font,IndieFlower-Regular
generated/images/IndieFlower-Regular/lower/f/0009.png,f,font,IndieFlower-Regular
generated/images/IndieFlower-Regular/lower/f/0010.png,f,font,IndieFlower-Regular
generated/images/IndieFlower-Regular/lower/g/0001.png,g,font,IndieFlower-Regular
generated/images/IndieFlower-Regular/lower/g/0002.png,g,font,IndieFlower-Regular
generated/images/IndieFlower-Regular/lower/g/0003.png,g,font,IndieFlower-Regular
generated/images/IndieFlower-Regular/lower/g/0004.png,g,font,IndieFlower-Regular
generated/images/IndieFlower-Regular/lower/g/0005.png,g,font,IndieFlower-Regular
generated/images/IndieFlower-Regular/lower/g/0006.png,g,font,IndieFlower-Regular
generated/images/IndieFlower-Regular/lower/g/0007.png,g,font,IndieFlower-Regular
generated/images/IndieFlower-Regular/lower/g/0008.png,g,font,IndieFlower-Regular
generated/images/IndieFlower-Regular/lower/g/0009.png,g,font,IndieFlower-Regular
generated/images/IndieFlower-Regular/lower/g/0010.png,g,font,IndieFlower-Regular
generated/images/IndieFlower-Regular/lower/h/0001.png,h,font,IndieFlower-Regular
generated/images/IndieFlower-Regular/lower/h/0002.png,h,font,IndieFlower-Regular
generated/images/IndieFlower-Regular/lower/h/0003.png,h,font,IndieFlower-Regular
generated/images/IndieFlower-Regular/lower/h/0004.png,h,font,IndieFlower-Regular
generated/images/IndieFlower-Regular/lower/h/0005.png,h,font,IndieFlower-Regular
generated/images/IndieFlower-Regular/lower/h/0006.png,h,font,IndieFlower-Regular
generated/images/IndieFlower-Regular/lower/h/0007.png,h,font,IndieFlower-Regular
generated/images/IndieFlower-Regular/lower/h/0008.png,h,font,IndieFlower-Regular
generated/images/IndieFlower-Regular/lower/h/0009.png,h,font,IndieFlower-Regular
generated/images/IndieFlower-Regular/lower/h/0010.png,h,font,IndieFlower-Regular
generated/images/IndieFlower-Regular/lower/i/0001.png,i,font,IndieFlower-Regular
generated/images/IndieFlower-Regular/lower/i/0002.png,i,font,IndieFlower-Regular
generated/images/IndieFlower-Regular/lower/i/0003.png,i,font,IndieFlower-Regular
generated/images/IndieFlower-Regular/lower/i/0004.png,i,font,IndieFlower-Regular
generated/images/IndieFlower-Regular/lower/i/0005.png,i,font,IndieFlower-Regular
generated/images/IndieFlower-Regular/lower/i/0006.png,i,font,IndieFlower-Regular
generated/images/IndieFlower-Regular/lower/i/0007.png,i,font,IndieFlower-Regular
generated/images/IndieFlower-Regular/lower/i/0008.png,i,font,IndieFlower-Regular
generated/images/IndieFlower-Regular/lower/i/0009.png,i,font,IndieFlower-Regular
generated/images/IndieFlower-Regular/lower/i/0010.png,i,font,IndieFlower-Regular
generated/images/IndieFlower-Regular/lower/j/0001.png,j,font,IndieFlower-Regular
generated/images/IndieFlower-Regular/lower/j/0002.png,j,font,IndieFlower-Regular
generated/images/IndieFlower-Regular/lower/j/0003.png,j,font,IndieFlower-Regular
generated/images/IndieFlower-Regular/lower/j/0004.png,j,font,IndieFlower-Regular
generated/images/IndieFlower-Regular/lower/j/0005.png,j,font,IndieFlower-Regular
generated/images/IndieFlower-Regular/lower/j/0006.png,j,font,IndieFlower-Regular
generated/images/IndieFlower-Regular/lower/j/0007.png,j,font,IndieFlower-Regular
generated/images/IndieFlower-Regular/lower/j/0008.png,j,font,IndieFlower-Regular
generated/images/IndieFlower-Regular/lower/j/0009.png,j,font,IndieFlower-Regular
generated/images/IndieFlower-Regular/lower/j/0010.png,j,font,IndieFlower-Regular
generated/images/IndieFlower-Regular/lower/k/0001.png,k,font,IndieFlower-Regular
generated/images/IndieFlower-Regular/lower/k/0002.png,k,font,IndieFlower-Regular
generated/images/IndieFlower-Regular/lower/k/0003.png,k,font,IndieFlower-Regular
generated/images/IndieFlower-Regular/lower/k/0004.png,k,font,IndieFlower-Regular
generated/images/IndieFlower-Regular/lower/k/0005.png,k,font,IndieFlower-Regular
generated/images/IndieFlower-Regular/lower/k/0006.png,k,font,IndieFlower-Regular
generated/images/IndieFlower-Regular/lower/k/0007.png,k,font,IndieFlower-Regular
generated/images/IndieFlower-Regular/lower/k/0008.png,k,font,IndieFlower-Regular
generated/images/IndieFlower-Regular/lower/k/0009.png,k,font,IndieFlower-Regular
generated/images/IndieFlower-Regular/lower/k/0010.png,k,font,IndieFlower-Regular
generated/images/IndieFlower-Regular/lower/l/0001.png,l,font,IndieFlower-Regular
generated/images/IndieFlower-Regular/lower/l/0002.png,l,font,IndieFlower-Regular
generated/images/IndieFlower-Regular/lower/l/0003.png,l,font,IndieFlower-Regular
generated/images/IndieFlower-Regular/lower/l/0004.png,l,font,IndieFlower-Regular
generated/images/IndieFlower-Regular/lower/l/0005.png,l,font,IndieFlower-Regular
generated/images/IndieFlower-Regular/lower/l/0006.png,l,font,IndieFlower-Regular
generated/images/IndieFlower-Regular/lower/l/0007.png,l,font,IndieFlower-Regular
generated/images/IndieFlower-Regular/lower/l/0008.png,l,font,IndieFlower-Regular
generated/images/IndieFlower-Regular/lower/l/0009.png,l,font,IndieFlower-Regular
generated/images/IndieFlower-Regular/lower/l/0010.png,l,font,IndieFlower-Regular
generated/images/IndieFlower-Regular/lower/m/0001.png,m,font,IndieFlower-Regular
generated/images/IndieFlower-Regular/lower/m/0002.png,m,font,IndieFlower-Regular
generated/images/IndieFlower-Regular/lower/m/0003.png,m,font,IndieFlower-Regular
generated/images/IndieFlower-Regular/lower/m/0004.png,m,font,IndieFlower-Regular
generated/images/IndieFlower-Regular/lower/m/0005.png,m,font,IndieFlower-Regular
generated/images/IndieFlower-Regular/lower/m/0006.png,m,font,IndieFlower-Regular
generated/images/IndieFlower-Regular/lower/m/0007.png,m,font,IndieFlower-Regular
generated/images/IndieFlower-Regular/lower/m/0008.png,m,font,IndieFlower-Regular
generated/images/IndieFlower-Regular/lower/m/0009.png,m,font,IndieFlower-Regular
generated/images/IndieFlower-Regular/lower/m/0010.png,m,font,IndieFlower-Regular
generated/images/IndieFlower-Regular/lower/n/0001.png,n,font,IndieFlower-Regular
generated/images/IndieFlower-Regular/lower/n/0002.png,n,font,IndieFlower-Regular
generated/images/IndieFlower-Regular/lower/n/0003.png,n,font,IndieFlower-Regular
generated/images/IndieFlower-Regular/lower/n/0004.png,n,font,IndieFlower-Regular
generated/images/IndieFlower-Regular/lower/n/0005.png,n,font,IndieFlower-Regular
generated/images/IndieFlower-Regular/lower/n/0006.png,n,font,IndieFlower-Regular
generated/images/IndieFlower-Regular/lower/n/0007.png,n,font,IndieFlower-Regular
generated/images/IndieFlower-Regular/lower/n/0008.png,n,font,IndieFlower-Regular
generated/images/IndieFlower-Regular/lower/n/0009.png,n,font,IndieFlower-Regular
generated/images/IndieFlower-Regular/lower/n/0010.png,n,font,IndieFlower-Regular
generated/images/IndieFlower-Regular/lower/o/0001.png,o,font,IndieFlower-Regular
generated/images/IndieFlower-Regular/lower/o/0002.png,o,font,IndieFlower-Regular
generated/images/IndieFlower-Regular/lower/o/0003.png,o,font,IndieFlower-Regular
generated/images/IndieFlower-Regular/lower/o/0004.png,o,font,IndieFlower-Regular
generated/images/IndieFlower-Regular/lower/o/0005.png,o,font,IndieFlower-Regular
generated/images/IndieFlower-Regular/lower/o/0006.png,o,font,IndieFlower-Regular
generated/images/IndieFlower-Regular/lower/o/0007.png,o,font,IndieFlower-Regular
generated/images/IndieFlower-Regular/lower/o/0008.png,o,font,IndieFlower-Regular
generated/images/IndieFlower-Regular/lower/o/0009.png,o,font,IndieFlower-Regular
generated/images/IndieFlower-Regular/lower/o/0010.png,o,font,IndieFlower-Regular
generated/images/IndieFlower-Regular/lower/p/0001.png,p,font,IndieFlower-Regular
generated/images/IndieFlower-Regular/lower/p/0002.png,p,font,IndieFlower-Regular
generated/images/IndieFlower-Regular/lower/p/0003.png,p,font,IndieFlower-Regular
generated/images/IndieFlower-Regular/lower/p/0004.png,p,font,IndieFlower-Regular
generated/images/IndieFlower-Regular/lower/p/0005.png,p,font,IndieFlower-Regular
generated/images/IndieFlower-Regular/lower/p/0006.png,p,font,IndieFlower-Regular
generated/images/IndieFlower-Regular/lower/p/0007.png,p,font,IndieFlower-Regular
generated/images/IndieFlower-Regular/lower/p/0008.png,p,font,IndieFlower-Regular
generated/images/IndieFlower-Regular/lower/p/0009.png,p,font,IndieFlower-Regular
generated/images/IndieFlower-Regular/lower/p/0010.png,p,font,IndieFlower-Regular
generated/images/IndieFlower-Regular/lower/q/0001.png,q,font,IndieFlower-Regular
generated/images/IndieFlower-Regular/lower/q/0002.png,q,font,IndieFlower-Regular
generated/images/IndieFlower-Regular/lower/q/0003.png,q,font,IndieFlower-Regular
generated/images/IndieFlower-Regular/lower/q/0004.png,q,font,IndieFlower-Regular
generated/images/IndieFlower-Regular/lower/q/0005.png,q,font,IndieFlower-Regular
generated/images/IndieFlower-Regular/lower/q/0006.png,q,font,IndieFlower-Regular
generated/images/IndieFlower-Regular/lower/q/0007.png,q,font,IndieFlower-Regular
generated/images/IndieFlower-Regular/lower/q/0008.png,q,font,IndieFlower-Regular
generated/images/IndieFlower-Regular/lower/q/0009.png,q,font,IndieFlower-Regular
generated/images/IndieFlower-Regular/lower/q/0010.png,q,font,IndieFlower-Regular
generated/images/IndieFlower-Regular/lower/r/0001.png,r,font,IndieFlower-Regular
generated/images/IndieFlower-Regular/lower/r/0002.png,r,font,IndieFlower-Regular
generated/images/IndieFlower-Regular/lower/r/0003.png,r,font,IndieFlower-Regular
generated/images/IndieFlower-Regular/lower/r/0004.png,r,font,IndieFlower-Regular
generated/images/IndieFlower-Regular/lower/r/0005.png,r,font,IndieFlower-Regular
generated/images/IndieFlower-Regular/lower/r/0006.png,r,font,IndieFlower-Regular
generated/images/IndieFlower-Regular/lower/r/0007.png,r,font,IndieFlower-Regular
generated/images/IndieFlower-Regular/lower/r/0008.png,r,font,IndieFlower-Regular
generated/images/IndieFlower-Regular/lower/r/0009.png,r,font,IndieFlower-Regular
generated/images/IndieFlower-Regular/lower/r/0010.png,r,font,IndieFlower-Regular
generated/images/IndieFlower-Regular/lower/s/0001.png,s,font,IndieFlower-Regular
generated/images/IndieFlower-Regular/lower/s/0002.png,s,font,IndieFlower-Regular
generated/images/IndieFlower-Regular/lower/s/0003.png,s,font,IndieFlower-Regular
generated/images/IndieFlower-Regular/lower/s/0004.png,s,font,IndieFlower-Regular
generated/images/IndieFlower-Regular/lower/s/0005.png,s,font,IndieFlower-Regular
generated/images/IndieFlower-Regular/lower/s/0006.png,s,font,IndieFlower-Regular
generated/images/IndieFlower-Regular/lower/s/0007.png,s,font,IndieFlower-Regular
generated/images/IndieFlower-Regular/lower/s/0008.png,s,font,IndieFlower-Regular
generated/images/IndieFlower-Regular/lower/s/0009.png,s,font,IndieFlower-Regular
generated/images/IndieFlower-Regular/lower/s/0010.png,s,font,IndieFlower-Regular
generated/images/IndieFlower-Regular/lower/t/0001.png,t,font,IndieFlower-Regular
generated/images/IndieFlower-Regular/lower/t/0002.png,t,font,IndieFlower-Regular
generated/images/IndieFlower-Regular/lower/t/0003.png,t,font,IndieFlower-Regular
generated/images/IndieFlower-Regular/lower/t/0004.png,t,font,IndieFlower-Regular
generated/images/IndieFlower-Regular/lower/t/0005.png,t,font,IndieFlower-Regular
generated/images/IndieFlower-Regular/lower/t/0006.png,t,font,IndieFlower-Regular
generated/images/IndieFlower-Regular/lower/t/0007.png,t,font,IndieFlower-Regular
generated/images/IndieFlower-Regular/lower/t/0008.png,t,font,IndieFlower-Regular
generated/images/IndieFlower-Regular/lower/t/0009.png,t,font,IndieFlower-Regular
generated/images/IndieFlower-Regular/lower/t/0010.png,t,font,IndieFlower-Regular
generated/images/IndieFlower-Regular/lower/u/0001.png,u,font,IndieFlower-Regular
generated/images/IndieFlower-Regular/lower/u/0002.png,u,font,IndieFlower-Regular
generated/images/IndieFlower-Regular/lower/u/0003.png,u,font,IndieFlower-Regular
generated/images/IndieFlower-Regular/lower/u/0004.png,u,font,IndieFlower-Regular
generated/images/IndieFlower-Regular/lower/u/0005.png,u,font,IndieFlower-Regular
generated/images/IndieFlower-Regular/lower/u/0006.png,u,font,IndieFlower-Regular
generated/images/IndieFlower-Regular/lower/u/0007.png,u,font,IndieFlower-Regular
generated/images/IndieFlower-Regular/lower/u/0008.png,u,font,IndieFlower-Regular
generated/images/IndieFlower-Regular/lower/u/0009.png,u,font,IndieFlower-Regular
generated/images/IndieFlower-Regular/lower/u/0010.png,u,font,IndieFlower-Regular
generated/images/IndieFlower-Regular/lower/v/0001.png,v,font,IndieFlower-Regular
generated/images/IndieFlower-Regular/lower/v/0002.png,v,font,IndieFlower-Regular
generated/images/IndieFlower-Regular/lower/v/0003.png,v,font,IndieFlower-Regular
generated/images/IndieFlower-Regular/lower/v/0004.png,v,font,IndieFlower-Regular
generated/images/IndieFlower-Regular/lower/v/0005.png,v,font,IndieFlower-Regular
generated/images/IndieFlower-Regular/lower/v/0006.png,v,font,IndieFlower-Regular
generated/images/IndieFlower-Regular/lower/v/0007.png,v,font,IndieFlower-Regular
generated/images/IndieFlower-Regular/lower/v/0008.png,v,font,IndieFlower-Regular
generated/images/IndieFlower-Regular/lower/v/0009.png,v,font,IndieFlower-Regular
generated/images/IndieFlower-Regular/lower/v/0010.png,v,font,IndieFlower-Regular
generated/images/IndieFlower-Regular/lower/w/0001.png,w,font,IndieFlower-Regular
generated/images/IndieFlower-Regular/lower/w/0002.png,w,font,IndieFlower-Regular
generated/images/IndieFlower-Regular/lower/w/0003.png,w,font,IndieFlower-Regular
generated/images/IndieFlower-Regular/lower/w/0004.png,w,font,IndieFlower-Regular
generated/images/IndieFlower-Regular/lower/w/0005.png,w,font,IndieFlower-Regular
generated/images/IndieFlower-Regular/lower/w/0006.png,w,font,IndieFlower-Regular
generated/images/IndieFlower-Regular/lower/w/0007.png,w,font,IndieFlower-Regular
generated/images/IndieFlower-Regular/lower/w/0008.png,w,font,IndieFlower-Regular
generated/images/IndieFlower-Regular/lower/w/0009.png,w,font,IndieFlower-Regular
generated/images/IndieFlower-Regular/lower/w/0010.png,w,font,IndieFlower-Regular
generated/images/IndieFlower-Regular/lower/x/0001.png,x,font,IndieFlower-Regular
generated/images/IndieFlower-Regular/lower/x/0002.png,x,font,IndieFlower-Regular
generated/images/IndieFlower-Regular/lower/x/0003.png,x,font,IndieFlower-Regular
generated/images/IndieFlower-Regular/lower/x/0004.png,x,font,IndieFlower-Regular
generated/images/IndieFlower-Regular/lower/x/0005.png,x,font,IndieFlower-Regular
generated/images/IndieFlower-Regular/lower/x/0006.png,x,font,IndieFlower-Regular
generated/images/IndieFlower-Regular/lower/x/0007.png,x,font,IndieFlower-Regular
generated/images/IndieFlower-Regular/lower/x/0008.png,x,font,IndieFlower-Regular
generated/images/IndieFlower-Regular/lower/x/0009.png,x,font,IndieFlower-Regular
generated/images/IndieFlower-Regular/lower/x/0010.png,x,font,IndieFlower-Regular
generated/images/IndieFlower-Regular/lower/y/0001.png,y,font,IndieFlower-Regular
generated/images/IndieFlower-Regular/lower/y/0002.png,y,font,IndieFlower-Regular
generated/images/IndieFlower-Regular/lower/y/0003.png,y,font,IndieFlower-Regular
generated/images/IndieFlower-Regular/lower/y/0004.png,y,font,IndieFlower-Regular
generated/images/IndieFlower-Regular/lower/y/0005.png,y,font,IndieFlower-Regular
generated/images/IndieFlower-Regular/lower/y/0006.png,y,font,IndieFlower-Regular
generated/images/IndieFlower-Regular/lower/y/0007.png,y,font,IndieFlower-Regular
generated/images/IndieFlower-Regular/lower/y/0008.png,y,font,IndieFlower-Regular
generated/images/IndieFlower-Regular/lower/y/0009.png,y,font,IndieFlower-Regular
generated/images/IndieFlower-Regular/lower/y/0010.png,y,font,IndieFlower-Regular
generated/images/IndieFlower-Regular/lower/z/0001.png,z,font,IndieFlower-Regular
generated/images/IndieFlower-Regular/lower/z/0002.png,z,font,IndieFlower-Regular
generated/images/IndieFlower-Regular/lower/z/0003.png,z,font,IndieFlower-Regular
generated/images/IndieFlower-Regular/lower/z/0004.png,z,font,IndieFlower-Regular
generated/images/IndieFlower-Regular/lower/z/0005.png,z,font,IndieFlower-Regular
generated/images/IndieFlower-Regular/lower/z/0006.png,z,font,IndieFlower-Regular
generated/images/IndieFlower-Regular/lower/z/0007.png,z,font,IndieFlower-Regular
generated/images/IndieFlower-Regular/lower/z/0008.png,z,font,IndieFlower-Regular
generated/images/IndieFlower-Regular/lower/z/0009.png,z,font,IndieFlower-Regular
generated/images/IndieFlower-Regular/lower/z/0010.png,z,font,IndieFlower-Regular
